transaction_id,customer_id,billing_date,store_id,region,item_id,item_name,category,quantity,unit_price,discount,total_amount
T0102,C119,01-03-2024,S004,North,I045,Laptop,,1,10906,1000,9906
T0435,C125,2024-01-01,S004,South,I045,Table,,-2,41330,500,-83160
T0860,C054,01-03-2024,S002,West,I016,TV,,-1,38088,,-38088
T0270,C026,2024/01/02,S001,West,I065,Phone,electronics,-2,35992,1000,-72984
T0106,C117,2024-01-01,S002,West,I004,TV,Furniture,0,29612,1000,-1000
T0071,C052,2024-01-01,S002,North,I053,Phone,electronics,-1,41054,0,-41054
T0700,C038,2024/01/02,S003,West,I015,Chair,,-2,5199,0,-10398
T0020,C064,2024-02-05,S001,East,I080,Phone,,3,30411,0,91233
T0614,C144,2024-02-05,S003,South,I090,TV,Electronics,2,8652,,17304
T0121,C157,2024/01/02,S001,West,I006,Table,Electronics,0,11727,1000,-1000
T0466,C180,2024/01/02,S001,West,I007,TV,,-1,25409,500,-25909
T0214,C012,01-03-2024,S001,East,I071,TV,electronics,-1,45856,,-45856
T0330,C020,2024-01-01,S003,West,I086,Chair,electronics,2,1450,500,2400
T0458,C146,01-03-2024,S003,North,I095,Laptop,,2,12376,500,24252
T0087,C052,2024/01/02,S003,North,I081,TV,Furniture,4,11839,0,47356
T0372,C018,01-03-2024,S004,North,I037,Chair,electronics,-2,21402,500,-43304
T0099,C056,2024/01/02,S003,West,I053,Table,,-2,38598,500,-77696
T0871,C024,01-03-2024,S004,South,I075,Chair,Electronics,-2,12484,,-24968
T0663,C030,01-03-2024,S004,South,I014,Chair,,4,33194,0,132776
T0130,C080,2024-02-05,S004,West,I091,Phone,electronics,1,2220,500,1720
T0661,C182,2024/01/02,S002,South,I049,Laptop,,0,1093,500,-500
T0308,C022,01-03-2024,S002,South,I055,Laptop,Furniture,-1,21859,500,-22359
T0769,C031,2024-01-01,S002,West,I094,Table,Furniture,0,18250,1000,-1000
T0343,C189,01-03-2024,S004,North,I008,Chair,electronics,2,45488,1000,89976
T0491,C073,01-03-2024,S004,West,I007,Table,,3,25856,0,77568
T0413,C009,2024-01-01,S001,North,I018,Table,Furniture,0,48646,,0
T0805,C199,2024/01/02,S004,North,I050,Laptop,Furniture,0,35649,0,0
T0385,C053,2024-02-05,S002,South,I071,Laptop,Electronics,-2,39887,1000,-80774
T0191,C051,2024-02-05,S004,South,I097,Laptop,electronics,2,35773,0,71546
T0955,C147,2024-02-05,S004,North,I056,TV,Electronics,0,8390,,0
T0276,C159,2024-01-01,S001,North,I067,Chair,Electronics,-1,48128,0,-48128
T0160,C113,01-03-2024,S004,South,I030,Table,Furniture,-2,16727,500,-33954
T0459,C013,2024/01/02,S003,East,I002,Chair,,4,8038,,32152
T0313,C177,01-03-2024,S001,North,I098,Table,Electronics,0,38362,,0
T0021,C155,2024-02-05,S004,North,I082,Table,electronics,2,2809,,5618
T0252,C109,01-03-2024,S004,North,I042,Table,electronics,3,27729,0,83187
T0747,C052,2024-01-01,S001,South,I028,Table,,-1,45522,0,-45522
T0856,C151,2024-01-01,S004,West,I009,Phone,electronics,3,49237,500,147211
T0560,C078,2024/01/02,S002,North,I011,Phone,Electronics,2,44286,,88572
T0474,C021,2024/01/02,S003,North,I045,TV,,2,24185,500,47870
T0058,C029,2024-02-05,S003,North,I029,Laptop,electronics,2,46637,,93274
T0510,C190,2024/01/02,S002,West,I093,Table,electronics,3,40663,1000,120989
T0681,C003,01-03-2024,S004,West,I081,Chair,Electronics,1,30932,0,30932
T0475,C058,2024-01-01,S004,North,I087,Phone,Electronics,-1,23572,500,-24072
T0699,C007,2024-01-01,S003,North,I031,Laptop,Electronics,2,48950,0,97900
T0975,C011,2024-01-01,S004,East,I072,TV,Electronics,1,20862,0,20862
T0782,C118,2024/01/02,S003,West,I046,Laptop,,-2,9607,1000,-20214
T0189,C158,2024-01-01,S003,East,I087,Table,,1,9678,1000,8678
T0957,C033,2024-01-01,S002,North,I062,Laptop,,-2,6811,,-13622
T0686,C081,2024-01-01,S003,North,I025,Table,Furniture,3,16079,1000,47237
T0957,C097,2024-02-05,S004,North,I002,Phone,Electronics,4,15149,,60596
T0562,C126,2024-02-05,S004,North,I022,Phone,Electronics,4,25097,1000,99388
T0875,C074,2024/01/02,S001,South,I074,Table,,1,40930,1000,39930
T0566,C104,2024-01-01,S004,South,I073,Chair,electronics,3,15933,500,47299
T0243,C048,2024/01/02,S001,South,I049,Phone,electronics,2,20285,1000,39570
T0831,C078,2024-01-01,S003,East,I035,Chair,Electronics,1,21846,500,21346
T0504,C184,2024-01-01,S004,West,I012,Table,Electronics,1,21957,1000,20957
T0130,C092,2024-01-01,S002,North,I028,Table,,2,9703,500,18906
T0484,C153,2024/01/02,S002,West,I037,Phone,Electronics,-2,11541,0,-23082
T0818,C017,2024/01/02,S002,South,I076,Chair,electronics,2,4670,,9340
T0646,C095,2024-01-01,S003,North,I089,Table,electronics,-1,32416,1000,-33416
T0020,C037,01-03-2024,S003,North,I083,Phone,Electronics,4,18567,500,73768
T0840,C086,2024/01/02,S001,East,I004,Table,,4,12945,1000,50780
T0166,C087,2024-02-05,S002,West,I019,Laptop,,1,44738,500,44238
T0273,C049,2024/01/02,S001,East,I077,Laptop,electronics,-1,42410,500,-42910
T0387,C007,2024-01-01,S001,South,I013,Phone,,2,27043,1000,53086
T0600,C168,01-03-2024,S004,West,I007,Table,electronics,4,4933,,19732
T0315,C133,2024-01-01,S004,South,I047,Phone,Electronics,3,39669,500,118507
T0013,C068,2024-02-05,S002,East,I012,TV,electronics,2,3440,0,6880
T0241,C171,2024/01/02,S003,East,I023,Phone,Electronics,0,43632,1000,-1000
T0776,C120,2024/01/02,S004,North,I078,Phone,,-1,12412,0,-12412
T0345,C063,2024-01-01,S003,West,I064,Laptop,Furniture,4,36712,500,146348
T0564,C156,2024-01-01,S001,West,I085,Laptop,Furniture,0,739,500,-500
T0897,C155,2024-02-05,S001,North,I033,Table,Furniture,-1,44288,1000,-45288
T0339,C138,01-03-2024,S001,West,I050,Phone,electronics,3,15311,,45933
T0091,C120,2024-02-05,S001,South,I002,Phone,Furniture,0,13596,0,0
T0366,C064,01-03-2024,S002,South,I089,Table,electronics,0,28945,,0
T0955,C106,2024/01/02,S001,East,I077,Chair,,-1,41019,0,-41019
T0454,C146,01-03-2024,S004,South,I057,Table,Electronics,2,30189,,60378
T0427,C136,01-03-2024,S001,West,I071,Laptop,Furniture,-2,41245,1000,-83490
T0508,C154,2024/01/02,S003,North,I054,Laptop,electronics,2,38268,0,76536
T0775,C161,2024/01/02,S004,East,I079,Phone,,-2,29772,1000,-60544
T0942,C171,2024/01/02,S003,North,I041,Laptop,,-1,16045,,-16045
T0034,C195,2024-02-05,S003,East,I020,Table,Furniture,1,17802,,17802
T0205,C099,2024/01/02,S002,East,I009,Phone,,2,8819,,17638
T0080,C081,2024-01-01,S002,North,I056,Table,,0,36127,1000,-1000
T0931,C142,2024/01/02,S003,South,I024,Table,,2,36351,500,72202
T0561,C050,2024/01/02,S003,South,I055,Phone,electronics,-1,19503,500,-20003
T0871,C140,2024/01/02,S001,South,I037,Chair,,1,26909,0,26909
T0387,C082,01-03-2024,S004,South,I085,Laptop,,1,42627,1000,41627
T0001,C176,2024-02-05,S001,North,I060,TV,,2,25250,1000,49500
T0389,C197,2024/01/02,S002,West,I046,TV,,2,10326,1000,19652
T0565,C111,2024-02-05,S002,East,I053,TV,,3,47040,,141120
T0105,C055,2024-01-01,S001,North,I045,Laptop,electronics,2,37272,1000,73544
T0771,C178,2024-01-01,S004,South,I067,Chair,,-1,42272,500,-42772
T0821,C164,2024/01/02,S003,South,I003,Table,,-2,38805,0,-77610
T0476,C144,2024-01-01,S001,North,I093,Phone,Electronics,3,34302,500,102406
T0702,C185,2024-02-05,S002,East,I065,Chair,,-2,8829,1000,-18658
T0401,C156,01-03-2024,S004,North,I092,TV,,0,24038,0,0
T0729,C160,2024/01/02,S002,North,I042,Laptop,electronics,4,37821,0,151284
T0555,C059,2024-01-01,S004,West,I061,Laptop,,-1,9866,1000,-10866
T0161,C119,2024-02-05,S004,North,I099,Phone,electronics,3,8484,1000,24452
T0201,C182,2024-02-05,S004,West,I084,Table,Furniture,1,25862,500,25362
T0957,C137,2024-01-01,S001,East,I084,Chair,,3,28824,500,85972
T0995,C174,2024-02-05,S001,North,I084,Chair,Electronics,0,25150,,0
T0269,C022,2024-02-05,S001,North,I003,Chair,electronics,1,20753,,20753
T0862,C148,2024/01/02,S004,South,I064,Table,Furniture,3,13607,,40821
T0815,C012,2024-02-05,S004,North,I061,Table,Electronics,1,7478,1000,6478
T0270,C100,2024-01-01,S002,South,I089,Table,electronics,2,42873,1000,84746
T0455,C160,2024/01/02,S003,South,I001,Phone,Furniture,1,45855,,45855
T0461,C023,2024-01-01,S001,South,I008,Laptop,Electronics,3,35305,,105915
T0726,C107,01-03-2024,S004,East,I056,TV,,1,11671,500,11171
T0251,C010,2024-01-01,S002,West,I044,Table,Electronics,-1,37420,,-37420
T0701,C016,2024-01-01,S002,South,I017,Laptop,Electronics,2,48953,,97906
T0295,C195,2024/01/02,S002,North,I047,Table,Electronics,2,30290,0,60580
T0724,C174,2024-02-05,S001,North,I041,TV,electronics,0,23680,,0
T0719,C024,2024-01-01,S001,South,I040,Table,,2,36622,0,73244
T0748,C093,2024/01/02,S003,South,I074,Laptop,,-2,6365,,-12730
T0337,C020,01-03-2024,S002,North,I088,Phone,electronics,-1,44589,0,-44589
T0878,C083,2024/01/02,S001,South,I089,TV,Electronics,0,49410,,0
T0052,C139,2024/01/02,S002,West,I057,Laptop,,-2,6841,500,-14182
T0791,C036,2024-02-05,S004,West,I099,Chair,Electronics,1,1937,1000,937
T0921,C041,2024-01-01,S002,East,I041,Chair,,4,17509,0,70036
T0216,C144,01-03-2024,S003,South,I034,Chair,electronics,-2,17142,1000,-35284
T0763,C100,2024/01/02,S001,East,I037,Phone,Furniture,0,17161,500,-500
T0187,C047,2024-01-01,S004,East,I066,Table,Electronics,2,29086,,58172
T0379,C102,2024-01-01,S001,East,I040,Table,,-1,20305,,-20305
T0492,C027,2024/01/02,S004,South,I098,Table,,4,35243,500,140472
T0040,C040,2024-01-01,S002,East,I049,Phone,,0,49527,1000,-1000
T0156,C098,2024/01/02,S002,West,I085,Chair,electronics,-2,6959,1000,-14918
T0014,C046,2024/01/02,S003,East,I071,Table,electronics,4,45607,1000,181428
T0812,C145,2024/01/02,S003,West,I078,Phone,Furniture,-2,34456,1000,-69912
T0064,C104,01-03-2024,S004,West,I044,Phone,electronics,0,21065,0,0
T0856,C123,2024/01/02,S003,South,I070,Laptop,Electronics,4,12954,1000,50816
T0838,C198,2024-02-05,S003,East,I018,Table,electronics,3,33113,0,99339
T0520,C012,2024-01-01,S003,South,I016,Chair,,3,31754,500,94762
T0343,C140,01-03-2024,S003,West,I064,TV,Electronics,0,41948,,0
T0128,C099,2024-01-01,S002,North,I092,Phone,electronics,3,43271,0,129813
T0647,C030,01-03-2024,S003,East,I076,Laptop,Electronics,0,23154,1000,-1000
T0471,C129,2024-02-05,S002,South,I055,TV,Electronics,2,8292,,16584
T0062,C015,01-03-2024,S002,North,I092,Phone,electronics,4,2284,0,9136
T0138,C136,01-03-2024,S001,East,I040,Laptop,Electronics,0,45306,,0
T0498,C072,01-03-2024,S002,East,I041,Table,,1,36119,500,35619
T0592,C165,2024-01-01,S002,South,I005,Laptop,,-1,16381,1000,-17381
T0391,C053,2024/01/02,S003,North,I068,Phone,electronics,-1,5963,500,-6463
T0674,C183,2024-01-01,S002,South,I097,Table,electronics,1,9802,,9802
T0418,C099,2024/01/02,S004,East,I074,Chair,,-2,36639,500,-73778
T0288,C108,2024-01-01,S003,East,I072,Laptop,electronics,-2,13636,1000,-28272
T0378,C086,2024-02-05,S003,West,I039,TV,,-2,42188,0,-84376
T0772,C172,2024-02-05,S003,East,I040,Table,Electronics,4,16177,500,64208
T0489,C161,01-03-2024,S001,East,I008,Table,electronics,-2,25373,1000,-51746
T0230,C136,2024-02-05,S003,North,I007,Chair,Furniture,2,31152,,62304
T0040,C007,01-03-2024,S002,North,I043,Laptop,,1,2519,500,2019
T0027,C006,2024/01/02,S004,West,I057,TV,,-1,13618,0,-13618
T0134,C035,2024-02-05,S003,West,I066,Chair,Electronics,1,7496,500,6996
T0200,C017,2024/01/02,S003,West,I012,Laptop,Furniture,-1,19112,,-19112
T0839,C002,2024-01-01,S004,South,I018,TV,Furniture,-2,40177,,-80354
T0779,C027,2024/01/02,S003,South,I097,TV,Furniture,2,12081,,24162
T0929,C069,2024-01-01,S001,West,I095,Phone,,0,33553,500,-500
T0032,C171,2024/01/02,S002,South,I048,TV,,0,2856,500,-500
T0047,C148,2024/01/02,S004,East,I079,Laptop,Furniture,3,5123,500,14869
T0502,C027,2024-02-05,S004,West,I099,Chair,electronics,-2,26518,0,-53036
T0406,C053,2024/01/02,S001,West,I081,Chair,Furniture,-2,21319,1000,-43638
T0573,C181,2024-02-05,S002,South,I077,Phone,Electronics,1,45426,500,44926
T0727,C064,2024-02-05,S001,North,I029,Laptop,Furniture,2,18456,0,36912
T0804,C099,01-03-2024,S002,West,I065,TV,Furniture,2,17194,,34388
T0098,C020,01-03-2024,S001,South,I076,Phone,Furniture,1,37953,500,37453
T0683,C012,2024-01-01,S003,South,I090,Table,electronics,2,5746,500,10992
T0871,C056,2024/01/02,S001,North,I058,Laptop,Furniture,4,47025,500,187600
T0725,C048,2024-01-01,S004,West,I052,Phone,Furniture,4,44027,0,176108
T0986,C117,2024/01/02,S004,North,I051,Chair,,2,12091,500,23682
T0546,C053,01-03-2024,S004,East,I080,Phone,Furniture,4,19078,500,75812
T0960,C137,01-03-2024,S001,North,I030,Table,Electronics,0,17576,1000,-1000
T0738,C052,2024/01/02,S004,North,I014,Laptop,,2,35823,0,71646
T0612,C043,2024/01/02,S004,South,I019,Phone,electronics,4,24887,1000,98548
T0942,C046,01-03-2024,S003,North,I004,TV,,-2,26257,1000,-53514
T0461,C052,01-03-2024,S003,East,I006,Laptop,electronics,0,48609,1000,-1000
T0642,C073,2024-01-01,S002,South,I017,Phone,electronics,-2,49192,1000,-99384
T0768,C045,01-03-2024,S002,East,I055,Phone,Electronics,-2,44891,,-89782
T0004,C012,2024/01/02,S002,North,I074,Laptop,Furniture,4,9735,500,38440
T0217,C164,2024-01-01,S001,East,I095,Chair,Electronics,4,15032,1000,59128
T0502,C101,2024/01/02,S002,East,I090,TV,,1,37011,0,37011
T0766,C023,2024-02-05,S001,North,I089,Laptop,electronics,3,40512,500,121036
T0397,C001,2024-01-01,S001,North,I044,TV,,2,35865,1000,70730
T0870,C080,2024/01/02,S002,South,I027,TV,electronics,2,38076,1000,75152
T0794,C099,01-03-2024,S002,South,I049,Laptop,,2,10046,0,20092
T0392,C141,2024-02-05,S001,West,I001,Phone,electronics,2,19463,,38926
T0206,C137,2024/01/02,S003,South,I083,Chair,Electronics,4,14487,0,57948
T0014,C162,2024-01-01,S004,North,I067,TV,electronics,0,3705,,0
T0857,C152,2024/01/02,S004,East,I076,TV,Furniture,-1,49673,,-49673
T0553,C130,2024-02-05,S004,East,I023,Phone,Electronics,-2,49862,,-99724
T0891,C110,2024-01-01,S003,South,I047,Laptop,Furniture,3,41505,1000,123515
T0460,C101,2024-02-05,S001,South,I044,Chair,,3,9252,1000,26756
T0690,C016,2024/01/02,S002,North,I092,TV,,-1,32998,,-32998
T0574,C011,01-03-2024,S001,East,I057,TV,electronics,-1,35515,,-35515
T0863,C181,01-03-2024,S001,West,I035,Laptop,electronics,-1,30443,1000,-31443
T0742,C115,2024/01/02,S002,West,I001,Phone,,4,45139,,180556
T0240,C023,2024/01/02,S003,South,I017,Table,Electronics,0,47577,1000,-1000
T0563,C028,2024/01/02,S004,West,I048,Phone,Furniture,-1,47754,,-47754
T0095,C170,2024-01-01,S004,North,I007,TV,,0,39541,1000,-1000
T0899,C152,2024-02-05,S001,West,I057,TV,Electronics,4,31948,0,127792
T0733,C121,2024-02-05,S003,South,I014,Chair,Furniture,1,43494,,43494
T0484,C187,2024-02-05,S004,North,I016,Phone,electronics,1,3829,,3829
T0406,C089,2024/01/02,S003,East,I022,Table,Electronics,3,37299,0,111897
T0230,C064,2024-02-05,S002,North,I065,Chair,Electronics,1,31555,500,31055
T0748,C083,2024/01/02,S001,South,I069,Table,,0,29912,,0
T0654,C118,2024-01-01,S001,South,I092,Chair,Furniture,0,1124,500,-500
T0170,C155,01-03-2024,S003,West,I026,Phone,,-2,26328,0,-52656
T0540,C015,2024/01/02,S004,West,I036,TV,electronics,-1,39907,,-39907
T0035,C174,2024/01/02,S003,East,I048,Table,electronics,2,17021,500,33542
T0524,C103,01-03-2024,S002,East,I063,Phone,Furniture,2,32279,,64558
T0159,C091,01-03-2024,S004,South,I033,Table,Furniture,-1,37459,,-37459
T0838,C185,2024-01-01,S004,South,I017,Phone,Furniture,2,32137,1000,63274
T0698,C026,2024-02-05,S003,South,I063,Chair,,2,33375,500,66250
T0242,C180,2024/01/02,S002,East,I073,Phone,Furniture,4,36792,1000,146168
T0085,C169,2024-02-05,S004,South,I043,Chair,Furniture,2,8972,1000,16944
T0795,C186,2024/01/02,S001,East,I016,TV,,3,25435,500,75805
T0577,C174,2024-01-01,S002,South,I058,Chair,electronics,0,20707,500,-500
T0681,C161,01-03-2024,S004,North,I012,Laptop,electronics,0,35061,1000,-1000
T0556,C164,2024-01-01,S003,North,I051,TV,Electronics,0,24566,,0
T0573,C133,01-03-2024,S004,South,I059,Phone,electronics,-1,15862,,-15862
T0952,C134,2024-02-05,S001,North,I041,Phone,Furniture,1,19030,0,19030
T0645,C152,2024-02-05,S002,East,I090,Laptop,electronics,3,4755,,14265
T0795,C032,2024-01-01,S004,West,I063,Phone,,3,5119,500,14857
T0027,C054,01-03-2024,S001,North,I065,TV,electronics,2,36442,500,72384
T0619,C185,2024-01-01,S004,West,I033,TV,electronics,-2,39414,0,-78828
T0555,C006,01-03-2024,S004,North,I094,Chair,Electronics,0,19764,500,-500
T0339,C056,01-03-2024,S002,East,I086,Table,Electronics,4,47545,1000,189180
T0797,C125,2024-02-05,S003,North,I070,Phone,Furniture,3,49078,0,147234
T0957,C011,2024-02-05,S003,North,I063,Laptop,,3,17024,0,51072
T0330,C015,01-03-2024,S001,South,I032,TV,Furniture,-2,46355,,-92710
T0639,C042,01-03-2024,S001,West,I011,TV,,2,49762,,99524
T0505,C116,01-03-2024,S001,West,I075,TV,,3,22646,1000,66938
T0347,C134,2024-02-05,S002,East,I018,Table,Electronics,3,14930,1000,43790
T0472,C110,2024-02-05,S003,East,I008,Table,electronics,1,12742,,12742
T0230,C050,2024/01/02,S001,West,I073,Phone,electronics,-2,23186,,-46372
T0189,C159,01-03-2024,S001,South,I016,Laptop,Electronics,4,49596,1000,197384
T0224,C074,2024/01/02,S004,South,I049,Table,Furniture,4,38047,,152188
T0384,C007,01-03-2024,S004,West,I038,Chair,electronics,2,47891,0,95782
T0376,C199,2024-02-05,S001,North,I040,Table,Furniture,2,30562,1000,60124
T0282,C044,2024/01/02,S004,West,I009,TV,electronics,0,39240,,0
T0957,C058,2024/01/02,S004,North,I011,Laptop,Furniture,1,45302,500,44802
T0632,C131,2024-01-01,S004,West,I078,Phone,,2,44429,500,88358
T0627,C103,01-03-2024,S002,North,I094,Table,,1,32176,1000,31176
T0972,C194,2024-02-05,S001,South,I014,TV,electronics,0,44882,500,-500
T0744,C156,2024-01-01,S001,West,I027,Chair,Furniture,4,43439,500,173256
T0258,C156,2024-01-01,S004,East,I003,Chair,Furniture,-2,41458,0,-82916
T0358,C097,01-03-2024,S002,North,I035,Phone,,3,22303,1000,65909
T0709,C155,2024-01-01,S004,South,I064,Phone,Furniture,3,48039,500,143617
T0455,C078,01-03-2024,S002,East,I097,Table,Electronics,-1,44466,,-44466
T0410,C123,2024-01-01,S001,South,I046,Phone,Furniture,-1,27956,1000,-28956
T0648,C171,01-03-2024,S004,North,I080,TV,,-1,46590,1000,-47590
T0317,C003,2024-02-05,S001,West,I038,TV,Electronics,3,45742,500,136726
T0676,C089,01-03-2024,S002,South,I037,TV,Electronics,1,9586,500,9086
T0224,C103,01-03-2024,S003,West,I043,Table,Furniture,-1,32258,0,-32258
T0818,C136,2024/01/02,S002,West,I050,Table,,-2,14781,,-29562
T0233,C118,2024-02-05,S003,South,I096,Phone,,2,11801,0,23602
T0683,C132,2024-02-05,S001,South,I084,Table,,1,15472,0,15472
T0663,C055,2024-02-05,S001,South,I025,TV,Electronics,3,26711,,80133
T0974,C095,2024-01-01,S004,West,I035,Laptop,,-2,5623,500,-11746
T0826,C177,2024/01/02,S003,East,I068,TV,Electronics,4,45893,0,183572
T0373,C074,2024-02-05,S002,North,I096,Laptop,Electronics,3,20333,1000,59999
T0671,C142,2024-01-01,S001,East,I000,Phone,electronics,1,25055,0,25055
T0607,C031,2024-01-01,S003,West,I052,Chair,Furniture,1,3863,,3863
T0471,C027,2024-01-01,S002,South,I005,Table,,1,47624,0,47624
T0232,C021,2024/01/02,S003,South,I036,Table,Electronics,0,46359,0,0
T0691,C016,2024-01-01,S002,North,I001,TV,Furniture,2,42721,1000,84442
T0112,C058,2024/01/02,S002,North,I068,TV,Electronics,-1,19542,,-19542
T0829,C089,01-03-2024,S002,East,I089,Laptop,Furniture,0,25982,1000,-1000
T0496,C198,2024-01-01,S002,East,I040,Table,Electronics,2,2565,500,4630
T0441,C105,2024-02-05,S003,North,I050,Phone,,3,4551,,13653
T0563,C184,2024-01-01,S003,West,I046,TV,electronics,-1,16161,0,-16161
T0267,C025,01-03-2024,S004,East,I012,Table,electronics,4,115,1000,-540
T0509,C024,01-03-2024,S003,South,I075,Chair,electronics,0,4510,1000,-1000
T0806,C137,2024-01-01,S003,South,I068,Laptop,Electronics,0,19064,,0
T0385,C044,01-03-2024,S004,West,I065,TV,Furniture,-2,5235,1000,-11470
T0386,C082,2024/01/02,S003,North,I058,TV,,4,48692,,194768
T0112,C010,2024/01/02,S002,East,I067,Phone,,4,8048,500,31692
T0612,C180,2024-01-01,S001,South,I058,TV,Electronics,0,4889,,0
T0624,C199,2024/01/02,S001,North,I090,Table,electronics,1,41128,,41128
T0951,C103,2024/01/02,S004,East,I009,Table,Electronics,3,8702,500,25606
T0080,C067,2024-02-05,S003,West,I012,Table,Furniture,4,7332,500,28828
T0698,C094,2024-01-01,S003,South,I001,Chair,electronics,0,43919,0,0
T0112,C155,01-03-2024,S004,West,I089,Chair,Electronics,1,48050,1000,47050
T0001,C064,2024-01-01,S001,West,I014,TV,Furniture,2,4935,500,9370
T0641,C048,2024/01/02,S002,West,I045,Chair,electronics,2,26166,500,51832
T0219,C174,2024-02-05,S003,East,I056,Chair,,4,28481,1000,112924
T0565,C051,2024-01-01,S004,West,I009,Phone,Furniture,1,36211,1000,35211
T0854,C101,2024-01-01,S002,East,I021,Chair,,-2,10869,0,-21738
T0996,C181,2024/01/02,S004,East,I088,Laptop,Furniture,-2,16756,0,-33512
T0735,C187,2024/01/02,S004,West,I078,Laptop,electronics,2,919,,1838
T0224,C056,2024-01-01,S004,West,I076,Laptop,Electronics,3,35483,0,106449
T0384,C046,2024/01/02,S001,North,I007,TV,Electronics,0,13248,500,-500
T0402,C158,2024/01/02,S001,South,I020,Table,Electronics,4,6169,500,24176
T0637,C173,2024/01/02,S004,North,I084,Phone,Electronics,4,5740,1000,21960
T0129,C025,2024/01/02,S003,South,I021,TV,Furniture,2,36852,0,73704
T0052,C113,2024/01/02,S002,South,I096,Table,Electronics,2,21374,,42748
T0683,C004,2024-02-05,S003,North,I044,Phone,Electronics,1,7801,,7801
T0729,C083,2024/01/02,S001,North,I090,Phone,Furniture,-2,19465,,-38930
T0671,C051,01-03-2024,S002,South,I039,Phone,Furniture,3,3139,,9417
T0709,C104,2024-01-01,S004,South,I021,Laptop,electronics,1,32015,1000,31015
T0415,C053,2024-02-05,S003,South,I029,Laptop,Furniture,2,43742,0,87484
T0246,C160,2024-02-05,S003,East,I061,Laptop,,-1,49854,0,-49854
T0835,C177,2024/01/02,S004,South,I072,Phone,electronics,0,47939,0,0
T0438,C165,2024-01-01,S003,West,I044,Phone,electronics,2,44997,0,89994
T0202,C154,01-03-2024,S001,West,I034,Laptop,Electronics,1,46989,,46989
T0183,C014,2024/01/02,S004,West,I081,Phone,Electronics,-1,45522,,-45522
T0122,C060,2024-01-01,S003,North,I041,Laptop,,-1,41315,1000,-42315
T0400,C121,2024/01/02,S004,North,I004,Laptop,Electronics,2,2587,1000,4174
T0766,C020,2024/01/02,S002,North,I026,Laptop,Furniture,3,34226,,102678
T0293,C045,2024/01/02,S004,South,I069,Table,Furniture,-2,27158,500,-54816
T0279,C196,2024/01/02,S003,West,I061,Phone,Electronics,-1,49941,0,-49941
T0836,C133,2024/01/02,S001,South,I031,TV,Electronics,4,28208,1000,111832
T0883,C037,2024/01/02,S004,East,I007,Laptop,Furniture,0,8599,,0
T0609,C061,2024/01/02,S004,East,I084,TV,electronics,1,6231,0,6231
T0197,C085,01-03-2024,S003,North,I017,Table,,1,36034,0,36034
T0981,C189,2024-02-05,S001,East,I077,Phone,,1,25084,,25084
T0906,C077,01-03-2024,S001,West,I014,Laptop,electronics,4,925,500,3200
T0510,C045,2024/01/02,S002,East,I025,Laptop,,2,1291,500,2082
T0751,C140,2024/01/02,S002,North,I052,Laptop,Electronics,1,43194,1000,42194
T0143,C002,01-03-2024,S003,South,I043,TV,Electronics,4,14807,,59228
T0608,C005,01-03-2024,S001,East,I031,Table,Electronics,1,39653,1000,38653
T0200,C092,2024-02-05,S001,West,I027,Phone,,0,28869,500,-500
T0123,C007,01-03-2024,S002,West,I038,Table,electronics,4,6913,1000,26652
T0186,C171,2024-02-05,S002,West,I031,Laptop,Electronics,-2,26450,1000,-53900
T0325,C107,2024/01/02,S003,South,I076,Table,electronics,3,22125,500,65875
T0463,C160,2024-01-01,S001,West,I078,TV,Furniture,2,29092,0,58184
T0348,C074,2024-01-01,S004,North,I017,Chair,Furniture,2,17017,0,34034
T0770,C076,2024-01-01,S002,North,I069,Chair,Furniture,1,43927,500,43427
T0659,C049,2024-01-01,S003,West,I010,Phone,,0,22994,0,0
T0763,C010,2024/01/02,S001,East,I031,Phone,,-1,34075,,-34075
T0954,C094,2024-01-01,S001,West,I019,Table,Electronics,4,25092,0,100368
T0931,C155,01-03-2024,S002,North,I096,Phone,Furniture,1,43836,500,43336
T0402,C069,01-03-2024,S003,North,I039,TV,electronics,4,1337,,5348
T0345,C168,2024-01-01,S004,North,I007,Laptop,,1,5043,1000,4043
T0962,C015,01-03-2024,S002,East,I034,Laptop,electronics,2,26619,500,52738
T0510,C067,2024-02-05,S003,East,I068,Table,electronics,2,26856,500,53212
T0146,C098,2024/01/02,S001,East,I098,Laptop,Electronics,1,43160,0,43160
T0147,C047,2024-01-01,S004,North,I077,Table,Electronics,2,21320,,42640
T0863,C183,2024-01-01,S003,South,I020,Phone,electronics,0,47898,500,-500
T0710,C063,2024/01/02,S004,West,I023,Phone,electronics,-1,28794,,-28794
T0819,C186,01-03-2024,S003,West,I016,TV,electronics,-1,48333,,-48333
T0488,C089,2024/01/02,S003,North,I017,Laptop,electronics,4,28350,0,113400
T0928,C189,2024/01/02,S003,East,I097,TV,Furniture,-1,14042,500,-14542
T0935,C075,01-03-2024,S003,South,I011,Chair,electronics,4,33327,,133308
T0639,C138,2024/01/02,S004,South,I015,TV,,1,41709,,41709
T0550,C100,01-03-2024,S002,East,I003,Table,Electronics,3,12869,1000,37607
T0337,C088,01-03-2024,S004,West,I088,Table,,1,16603,0,16603
T0871,C017,2024/01/02,S003,West,I033,TV,Electronics,1,10547,500,10047
T0640,C018,2024-02-05,S004,South,I091,Phone,Electronics,0,8609,,0
T0778,C054,01-03-2024,S004,South,I045,Chair,Electronics,-1,22965,0,-22965
T0987,C101,2024/01/02,S004,East,I074,TV,,2,16234,500,31968
T0952,C117,01-03-2024,S003,West,I076,Phone,Electronics,2,16301,,32602
T0472,C153,2024-02-05,S004,South,I030,TV,electronics,-2,41453,500,-83406
T0945,C133,2024-02-05,S001,West,I024,Laptop,electronics,-2,19036,500,-38572
T0150,C003,2024-01-01,S003,South,I073,Table,Furniture,4,13358,0,53432
T0414,C107,01-03-2024,S004,East,I023,Laptop,Furniture,3,21862,0,65586
T0989,C114,01-03-2024,S001,West,I064,Laptop,Furniture,4,3328,1000,12312
T0297,C028,2024/01/02,S004,South,I024,Chair,electronics,2,49328,1000,97656
T0610,C058,01-03-2024,S002,South,I027,Phone,,-1,3510,1000,-4510
T0262,C124,2024-01-01,S004,South,I035,Table,Furniture,4,508,,2032
T0763,C097,2024-02-05,S004,South,I081,Laptop,electronics,1,47597,1000,46597
T0143,C016,2024-02-05,S002,East,I005,Table,Electronics,2,5873,500,11246
T0345,C106,2024-01-01,S003,West,I065,Phone,,3,36865,0,110595
T0623,C042,01-03-2024,S002,West,I066,TV,,3,40175,500,120025
T0571,C079,01-03-2024,S003,North,I071,Laptop,electronics,2,9279,0,18558
T0880,C193,2024-01-01,S002,West,I094,Phone,electronics,-2,5717,0,-11434
T0001,C161,2024/01/02,S004,North,I047,Table,Electronics,-1,2801,500,-3301
T0896,C007,2024-02-05,S004,South,I082,Phone,Electronics,2,4007,500,7514
T0303,C140,2024-01-01,S003,East,I069,TV,Electronics,1,13941,,13941
T0253,C105,2024-01-01,S003,East,I077,Phone,,1,25430,0,25430
T0651,C007,01-03-2024,S001,South,I066,Table,,0,49927,1000,-1000
T0452,C095,2024-02-05,S001,North,I047,Laptop,Furniture,1,13507,,13507
T0036,C093,01-03-2024,S004,South,I064,Laptop,Furniture,2,48191,1000,95382
T0159,C064,2024-01-01,S004,East,I043,Chair,Furniture,2,32299,,64598
T0008,C170,2024/01/02,S001,East,I093,Table,,1,26386,0,26386
T0232,C038,2024-02-05,S001,West,I062,Chair,Electronics,-2,19959,500,-40418
T0098,C080,2024-01-01,S003,North,I045,Chair,Furniture,-1,6916,500,-7416
T0658,C186,2024-01-01,S002,West,I018,TV,Electronics,3,49793,0,149379
T0815,C083,2024/01/02,S003,East,I063,Table,Electronics,2,16648,500,32796
T0207,C087,2024-01-01,S001,East,I082,Laptop,Electronics,1,26931,0,26931
T0130,C085,2024-01-01,S004,West,I072,Table,Furniture,3,17468,0,52404
T0403,C092,2024-02-05,S001,West,I070,TV,Furniture,1,19145,0,19145
T0151,C085,2024-02-05,S004,East,I049,Table,Electronics,2,33485,,66970
T0053,C043,2024-02-05,S004,West,I062,Table,Furniture,0,12205,500,-500
T0119,C136,01-03-2024,S004,West,I040,Chair,electronics,-1,24744,,-24744
T0672,C164,2024/01/02,S004,North,I006,Table,Furniture,2,5739,1000,10478
T0919,C073,2024-02-05,S002,East,I008,Chair,Electronics,3,30430,0,91290
T0627,C035,01-03-2024,S001,South,I003,Chair,Electronics,1,11716,500,11216
T0586,C100,01-03-2024,S003,North,I088,Phone,,0,20680,1000,-1000
T0624,C155,2024/01/02,S004,South,I048,TV,,4,32868,0,131472
T0967,C169,2024/01/02,S004,West,I075,Chair,Electronics,2,27074,1000,53148
T0419,C170,2024-01-01,S003,West,I005,Table,electronics,-1,45473,,-45473
T0421,C169,01-03-2024,S003,South,I081,Chair,,0,47826,,0
T0103,C103,2024-02-05,S004,West,I020,Chair,Electronics,3,30650,500,91450
T0851,C065,2024/01/02,S003,West,I014,Chair,,1,47712,1000,46712
T0253,C054,01-03-2024,S003,North,I066,Laptop,,-2,24861,1000,-50722
T0226,C199,2024-02-05,S002,South,I065,Laptop,Electronics,4,10801,,43204
T0111,C175,01-03-2024,S003,North,I055,Laptop,Furniture,4,20922,,83688
T0509,C090,2024/01/02,S001,South,I067,Laptop,electronics,-1,15070,500,-15570
T0472,C021,2024-01-01,S001,North,I031,Phone,Furniture,0,21292,0,0
T0098,C100,01-03-2024,S001,East,I065,Chair,Electronics,2,35947,500,71394
T0152,C154,2024-02-05,S004,East,I028,Phone,Electronics,2,23203,,46406
T0860,C120,2024/01/02,S001,South,I065,Table,electronics,0,49634,500,-500
T0913,C092,2024-01-01,S002,East,I033,TV,Electronics,2,28957,0,57914
T0895,C194,2024-02-05,S001,North,I026,Phone,,4,43746,,174984
T0877,C107,2024-02-05,S004,South,I059,Laptop,electronics,4,17411,0,69644
T0337,C140,2024-02-05,S002,East,I038,Laptop,Furniture,4,21543,500,85672
T0705,C172,01-03-2024,S001,East,I043,Table,electronics,0,17044,0,0
T0821,C009,2024/01/02,S002,South,I081,Chair,Furniture,-1,34057,,-34057
T0162,C008,2024-02-05,S002,East,I035,TV,Electronics,4,15074,,60296
T0719,C181,01-03-2024,S004,East,I018,Phone,Furniture,2,47084,0,94168
T0956,C154,2024/01/02,S004,South,I090,Chair,Furniture,-1,46993,500,-47493
T0680,C033,2024/01/02,S002,East,I044,Chair,Furniture,1,35236,500,34736
T0995,C128,01-03-2024,S001,East,I083,Phone,electronics,1,26414,500,25914
T0160,C159,01-03-2024,S004,East,I020,Phone,,1,29952,500,29452
T0579,C088,2024-02-05,S002,East,I022,Phone,Furniture,1,5053,1000,4053
T0800,C092,2024/01/02,S003,West,I093,Phone,electronics,2,24382,1000,47764
T0397,C070,2024-01-01,S003,South,I088,Laptop,electronics,0,11337,0,0
T0276,C066,01-03-2024,S004,West,I094,Chair,,2,37248,1000,73496
T0815,C147,2024/01/02,S001,West,I026,Chair,electronics,3,28548,1000,84644
T0915,C116,2024/01/02,S003,North,I097,Laptop,Electronics,2,31871,1000,62742
T0503,C093,2024-02-05,S003,West,I071,Chair,Electronics,-1,45821,0,-45821
T0895,C162,2024-01-01,S003,West,I018,Phone,Electronics,0,2688,1000,-1000
T0391,C098,2024-02-05,S001,North,I040,TV,,4,14915,500,59160
T0134,C112,2024-01-01,S001,East,I025,Chair,electronics,-2,6456,500,-13412
T0194,C102,2024-01-01,S004,East,I027,TV,Electronics,-2,20169,0,-40338
T0400,C090,01-03-2024,S004,West,I063,TV,Furniture,4,41989,0,167956
T0639,C089,2024/01/02,S003,North,I067,Laptop,electronics,0,14795,0,0
T0032,C016,2024/01/02,S001,East,I094,Table,Electronics,-2,20883,,-41766
T0687,C017,2024/01/02,S002,North,I079,Chair,electronics,0,1503,1000,-1000
T0459,C172,2024-01-01,S003,South,I050,Laptop,Electronics,-1,41259,0,-41259
T0954,C115,2024/01/02,S004,South,I073,Laptop,Furniture,-1,28427,0,-28427
T0882,C092,01-03-2024,S001,South,I047,TV,electronics,2,2385,0,4770
T0469,C180,2024-01-01,S004,South,I009,Chair,Electronics,-2,8962,500,-18424
T0374,C090,2024-01-01,S004,West,I072,Laptop,Electronics,4,1828,0,7312
T0021,C081,2024-01-01,S001,South,I038,Phone,Furniture,0,11530,500,-500
T0749,C067,2024-01-01,S003,South,I099,Laptop,Furniture,-1,34117,500,-34617
T0669,C192,01-03-2024,S001,North,I099,Phone,Electronics,2,33746,,67492
T0037,C113,2024/01/02,S003,East,I018,Table,Electronics,-2,29022,0,-58044
T0229,C000,01-03-2024,S004,North,I063,Phone,,-2,11643,,-23286
T0364,C057,2024/01/02,S001,West,I018,Phone,,-2,49749,0,-99498
T0562,C153,01-03-2024,S002,South,I075,TV,electronics,-1,26663,1000,-27663
T0437,C108,2024-02-05,S003,East,I061,Laptop,electronics,-1,25653,0,-25653
T0775,C147,2024-02-05,S002,East,I012,Table,,-2,48960,0,-97920
T0282,C115,2024-02-05,S003,South,I024,Laptop,Electronics,-1,40570,0,-40570
T0026,C086,2024-02-05,S001,South,I099,Phone,Furniture,-2,7678,0,-15356
T0225,C009,2024-01-01,S002,West,I088,Phone,electronics,1,21363,0,21363
T0276,C058,2024-01-01,S001,West,I091,Laptop,Electronics,-1,10768,0,-10768
T0797,C040,01-03-2024,S003,South,I041,Table,Furniture,0,17022,,0
T0608,C104,01-03-2024,S003,South,I038,Table,Furniture,-1,12332,1000,-13332
T0283,C132,2024-02-05,S003,South,I029,TV,Electronics,-2,9192,,-18384
T0878,C121,2024/01/02,S003,South,I004,Phone,Electronics,0,34334,1000,-1000
T0959,C192,2024-02-05,S004,East,I080,Phone,electronics,2,44075,,88150
T0480,C144,01-03-2024,S003,West,I017,TV,,0,40582,,0
T0452,C021,2024-02-05,S002,South,I020,Laptop,Electronics,0,18217,0,0
T0828,C097,01-03-2024,S003,South,I085,Phone,,-1,33358,,-33358
T0815,C168,2024-02-05,S001,East,I049,Laptop,electronics,3,31290,1000,92870
T0658,C067,2024/01/02,S004,North,I005,Table,,0,23195,500,-500
T0515,C196,2024-02-05,S002,South,I049,Chair,,0,18402,1000,-1000
T0546,C138,2024/01/02,S004,East,I079,TV,Furniture,4,10326,,41304
T0191,C055,2024/01/02,S004,East,I065,Phone,electronics,-2,41034,500,-82568
T0048,C178,01-03-2024,S004,North,I000,TV,Electronics,-1,11003,0,-11003
T0511,C148,2024/01/02,S001,West,I056,Table,,-2,22509,500,-45518
T0016,C098,2024-01-01,S004,West,I029,Table,electronics,-1,42546,0,-42546
T0171,C075,2024-01-01,S004,West,I057,Table,Furniture,2,14985,1000,28970
T0219,C025,2024-01-01,S003,South,I051,Table,Furniture,3,6199,500,18097
T0157,C114,01-03-2024,S001,West,I036,Chair,,0,26176,500,-500
T0476,C146,2024-01-01,S002,South,I047,Laptop,,4,49449,500,197296
T0045,C108,01-03-2024,S002,South,I086,Laptop,Electronics,-1,43027,0,-43027
T0372,C187,01-03-2024,S002,East,I000,Chair,electronics,0,46678,0,0
T0517,C198,2024-01-01,S001,West,I018,Laptop,Electronics,0,9826,1000,-1000
T0098,C046,2024/01/02,S002,West,I045,Table,Electronics,1,9640,1000,8640
T0891,C070,2024-02-05,S001,West,I066,Laptop,Furniture,-2,8202,,-16404
T0744,C153,01-03-2024,S003,South,I001,TV,electronics,3,12854,0,38562
T0036,C039,2024-01-01,S003,South,I055,Laptop,Electronics,4,36712,1000,145848
T0279,C132,01-03-2024,S001,West,I016,TV,Furniture,-1,33463,500,-33963
T0348,C148,2024/01/02,S002,South,I091,Phone,,2,8430,500,16360
T0496,C131,2024/01/02,S001,South,I081,TV,Electronics,3,341,500,523
T0301,C022,2024-01-01,S001,North,I096,TV,,1,18847,1000,17847
T0180,C105,01-03-2024,S004,North,I078,Table,electronics,-2,47870,500,-96240
T0606,C083,2024-02-05,S001,West,I021,Table,Electronics,2,49984,500,99468
T0098,C142,2024-02-05,S004,West,I026,Table,,2,234,0,468
T0699,C115,01-03-2024,S003,North,I054,TV,,0,27935,0,0
T0992,C108,01-03-2024,S004,South,I031,Chair,electronics,-2,20245,1000,-41490
T0115,C135,01-03-2024,S001,South,I059,Table,Furniture,1,35494,0,35494
T0190,C040,2024-01-01,S003,East,I082,Table,Furniture,-1,43184,,-43184
T0252,C111,2024/01/02,S004,West,I027,TV,Electronics,-1,31219,1000,-32219
T0980,C146,2024-02-05,S001,West,I027,Phone,,1,31193,,31193
T0927,C111,2024-01-01,S003,West,I073,Phone,Furniture,0,7279,,0
T0982,C102,01-03-2024,S004,East,I083,Laptop,Electronics,0,34378,1000,-1000
T0160,C045,01-03-2024,S001,East,I024,Phone,,2,45913,0,91826
T0255,C155,2024/01/02,S001,South,I084,Table,Electronics,-2,19280,0,-38560
T0322,C067,01-03-2024,S002,North,I077,Chair,electronics,2,7007,1000,13014
T0127,C121,2024-01-01,S002,North,I085,Laptop,Electronics,4,37380,,149520
T0017,C014,2024-01-01,S004,North,I025,Chair,electronics,4,37170,1000,147680
T0792,C164,2024/01/02,S004,South,I074,Chair,,-1,43828,1000,-44828
T0734,C128,2024-01-01,S004,North,I070,Table,,1,4506,500,4006
T0565,C194,2024-02-05,S001,East,I016,TV,,-2,30103,500,-60706
T0569,C110,2024-01-01,S004,East,I081,TV,Electronics,1,19848,,19848
T0322,C023,2024-01-01,S001,West,I006,TV,,-2,23252,0,-46504
T0871,C026,2024-01-01,S004,North,I055,Phone,,3,9691,500,28573
T0685,C039,2024-02-05,S001,East,I063,TV,electronics,-1,9842,500,-10342
T0791,C190,01-03-2024,S001,West,I019,Table,,-1,3511,,-3511
T0625,C188,2024-01-01,S002,North,I037,Phone,,3,16566,1000,48698
T0287,C163,2024/01/02,S003,North,I074,TV,,-2,38564,500,-77628
T0942,C023,2024-02-05,S001,East,I057,Chair,Furniture,0,46631,0,0
T0853,C023,2024/01/02,S004,West,I015,Table,,-2,29798,,-59596
T0662,C003,2024-01-01,S002,West,I050,Table,Electronics,-1,43980,500,-44480
T0961,C066,2024/01/02,S004,East,I026,Laptop,electronics,4,10575,,42300
T0638,C033,2024-01-01,S004,East,I050,Table,,1,31208,500,30708
T0154,C184,2024-02-05,S001,East,I074,Chair,Electronics,2,18924,500,37348
T0489,C176,2024/01/02,S001,North,I015,Table,electronics,1,5860,,5860
T0385,C180,2024/01/02,S003,East,I086,Laptop,electronics,-1,18266,0,-18266
T0985,C115,2024-01-01,S001,East,I059,Table,Electronics,1,47233,0,47233
T0784,C022,2024-01-01,S001,South,I075,Table,Electronics,0,46762,1000,-1000
T0103,C108,01-03-2024,S003,East,I039,Laptop,Furniture,0,31991,500,-500
T0928,C068,2024-01-01,S004,East,I066,Table,Furniture,4,25280,1000,100120
T0392,C094,2024-01-01,S003,North,I001,Phone,,-2,39294,,-78588
T0810,C180,01-03-2024,S003,West,I047,Table,Furniture,1,16188,1000,15188
T0245,C061,2024-01-01,S003,North,I051,TV,Electronics,1,12625,,12625
T0175,C168,2024-01-01,S002,South,I023,TV,Furniture,-1,40774,0,-40774
T0038,C056,01-03-2024,S004,East,I092,Phone,electronics,-2,9022,,-18044
T0476,C187,2024-02-05,S002,East,I097,Table,Electronics,-2,14382,,-28764
T0681,C053,2024-02-05,S002,East,I083,Chair,,1,34946,1000,33946
T0758,C069,2024-01-01,S001,East,I081,Table,electronics,2,17461,500,34422
T0537,C100,2024-01-01,S003,East,I077,TV,electronics,1,29686,1000,28686
T0866,C056,01-03-2024,S003,East,I081,Laptop,electronics,1,40661,0,40661
T0817,C137,01-03-2024,S002,South,I001,Phone,Electronics,1,1737,0,1737
T0920,C167,2024-02-05,S001,East,I064,Laptop,Electronics,0,14016,0,0
T0407,C134,2024/01/02,S001,East,I019,Chair,,3,31026,500,92578
T0524,C102,2024-01-01,S001,East,I033,Table,Furniture,-2,43041,1000,-87082
T0827,C165,2024/01/02,S004,South,I040,Chair,Furniture,3,19784,,59352
T0505,C084,2024/01/02,S002,East,I040,Laptop,Furniture,0,36872,,0
T0902,C060,01-03-2024,S004,South,I074,Table,Furniture,2,17066,500,33632
T0824,C002,2024-01-01,S001,North,I090,Chair,electronics,-1,48569,0,-48569
T0035,C127,2024-01-01,S001,East,I022,TV,Electronics,4,25135,500,100040
T0684,C178,01-03-2024,S001,West,I037,TV,Furniture,2,10268,,20536
T0019,C085,2024/01/02,S003,South,I043,Phone,electronics,-2,8575,0,-17150
T0320,C046,01-03-2024,S002,North,I066,TV,Electronics,-1,27573,500,-28073
T0775,C195,2024-02-05,S003,South,I061,TV,Electronics,3,35266,,105798
T0511,C075,2024-01-01,S004,South,I011,Laptop,Electronics,2,34106,,68212
T0399,C037,2024-02-05,S003,North,I029,TV,electronics,-2,3566,500,-7632
T0653,C163,01-03-2024,S002,East,I094,TV,Furniture,4,22002,,88008
T0971,C168,2024-01-01,S003,East,I086,Laptop,Electronics,4,5463,1000,20852
T0882,C196,2024-02-05,S001,South,I064,TV,electronics,2,36034,1000,71068
T0470,C140,2024-02-05,S004,North,I040,TV,Electronics,-1,33647,0,-33647
T0142,C086,2024/01/02,S004,East,I019,Phone,,-1,2234,1000,-3234
T0091,C057,2024-01-01,S001,South,I005,TV,,2,41479,1000,81958
T0353,C049,2024-02-05,S001,West,I074,TV,electronics,0,26502,500,-500
T0833,C029,2024-02-05,S001,North,I098,Phone,Furniture,2,27814,0,55628
T0799,C189,2024/01/02,S002,West,I003,Laptop,Furniture,3,20173,500,60019
T0726,C100,2024-02-05,S003,West,I092,TV,Electronics,2,14683,500,28866
T0958,C024,2024-02-05,S004,South,I009,Chair,Furniture,2,37823,1000,74646
T0853,C111,2024-02-05,S003,North,I050,Laptop,Furniture,0,41266,1000,-1000
T0050,C154,2024/01/02,S001,East,I092,Laptop,,1,23856,,23856
T0664,C178,2024-02-05,S001,East,I037,TV,electronics,-1,19874,,-19874
T0697,C184,2024-02-05,S003,South,I000,Phone,,3,23734,0,71202
T0574,C125,2024-01-01,S004,East,I007,Laptop,electronics,-2,31243,1000,-63486
T0189,C122,2024-01-01,S002,East,I080,Phone,Electronics,-1,7349,,-7349
T0124,C046,2024/01/02,S003,West,I082,Chair,,-1,44930,500,-45430
T0149,C117,01-03-2024,S001,West,I062,Phone,electronics,1,31368,1000,30368
T0313,C038,2024-01-01,S001,North,I032,Table,Furniture,-1,3896,0,-3896
T0569,C015,2024/01/02,S002,West,I014,Phone,electronics,-1,19018,0,-19018
T0341,C021,2024-02-05,S003,East,I030,Laptop,Furniture,0,18664,500,-500
T0304,C053,2024-02-05,S002,North,I020,Phone,Electronics,0,30812,,0
T0691,C148,2024/01/02,S002,North,I002,Phone,Furniture,0,28886,500,-500
T0681,C199,2024-02-05,S004,South,I065,Table,electronics,0,15412,,0
T0837,C015,2024-02-05,S004,West,I034,Table,,0,26073,1000,-1000
T0782,C058,01-03-2024,S001,North,I040,TV,electronics,3,13307,0,39921
T0053,C030,2024-02-05,S003,East,I058,Laptop,,-2,1546,,-3092
T0443,C169,2024-01-01,S004,North,I015,TV,electronics,1,1051,500,551
T0612,C031,2024-02-05,S001,North,I055,Table,electronics,2,1817,1000,2634
T0992,C186,2024/01/02,S003,South,I044,Phone,Electronics,4,38781,,155124
T0263,C161,01-03-2024,S001,East,I058,Table,Furniture,3,11490,1000,33470
T0052,C008,2024-02-05,S004,East,I049,Chair,electronics,0,21294,1000,-1000
T0571,C138,2024/01/02,S001,West,I084,Phone,,1,15577,500,15077
T0619,C009,2024-01-01,S003,East,I011,TV,Furniture,2,18080,500,35660
T0004,C016,2024-02-05,S003,North,I091,Phone,Electronics,-1,31050,1000,-32050
T0102,C067,01-03-2024,S001,East,I011,Chair,Furniture,3,6694,1000,19082
T0195,C047,2024-02-05,S003,East,I032,Table,electronics,-1,44793,,-44793
T0773,C179,2024/01/02,S001,North,I083,Laptop,,1,19700,500,19200
T0876,C110,01-03-2024,S003,South,I048,Laptop,,-2,9198,,-18396
T0991,C152,2024-02-05,S001,West,I020,Laptop,Furniture,-2,12042,0,-24084
T0883,C122,2024-01-01,S001,West,I059,Table,,1,14112,,14112
T0349,C148,01-03-2024,S001,South,I051,Laptop,electronics,4,30802,1000,122208
T0046,C100,2024-01-01,S002,North,I053,Chair,,4,45118,0,180472
T0866,C101,2024/01/02,S003,West,I038,Table,,-2,48276,,-96552
T0822,C064,2024-02-05,S004,South,I048,Laptop,,4,10446,0,41784
T0935,C190,2024-01-01,S001,South,I063,TV,electronics,-2,14528,500,-29556
T0819,C050,2024/01/02,S002,South,I099,Table,Electronics,-1,5855,,-5855
T0655,C035,2024-02-05,S004,West,I085,Table,,4,45984,,183936
T0268,C080,2024/01/02,S001,West,I025,Phone,Electronics,-2,6383,500,-13266
T0369,C126,2024-01-01,S004,West,I070,Laptop,Furniture,-2,49136,,-98272
T0635,C087,2024/01/02,S002,West,I006,TV,Furniture,1,1437,0,1437
T0105,C193,01-03-2024,S004,East,I071,Chair,electronics,-2,43555,500,-87610
T0669,C103,2024-02-05,S001,South,I061,Table,electronics,4,20957,0,83828
T0658,C014,2024/01/02,S004,East,I089,Chair,electronics,4,25036,,100144
T0656,C095,2024-01-01,S004,South,I087,Chair,electronics,3,39694,,119082
T0119,C166,2024-02-05,S001,West,I023,Chair,Electronics,0,27740,,0
T0830,C122,01-03-2024,S002,West,I039,Phone,electronics,0,38535,,0
T0786,C197,2024-02-05,S002,East,I075,Chair,Electronics,1,45797,0,45797
T0603,C000,01-03-2024,S004,North,I046,Laptop,,0,16314,,0
T0057,C150,2024-02-05,S003,West,I007,Laptop,,-1,41632,500,-42132
T0950,C121,2024/01/02,S004,North,I053,TV,Furniture,3,26631,500,79393
T0345,C166,2024/01/02,S003,South,I008,TV,Furniture,3,8113,1000,23339
T0740,C125,2024-01-01,S004,East,I002,Chair,Electronics,1,35912,500,35412
T0473,C056,01-03-2024,S002,North,I053,Chair,electronics,4,5118,1000,19472
T0116,C080,2024-01-01,S004,North,I020,Phone,Furniture,-2,18717,500,-37934
T0829,C161,2024/01/02,S004,West,I094,Chair,Electronics,0,27968,500,-500
T0790,C168,01-03-2024,S003,North,I047,Chair,Furniture,-1,40335,,-40335
T0126,C072,2024-01-01,S002,North,I046,Chair,electronics,4,42874,500,170996
T0392,C140,2024-01-01,S003,South,I087,Table,Electronics,1,31190,,31190
T0907,C069,2024-01-01,S004,East,I067,Table,Furniture,4,36909,,147636
T0640,C005,2024-01-01,S001,West,I083,Phone,electronics,1,1989,500,1489
T0057,C083,2024-01-01,S004,West,I062,Phone,Electronics,-2,24160,0,-48320
T0633,C051,01-03-2024,S004,North,I015,Laptop,Electronics,2,10191,,20382
T0512,C002,2024-01-01,S003,South,I073,Phone,Electronics,0,46383,500,-500
T0750,C080,01-03-2024,S001,North,I089,Laptop,,-1,19139,0,-19139
T0801,C062,2024-01-01,S001,North,I092,Chair,Electronics,1,43389,500,42889
T0095,C048,2024/01/02,S003,West,I004,Phone,Furniture,4,3818,500,14772
T0637,C075,2024/01/02,S002,North,I010,Phone,Electronics,0,22019,0,0
T0117,C111,2024-01-01,S001,North,I028,Phone,Electronics,4,42116,500,167964
T0559,C174,2024-02-05,S001,South,I078,Laptop,Electronics,-1,9798,,-9798
T0600,C108,2024/01/02,S003,West,I069,Laptop,Electronics,3,47351,1000,141053
T0487,C182,01-03-2024,S002,East,I047,TV,Electronics,3,34498,1000,102494
T0236,C191,2024-01-01,S002,South,I014,Laptop,,-1,21544,500,-22044
T0884,C064,01-03-2024,S004,South,I083,Laptop,electronics,3,17475,1000,51425
T0896,C080,2024-02-05,S004,South,I033,Table,,1,48151,1000,47151
T0271,C194,2024-01-01,S003,West,I059,Phone,Furniture,0,37458,1000,-1000
T0188,C014,2024/01/02,S002,North,I061,Laptop,electronics,-1,6966,,-6966
T0998,C099,01-03-2024,S003,East,I001,Phone,Furniture,1,28644,,28644
T0703,C031,2024/01/02,S004,West,I079,Phone,Electronics,0,42090,1000,-1000
T0446,C095,2024/01/02,S003,North,I018,Table,Furniture,0,5021,0,0
T0580,C127,2024-01-01,S003,South,I097,Phone,,1,46213,0,46213
T0789,C195,01-03-2024,S001,West,I048,Laptop,,0,41622,0,0
T0860,C145,2024-02-05,S001,North,I077,Phone,Electronics,2,32859,,65718
T0246,C112,2024/01/02,S001,East,I087,TV,Electronics,-1,22765,,-22765
T0962,C082,2024-01-01,S004,East,I027,TV,electronics,-1,25042,,-25042
T0075,C042,2024-01-01,S003,North,I047,Table,,0,6349,,0
T0153,C115,2024-02-05,S001,West,I095,Laptop,,1,893,1000,-107
T0655,C162,2024-01-01,S001,South,I036,Table,electronics,-2,27779,,-55558
T0434,C077,2024/01/02,S001,North,I073,TV,,3,14093,1000,41279
T0996,C057,2024-01-01,S004,South,I048,Laptop,electronics,0,33854,0,0
T0085,C032,01-03-2024,S004,East,I047,Phone,,-2,25633,1000,-52266
T0696,C013,01-03-2024,S003,North,I072,Laptop,Furniture,0,3695,0,0
T0284,C161,2024/01/02,S003,East,I087,Chair,Furniture,-2,48395,,-96790
T0973,C188,01-03-2024,S003,South,I099,Laptop,electronics,0,47281,0,0
T0219,C131,2024-02-05,S001,South,I028,Phone,electronics,1,2356,0,2356
T0068,C058,2024-01-01,S002,North,I059,Chair,Electronics,3,12201,1000,35603
T0046,C156,2024/01/02,S004,North,I028,Table,,4,46590,0,186360
T0093,C082,2024-02-05,S001,North,I057,Laptop,Furniture,4,29508,500,117532
T0749,C133,2024-01-01,S001,East,I047,Table,Electronics,-2,31046,0,-62092
T0957,C120,2024-02-05,S003,South,I022,Laptop,,2,43282,,86564
T0452,C176,2024/01/02,S003,South,I026,TV,Furniture,1,37044,0,37044
T0203,C167,2024/01/02,S001,East,I094,TV,,3,8061,500,23683
T0911,C082,2024-02-05,S004,North,I006,Phone,electronics,0,15516,1000,-1000
T0217,C192,2024-01-01,S004,West,I048,TV,Furniture,-2,38122,0,-76244
T0473,C196,01-03-2024,S001,North,I053,Chair,Furniture,3,8529,500,25087
T0431,C026,01-03-2024,S002,West,I067,Chair,Electronics,-1,13883,,-13883
T0340,C079,2024-02-05,S002,West,I077,Laptop,,1,24390,,24390
T0550,C133,2024/01/02,S004,East,I041,Table,electronics,-2,45785,1000,-92570
T0611,C012,2024-01-01,S003,South,I073,Chair,electronics,1,34600,,34600
T0288,C063,2024-01-01,S002,South,I058,Laptop,,-2,48343,500,-97186
T0253,C189,2024/01/02,S002,South,I043,Table,,4,44121,0,176484
T0733,C146,01-03-2024,S003,South,I097,TV,electronics,-1,33682,500,-34182
T0356,C079,2024-01-01,S002,East,I025,Laptop,,2,29385,1000,57770
T0022,C122,2024-02-05,S001,West,I022,Table,Electronics,-1,39903,0,-39903
T0761,C042,01-03-2024,S002,South,I072,Phone,,0,1286,500,-500
T0521,C088,2024-02-05,S003,West,I007,Phone,Electronics,1,18709,1000,17709
T0757,C147,01-03-2024,S001,East,I052,Chair,Electronics,2,9276,1000,17552
T0836,C094,2024/01/02,S002,North,I013,Table,,1,25473,0,25473
T0099,C195,2024-02-05,S004,East,I070,Phone,Furniture,3,32055,0,96165
T0801,C171,2024-02-05,S001,South,I006,Chair,Furniture,-2,21657,,-43314
T0179,C150,2024/01/02,S001,North,I008,Laptop,Electronics,0,28838,,0
T0222,C001,2024-02-05,S004,East,I002,Laptop,,0,25219,0,0
T0905,C119,01-03-2024,S004,East,I077,Table,Electronics,1,17003,,17003
T0761,C021,2024-01-01,S002,West,I016,Table,,4,10838,0,43352
T0658,C114,2024-01-01,S002,East,I043,Table,,0,5141,,0
T0441,C056,2024/01/02,S003,North,I085,Table,electronics,1,23354,500,22854
T0607,C071,01-03-2024,S003,East,I045,Phone,Furniture,-2,40627,1000,-82254
T0768,C006,2024-02-05,S001,South,I089,Phone,Furniture,-2,9350,0,-18700
T0324,C183,2024-02-05,S004,West,I057,Chair,electronics,1,26912,0,26912
T0515,C118,2024-01-01,S004,North,I027,Phone,electronics,-1,25788,0,-25788
T0015,C194,2024-02-05,S003,North,I013,Laptop,electronics,-1,19890,500,-20390
T0791,C113,2024-01-01,S001,East,I008,Chair,Electronics,-2,1046,1000,-3092
T0335,C015,2024/01/02,S001,South,I025,Phone,Electronics,2,36898,,73796
T0758,C082,2024-02-05,S003,West,I001,Table,Electronics,-1,8427,,-8427
T0257,C178,01-03-2024,S003,North,I074,Phone,Electronics,1,1236,1000,236
T0496,C071,2024-02-05,S003,West,I080,TV,Electronics,-2,32015,,-64030
T0987,C123,2024-01-01,S002,East,I033,Chair,Furniture,0,26038,0,0
T0895,C112,2024/01/02,S001,South,I018,Phone,Furniture,0,654,1000,-1000
T0159,C011,2024-01-01,S001,East,I038,Phone,,4,23521,500,93584
T0474,C125,2024-02-05,S001,West,I081,Laptop,Furniture,-1,13333,1000,-14333
T0851,C052,2024-01-01,S003,East,I012,Table,electronics,2,30993,0,61986
T0663,C074,2024-01-01,S003,West,I004,Table,Furniture,3,36271,1000,107813
T0907,C132,2024/01/02,S003,North,I049,Laptop,electronics,-1,18738,500,-19238
T0689,C026,01-03-2024,S003,North,I022,Laptop,Furniture,2,1048,500,1596
T0674,C139,2024-02-05,S004,East,I087,TV,Electronics,-1,32802,1000,-33802
T0379,C144,2024/01/02,S003,North,I028,Chair,Furniture,0,41163,1000,-1000
T0544,C133,01-03-2024,S002,West,I071,Table,,2,24293,,48586
T0928,C096,2024-01-01,S004,North,I025,Laptop,Electronics,0,7307,,0
T0956,C004,01-03-2024,S004,South,I078,Laptop,Electronics,4,9338,0,37352
T0690,C056,2024-01-01,S003,South,I056,Chair,,1,7519,,7519
T0426,C155,2024-01-01,S001,East,I000,Laptop,Furniture,1,20510,0,20510
T0612,C077,2024/01/02,S003,East,I027,TV,Furniture,-2,6056,0,-12112
T0267,C068,2024-01-01,S001,East,I061,Chair,,0,14725,1000,-1000
T0834,C117,2024/01/02,S003,East,I046,TV,Electronics,0,23853,,0
T0576,C119,01-03-2024,S003,West,I077,Phone,,4,7422,500,29188
T0416,C058,01-03-2024,S001,West,I097,Table,electronics,-2,2714,500,-5928
T0167,C032,2024-01-01,S001,South,I058,Laptop,electronics,1,48333,1000,47333
T0841,C061,2024/01/02,S001,West,I030,Chair,Furniture,1,44391,500,43891
T0042,C049,2024-01-01,S001,North,I069,TV,Electronics,2,25639,500,50778
T0555,C111,2024/01/02,S002,South,I048,Table,electronics,2,3371,1000,5742
T0284,C018,2024/01/02,S001,East,I004,Table,,3,9129,500,26887
T0396,C196,2024/01/02,S003,East,I030,Laptop,Furniture,4,5778,1000,22112
T0011,C122,01-03-2024,S003,West,I036,Table,Furniture,1,19672,0,19672
T0606,C193,2024/01/02,S002,South,I078,Laptop,Electronics,3,48089,,144267
T0301,C046,01-03-2024,S001,West,I014,Phone,electronics,-1,29195,500,-29695
T0897,C166,2024/01/02,S003,West,I051,Laptop,Furniture,0,15671,1000,-1000
T0252,C195,01-03-2024,S002,West,I068,TV,,2,43262,500,86024
T0498,C032,2024-02-05,S003,South,I091,Table,electronics,-1,19818,,-19818
T0753,C140,01-03-2024,S002,East,I096,Table,Furniture,2,15966,500,31432
T0034,C083,01-03-2024,S002,North,I010,Table,Furniture,-2,2298,0,-4596
T0726,C181,2024-01-01,S004,East,I042,Laptop,electronics,0,9507,1000,-1000
T0848,C134,2024/01/02,S004,South,I069,Chair,electronics,3,9172,,27516
T0089,C078,2024-02-05,S001,East,I022,Laptop,Electronics,3,17238,0,51714
T0775,C013,2024-01-01,S004,East,I039,TV,,2,5317,500,10134
T0604,C146,2024/01/02,S002,North,I062,Laptop,Electronics,1,31360,500,30860
T0921,C127,2024-02-05,S003,East,I001,Table,Electronics,4,41760,500,166540
T0969,C053,2024-02-05,S003,East,I078,Phone,,3,10511,,31533
T0601,C147,2024-02-05,S001,East,I086,TV,,-2,33238,1000,-67476
T0417,C028,2024/01/02,S004,West,I085,Phone,Electronics,-2,34600,,-69200
T0114,C023,2024-02-05,S001,South,I072,TV,electronics,1,48382,0,48382
T0616,C081,2024-02-05,S002,South,I046,TV,,-2,5359,1000,-11718
T0902,C062,2024-01-01,S004,North,I029,Table,Electronics,4,29684,,118736
T0195,C104,01-03-2024,S001,West,I015,Laptop,electronics,0,14216,500,-500
T0825,C056,2024/01/02,S003,West,I058,Table,Furniture,2,22883,0,45766
T0500,C135,01-03-2024,S003,East,I046,Table,electronics,-2,42049,500,-84598
T0625,C061,2024-01-01,S001,South,I029,Table,Electronics,0,21255,,0
T0492,C156,01-03-2024,S001,North,I008,Phone,,1,32489,0,32489
T0074,C016,2024-02-05,S001,West,I064,TV,electronics,2,33283,1000,65566
T0412,C065,2024-02-05,S002,East,I058,Chair,electronics,1,31148,1000,30148
T0375,C005,2024/01/02,S002,North,I063,Laptop,electronics,2,32221,,64442
T0419,C057,2024/01/02,S003,West,I007,Table,,4,27641,,110564
T0728,C068,2024/01/02,S002,North,I051,TV,,-2,36205,1000,-73410
T0276,C155,2024-01-01,S002,West,I017,Laptop,electronics,-2,21742,1000,-44484
T0760,C061,2024/01/02,S004,North,I090,Chair,electronics,2,40895,,81790
T0675,C168,2024-01-01,S002,West,I081,Chair,Electronics,0,37925,1000,-1000
T0393,C196,2024-02-05,S004,West,I095,Table,,0,39835,0,0
T0868,C081,01-03-2024,S002,North,I057,Chair,electronics,0,34488,,0
T0456,C168,2024-02-05,S003,West,I048,Chair,,-1,29020,0,-29020
T0919,C176,2024-02-05,S001,West,I031,Laptop,,3,40861,500,122083
T0191,C176,2024-02-05,S003,West,I047,Laptop,,3,31127,0,93381
T0738,C070,2024/01/02,S002,North,I044,Table,Electronics,3,30580,,91740
T0688,C130,2024/01/02,S001,North,I053,TV,Furniture,0,7486,500,-500
T0098,C009,2024/01/02,S001,West,I099,Table,,-2,37761,1000,-76522
T0547,C097,01-03-2024,S001,West,I099,Phone,,4,21580,0,86320
T0977,C088,2024/01/02,S004,North,I084,Chair,electronics,-1,37724,0,-37724
T0998,C034,2024-01-01,S003,East,I045,TV,,0,3755,,0
T0095,C001,2024-02-05,S004,West,I095,Laptop,Furniture,-2,24968,1000,-50936
T0663,C123,01-03-2024,S001,East,I030,Phone,,-1,49128,,-49128
T0662,C023,01-03-2024,S003,North,I036,Phone,Electronics,-2,31229,1000,-63458
T0189,C073,01-03-2024,S003,West,I015,Chair,electronics,2,16563,,33126
T0735,C165,01-03-2024,S002,East,I045,Laptop,Furniture,-2,30180,1000,-61360
T0036,C021,01-03-2024,S004,North,I045,TV,Electronics,-1,45292,500,-45792
T0779,C153,2024-01-01,S004,East,I077,Laptop,Furniture,0,4408,,0
T0368,C170,2024-02-05,S002,South,I087,Chair,electronics,3,18346,500,54538
T0694,C182,01-03-2024,S004,North,I088,Phone,,-1,33486,,-33486
T0524,C038,2024-02-05,S001,South,I060,Chair,electronics,0,11570,,0
T0278,C156,2024/01/02,S001,North,I045,Table,electronics,0,48360,,0
T0216,C019,01-03-2024,S004,North,I050,Phone,,4,40982,0,163928
T0866,C040,01-03-2024,S002,West,I061,Chair,Electronics,1,12288,,12288
T0872,C181,2024-02-05,S003,South,I034,TV,Furniture,4,10769,1000,42076
T0797,C147,01-03-2024,S004,South,I080,TV,Electronics,2,11543,0,23086
T0272,C107,01-03-2024,S003,South,I041,TV,,1,19729,1000,18729
T0880,C146,01-03-2024,S002,North,I044,Table,Furniture,3,27054,1000,80162
T0061,C083,2024-01-01,S003,South,I067,Laptop,,-1,7335,1000,-8335
T0595,C110,2024-01-01,S002,South,I074,TV,Electronics,1,10014,1000,9014
T0879,C065,01-03-2024,S002,West,I046,Table,electronics,3,42949,1000,127847
T0728,C157,2024-01-01,S001,East,I078,TV,Furniture,0,28647,500,-500
T0341,C052,2024/01/02,S001,East,I029,Table,,-1,48535,0,-48535
T0396,C033,01-03-2024,S002,South,I023,TV,Furniture,1,11693,1000,10693
T0698,C149,2024/01/02,S004,South,I065,Laptop,Furniture,-2,41028,500,-82556
T0018,C066,2024-02-05,S001,South,I042,Chair,Electronics,3,27985,500,83455
T0176,C133,2024/01/02,S002,South,I033,TV,electronics,3,9391,1000,27173
T0611,C026,2024-02-05,S003,East,I022,Chair,Furniture,2,45078,,90156
T0395,C009,01-03-2024,S003,West,I060,TV,Electronics,-2,4232,1000,-9464
T0444,C072,2024-02-05,S004,North,I094,Laptop,Furniture,-1,31783,500,-32283
T0232,C095,2024-02-05,S003,South,I036,Chair,electronics,1,944,1000,-56
T0914,C047,2024/01/02,S003,South,I012,Table,Furniture,0,31969,500,-500
T0075,C069,2024/01/02,S002,East,I096,TV,electronics,1,31616,1000,30616
T0264,C186,2024/01/02,S003,South,I070,TV,Electronics,4,34511,500,137544
T0454,C099,01-03-2024,S003,West,I095,Table,Electronics,-1,34131,1000,-35131
T0795,C058,01-03-2024,S003,West,I006,Laptop,electronics,-1,35802,,-35802
T0717,C001,2024/01/02,S003,South,I041,Phone,electronics,-1,22623,,-22623
T0734,C156,01-03-2024,S002,East,I037,TV,Electronics,-1,40042,500,-40542
T0383,C195,01-03-2024,S003,South,I051,Table,electronics,4,33083,,132332
T0563,C064,2024-02-05,S004,South,I043,Phone,electronics,3,4876,,14628
T0850,C082,2024-02-05,S001,East,I063,TV,,1,18824,0,18824
T0505,C153,2024/01/02,S004,West,I012,Chair,Furniture,-2,14200,1000,-29400
T0366,C009,01-03-2024,S001,North,I087,Table,Electronics,0,42567,1000,-1000
T0143,C052,2024-02-05,S004,South,I027,Chair,Electronics,0,33984,,0
T0884,C078,2024-01-01,S001,West,I095,Laptop,,2,40618,,81236
T0068,C058,01-03-2024,S001,South,I081,Phone,electronics,3,46448,500,138844
T0098,C149,2024-01-01,S001,North,I097,Table,electronics,-1,14032,1000,-15032
T0395,C178,2024/01/02,S001,East,I097,TV,electronics,-1,43800,0,-43800
T0024,C047,01-03-2024,S002,West,I000,TV,Electronics,-1,21818,0,-21818
T0947,C148,2024/01/02,S004,North,I042,Phone,,3,46114,,138342
T0890,C122,2024/01/02,S001,South,I041,Chair,Furniture,-2,19740,500,-39980
T0468,C021,2024/01/02,S004,North,I094,Chair,,-1,42208,500,-42708
T0483,C099,2024/01/02,S003,West,I049,Table,Electronics,2,19660,1000,38320
T0564,C097,2024/01/02,S001,East,I059,Table,Furniture,2,6480,,12960
T0150,C157,01-03-2024,S004,South,I000,Chair,electronics,-2,47856,,-95712
T0143,C024,2024-01-01,S002,East,I050,Table,,3,28929,500,86287
T0568,C027,01-03-2024,S004,East,I015,Chair,,-1,48701,0,-48701
T0038,C192,01-03-2024,S001,North,I038,Phone,Electronics,4,29679,0,118716
T0108,C112,01-03-2024,S003,North,I014,Table,,1,30300,1000,29300
T0692,C044,2024-02-05,S004,West,I032,Chair,Furniture,1,19829,,19829
T0041,C067,2024-02-05,S003,West,I086,Table,,0,28637,,0
T0185,C006,01-03-2024,S002,East,I052,TV,Electronics,-2,42200,0,-84400
T0934,C048,2024-01-01,S004,West,I097,TV,,1,24225,,24225
T0397,C136,01-03-2024,S004,East,I016,Laptop,Furniture,0,5755,,0
T0222,C163,2024/01/02,S002,South,I088,Chair,Furniture,2,2548,500,4596
T0633,C082,2024-02-05,S002,East,I005,Laptop,Electronics,0,14285,1000,-1000
T0132,C128,2024-02-05,S002,West,I030,Chair,electronics,-1,17311,1000,-18311
T0162,C137,01-03-2024,S001,West,I068,Table,Electronics,-1,22380,1000,-23380
T0214,C163,01-03-2024,S001,East,I039,Chair,electronics,2,34071,500,67642
T0732,C072,2024-01-01,S004,North,I029,TV,Furniture,-2,39487,1000,-79974
T0234,C045,2024-01-01,S004,East,I068,Table,,3,6898,1000,19694
T0842,C105,2024/01/02,S004,East,I075,TV,,-1,17328,0,-17328
T0657,C159,01-03-2024,S003,North,I006,Table,Furniture,-1,35839,0,-35839
T0750,C031,01-03-2024,S002,South,I012,Chair,Electronics,0,34136,1000,-1000
T0587,C005,01-03-2024,S004,North,I003,Chair,,0,48820,500,-500
T0008,C175,2024-02-05,S002,West,I049,TV,Electronics,0,29409,500,-500
T0073,C165,2024/01/02,S001,North,I002,Phone,,1,4844,500,4344
T0953,C144,2024-01-01,S002,West,I011,Chair,electronics,4,40603,,162412
T0491,C073,2024-02-05,S003,West,I064,Phone,,2,14648,,29296
T0912,C113,2024-02-05,S003,East,I026,Table,electronics,-2,42689,500,-85878
T0252,C026,2024-02-05,S002,East,I049,Phone,,0,3630,0,0
T0229,C053,2024-02-05,S003,South,I076,TV,,-2,37953,,-75906
T0518,C177,2024/01/02,S003,West,I016,Laptop,,4,9095,500,35880
T0173,C162,01-03-2024,S001,East,I071,Laptop,,0,24803,,0
T0652,C084,2024-01-01,S004,West,I031,TV,,-1,25627,,-25627
T0167,C126,2024-01-01,S003,South,I083,Laptop,Electronics,4,35132,,140528
T0169,C152,2024-02-05,S004,West,I050,TV,electronics,-2,31530,,-63060
T0392,C155,2024-02-05,S002,South,I016,Chair,electronics,1,119,500,-381
T0945,C110,2024/01/02,S002,South,I033,Phone,,0,45830,,0
T0794,C014,2024-02-05,S003,South,I034,Laptop,Electronics,3,23341,1000,69023
T0633,C131,2024-01-01,S002,East,I098,Chair,Electronics,2,7396,500,14292
T0193,C092,2024-01-01,S001,North,I023,Laptop,Furniture,-1,16433,500,-16933
T0516,C122,01-03-2024,S003,North,I053,Table,Furniture,4,41616,500,165964
T0028,C072,01-03-2024,S003,East,I017,TV,Electronics,4,18728,,74912
T0164,C154,2024-01-01,S003,West,I049,TV,Furniture,0,19467,500,-500
T0421,C153,2024-01-01,S002,East,I045,Chair,electronics,4,11855,0,47420
T0338,C146,2024/01/02,S002,West,I047,Table,Electronics,-2,35593,1000,-72186
T0647,C091,2024/01/02,S003,South,I032,Phone,Furniture,0,21850,0,0
T0495,C016,2024-01-01,S004,East,I086,Table,Electronics,-1,13125,1000,-14125
T0364,C042,2024-02-05,S002,North,I088,Table,Furniture,2,4987,1000,8974
T0832,C120,01-03-2024,S002,West,I026,Phone,Electronics,2,13758,,27516
T0341,C040,2024-01-01,S003,East,I000,Phone,,2,49448,1000,97896
T0499,C169,2024-02-05,S004,East,I084,Table,electronics,3,5326,1000,14978
T0656,C177,2024-01-01,S003,West,I058,Laptop,Furniture,-1,35696,0,-35696
T0510,C167,01-03-2024,S002,South,I009,Laptop,,3,45899,1000,136697
T0326,C038,01-03-2024,S003,South,I094,Table,Electronics,3,4088,500,11764
T0216,C112,2024/01/02,S003,South,I024,Laptop,,4,21763,500,86552
T0300,C150,2024/01/02,S003,South,I083,Phone,electronics,0,18953,1000,-1000
T0131,C110,2024/01/02,S004,West,I056,Phone,Furniture,-1,18114,500,-18614
T0803,C179,2024/01/02,S003,North,I065,Laptop,Furniture,-1,14339,,-14339
T0069,C046,01-03-2024,S002,East,I014,Phone,Electronics,4,36146,500,144084
T0251,C062,2024-02-05,S003,East,I027,TV,electronics,0,18522,,0
T0414,C109,2024-02-05,S004,South,I012,Phone,,1,21916,1000,20916
T0786,C068,2024-02-05,S001,West,I013,Table,Electronics,3,27155,,81465
T0444,C042,2024-01-01,S004,North,I065,Chair,Furniture,2,6570,,13140
T0875,C175,2024/01/02,S003,North,I033,Laptop,,-2,23561,1000,-48122
T0181,C033,2024/01/02,S001,East,I098,Laptop,Electronics,3,45634,1000,135902
T0166,C039,01-03-2024,S003,South,I024,Phone,,-2,4861,,-9722
T0090,C060,01-03-2024,S004,East,I053,Phone,,0,21703,0,0
T0713,C177,2024-01-01,S001,East,I078,Chair,Electronics,-2,34255,1000,-69510
T0857,C194,2024-01-01,S001,North,I011,Chair,,1,49893,1000,48893
T0530,C061,2024-02-05,S003,West,I008,Table,,-1,48014,0,-48014
T0038,C057,01-03-2024,S003,North,I030,TV,electronics,2,22096,500,43692
T0125,C160,2024/01/02,S004,East,I077,Table,electronics,-2,40078,0,-80156
T0450,C074,2024-02-05,S003,South,I092,Laptop,Furniture,-2,33442,500,-67384
T0172,C015,2024/01/02,S001,South,I052,Phone,electronics,0,10013,0,0
T0652,C081,2024-02-05,S002,West,I042,Table,Electronics,0,42078,,0
T0753,C093,2024/01/02,S002,West,I037,Phone,,4,40664,1000,161656
T0219,C047,2024-01-01,S004,West,I041,Phone,Furniture,-1,30099,0,-30099
T0637,C137,2024-02-05,S003,East,I071,Table,electronics,2,31848,1000,62696
T0057,C081,2024/01/02,S004,East,I047,Table,,4,32431,500,129224
T0659,C037,2024/01/02,S002,West,I066,Chair,Electronics,4,44480,,177920
T0475,C126,01-03-2024,S002,South,I065,TV,,-2,34324,1000,-69648
T0455,C018,2024-02-05,S003,South,I015,Chair,Electronics,-1,34463,0,-34463
T0828,C163,2024/01/02,S001,South,I082,TV,,2,24792,0,49584
T0894,C186,01-03-2024,S003,East,I093,Table,Furniture,-1,8086,,-8086
T0360,C062,2024/01/02,S002,North,I015,TV,Furniture,-2,13246,500,-26992
T0934,C076,2024-02-05,S001,South,I030,Laptop,electronics,0,42910,,0
T0000,C173,2024-01-01,S004,South,I057,Chair,electronics,0,33699,,0
T0386,C130,2024-02-05,S002,South,I027,Chair,,0,21452,1000,-1000
T0972,C101,2024-02-05,S004,West,I003,Chair,,1,11073,500,10573
T0347,C064,2024/01/02,S001,East,I009,Phone,electronics,-1,18601,,-18601
T0189,C119,2024/01/02,S004,West,I050,Phone,electronics,-2,20966,1000,-42932
T0504,C090,2024-02-05,S002,West,I017,Table,,-1,18490,1000,-19490
T0190,C007,01-03-2024,S003,North,I046,Table,,0,43631,500,-500
T0507,C178,01-03-2024,S004,West,I031,Phone,,3,41356,500,123568
T0368,C072,01-03-2024,S002,North,I029,Chair,Furniture,3,39628,1000,117884
T0408,C133,2024/01/02,S002,West,I035,Phone,Electronics,-1,41778,500,-42278
T0823,C106,2024/01/02,S001,South,I008,TV,Electronics,2,27812,1000,54624
T0928,C088,2024-02-05,S002,East,I035,Chair,electronics,3,5794,500,16882
T0933,C038,2024-01-01,S003,West,I028,Phone,Furniture,3,19563,500,58189
T0116,C112,2024/01/02,S003,North,I015,Table,,-1,21762,500,-22262
T0133,C187,2024-02-05,S004,East,I091,Phone,,4,110,0,440
T0057,C027,2024-02-05,S004,North,I020,Laptop,electronics,1,37748,500,37248
T0555,C096,2024-01-01,S004,South,I063,Phone,electronics,1,49662,0,49662
T0684,C181,01-03-2024,S004,West,I065,Chair,Furniture,0,27615,1000,-1000
T0671,C036,2024-02-05,S003,East,I058,Phone,Electronics,-2,10946,,-21892
T0172,C136,2024-02-05,S001,South,I098,Table,Electronics,4,47358,,189432
T0828,C081,2024-02-05,S004,West,I027,TV,,2,46385,,92770
T0814,C055,01-03-2024,S001,West,I054,Laptop,electronics,4,28126,1000,111504
T0148,C186,01-03-2024,S002,North,I099,Chair,Furniture,-2,17082,500,-34664
T0079,C084,2024-01-01,S002,North,I030,Table,,-2,17307,0,-34614
T0885,C001,2024/01/02,S004,South,I032,Laptop,Electronics,2,43457,1000,85914
T0212,C188,01-03-2024,S002,North,I086,Phone,Electronics,1,38085,,38085
T0202,C057,2024/01/02,S001,South,I059,Laptop,Furniture,4,39954,,159816
T0763,C106,2024/01/02,S001,South,I040,TV,,3,12406,,37218
T0228,C122,01-03-2024,S002,South,I080,Laptop,Furniture,0,412,,0
T0675,C187,2024-02-05,S004,North,I045,Laptop,,-1,44034,0,-44034
T0226,C167,2024-01-01,S001,East,I048,Phone,Electronics,1,6771,,6771
T0658,C163,2024/01/02,S001,South,I064,Phone,electronics,0,23184,0,0
T0531,C113,2024-02-05,S003,East,I041,Chair,electronics,3,44798,,134394
T0440,C106,01-03-2024,S004,West,I022,Phone,Electronics,1,35360,1000,34360
T0401,C036,2024/01/02,S003,North,I026,Laptop,electronics,4,43005,0,172020
T0046,C078,2024/01/02,S002,North,I088,TV,electronics,2,16714,0,33428
T0232,C091,2024/01/02,S002,East,I031,Phone,,-2,10964,1000,-22928
T0304,C017,2024-02-05,S003,West,I082,Chair,Furniture,2,48214,,96428
T0525,C097,2024-02-05,S004,West,I087,Chair,,3,15324,,45972
T0142,C062,2024-02-05,S001,South,I002,Laptop,Furniture,-1,47562,500,-48062
T0414,C149,2024/01/02,S002,North,I059,Phone,Furniture,2,44514,500,88528
T0512,C138,2024/01/02,S004,West,I075,Phone,electronics,3,44643,0,133929
T0372,C185,2024-01-01,S004,West,I098,Chair,Furniture,-2,143,500,-786
T0565,C184,2024-01-01,S002,South,I078,Phone,Furniture,1,40400,1000,39400
T0885,C003,2024-02-05,S002,South,I016,Laptop,Electronics,0,24576,1000,-1000
T0258,C134,2024-02-05,S004,East,I031,TV,Furniture,3,27600,1000,81800
T0655,C060,01-03-2024,S001,North,I006,Laptop,Electronics,3,28369,0,85107
T0470,C106,2024-02-05,S003,West,I082,Phone,,4,19941,1000,78764
T0952,C053,2024-01-01,S002,East,I070,Laptop,electronics,-1,38252,0,-38252
T0970,C087,2024-01-01,S003,North,I068,Table,Furniture,1,31031,0,31031
T0011,C067,2024-01-01,S004,East,I057,Table,Electronics,3,5715,1000,16145
T0329,C128,2024/01/02,S003,North,I039,Phone,,3,28061,1000,83183
T0735,C054,2024/01/02,S001,North,I084,Phone,,0,32613,0,0
T0783,C002,2024-02-05,S004,West,I047,TV,,-2,21990,1000,-44980
T0967,C165,01-03-2024,S001,North,I050,Laptop,Electronics,2,26970,500,53440
T0357,C120,01-03-2024,S004,South,I056,TV,Electronics,4,35863,0,143452
T0971,C128,01-03-2024,S001,West,I070,Phone,electronics,1,45976,,45976
T0407,C101,2024/01/02,S004,South,I036,Phone,Furniture,0,47275,0,0
T0667,C037,2024-01-01,S001,East,I086,Chair,,0,44427,1000,-1000
T0372,C084,2024-01-01,S004,East,I074,TV,electronics,2,43402,1000,85804
T0007,C156,2024/01/02,S001,North,I073,Phone,Electronics,1,24846,0,24846
T0121,C132,01-03-2024,S004,North,I084,Table,electronics,1,37209,0,37209
T0347,C091,01-03-2024,S001,South,I054,Chair,,4,29936,,119744
T0675,C020,2024-02-05,S002,South,I040,Laptop,,-2,9931,,-19862
T0089,C198,2024-02-05,S003,South,I096,Chair,electronics,1,33484,0,33484
T0647,C194,01-03-2024,S004,East,I019,Laptop,,4,33107,1000,131428
T0697,C108,2024/01/02,S001,South,I032,Table,Electronics,3,38920,0,116760
T0315,C046,01-03-2024,S002,West,I039,Laptop,,2,39322,500,78144
T0177,C083,2024-02-05,S004,West,I098,TV,Furniture,1,29169,500,28669
T0539,C082,01-03-2024,S004,East,I033,Laptop,Furniture,-2,42916,1000,-86832
T0731,C034,2024/01/02,S004,South,I061,Laptop,,0,41982,0,0
T0868,C195,2024-01-01,S003,South,I099,Chair,electronics,3,17296,0,51888
T0040,C068,2024/01/02,S001,North,I090,Table,,1,5099,500,4599
T0739,C128,2024/01/02,S001,West,I018,Laptop,Furniture,2,24126,0,48252
T0703,C195,2024-02-05,S004,East,I042,TV,Electronics,1,1830,1000,830
T0922,C139,2024/01/02,S004,South,I068,Chair,Furniture,4,3524,1000,13096
T0501,C187,2024/01/02,S004,North,I062,Table,,-1,38930,,-38930
T0958,C026,2024-02-05,S002,East,I092,Table,,-2,29816,1000,-60632
T0144,C055,2024-02-05,S004,East,I009,Phone,electronics,0,31326,0,0
T0200,C022,2024-01-01,S003,West,I012,TV,,-1,2307,0,-2307
T0928,C152,01-03-2024,S001,South,I092,Chair,,2,13131,500,25762
T0723,C020,2024/01/02,S003,East,I004,Chair,Electronics,1,28108,500,27608
T0460,C060,2024-02-05,S004,North,I057,TV,Electronics,-2,29584,1000,-60168
T0731,C062,2024-01-01,S002,North,I058,Table,Electronics,3,46735,,140205
T0751,C121,01-03-2024,S004,East,I075,Laptop,electronics,4,3468,0,13872
T0924,C051,2024-02-05,S004,North,I058,TV,electronics,4,21955,,87820
T0908,C087,01-03-2024,S004,East,I076,Chair,Furniture,1,2327,0,2327
T0557,C152,01-03-2024,S004,North,I085,TV,electronics,1,48622,1000,47622
T0546,C054,2024/01/02,S004,East,I014,Table,Electronics,1,30422,1000,29422
T0252,C045,2024/01/02,S001,East,I076,Phone,electronics,3,43320,500,129460
T0389,C031,2024-02-05,S003,East,I000,Phone,,1,12917,,12917
T0593,C054,01-03-2024,S002,North,I037,Laptop,electronics,-2,46574,500,-93648
T0882,C095,2024-02-05,S004,East,I052,Laptop,,3,47230,1000,140690
T0255,C132,2024-02-05,S002,West,I051,Table,Furniture,3,13326,,39978
T0708,C035,01-03-2024,S001,East,I000,Laptop,,-1,43977,0,-43977
T0814,C109,2024-02-05,S003,South,I010,Phone,Electronics,2,44580,500,88660
T0920,C176,01-03-2024,S004,South,I057,Table,Furniture,3,31257,1000,92771
T0449,C105,01-03-2024,S001,West,I039,Table,Furniture,-1,20864,0,-20864
T0009,C057,01-03-2024,S001,East,I085,Table,Furniture,-2,18304,1000,-37608
T0823,C038,01-03-2024,S003,South,I098,TV,Electronics,2,288,0,576
T0797,C079,2024-01-01,S004,East,I059,Laptop,,3,30497,500,90991
T0241,C096,01-03-2024,S003,South,I043,Chair,Furniture,0,9514,0,0
T0250,C112,2024/01/02,S003,North,I005,Phone,Electronics,-1,38089,,-38089
T0876,C060,2024/01/02,S002,North,I027,Laptop,Furniture,-2,41538,0,-83076
T0004,C136,2024/01/02,S002,West,I030,Phone,Furniture,-2,6846,1000,-14692
T0118,C005,01-03-2024,S003,West,I007,Laptop,Electronics,-2,14431,0,-28862
T0800,C108,2024/01/02,S002,East,I004,Chair,electronics,4,11354,500,44916
T0373,C034,2024-01-01,S001,West,I053,Phone,Furniture,2,10317,1000,19634
T0064,C038,2024-02-05,S003,East,I016,Chair,electronics,1,15683,1000,14683
T0145,C149,01-03-2024,S004,North,I037,Phone,Furniture,0,37480,1000,-1000
T0223,C168,2024/01/02,S004,North,I008,TV,electronics,2,34418,1000,67836
T0238,C117,2024-01-01,S001,South,I073,TV,,2,15900,,31800
T0176,C004,2024-02-05,S004,East,I083,Phone,electronics,3,30312,1000,89936
T0778,C169,2024-01-01,S004,North,I077,Phone,electronics,4,47433,1000,188732
T0852,C086,2024/01/02,S003,North,I013,Chair,electronics,-1,27592,1000,-28592
T0281,C075,2024-01-01,S001,East,I025,Table,electronics,0,32692,500,-500
T0062,C194,2024-02-05,S003,South,I092,Phone,,-2,5333,500,-11166
T0216,C157,2024/01/02,S001,South,I061,Laptop,Electronics,2,22119,1000,43238
T0853,C056,2024-02-05,S003,South,I090,Laptop,electronics,0,11547,,0
T0826,C126,2024-01-01,S003,South,I024,Laptop,Electronics,-1,14136,0,-14136
T0794,C028,01-03-2024,S002,North,I079,TV,Furniture,1,11098,,11098
T0688,C164,01-03-2024,S004,East,I035,Chair,Electronics,0,32901,1000,-1000
T0460,C086,01-03-2024,S001,East,I097,TV,electronics,4,24971,1000,98884
T0928,C140,01-03-2024,S004,North,I079,Laptop,Electronics,4,27176,,108704
T0609,C159,2024-02-05,S002,North,I032,Phone,,-2,44839,1000,-90678
T0104,C045,01-03-2024,S001,North,I002,Laptop,,4,28252,0,113008
T0098,C115,2024-02-05,S002,West,I086,Phone,electronics,2,1529,500,2558
T0510,C111,2024/01/02,S004,East,I010,Chair,Electronics,1,10481,0,10481
T0384,C150,01-03-2024,S003,East,I057,Table,Furniture,-1,2087,0,-2087
T0404,C044,2024-02-05,S002,East,I063,Phone,,-2,29419,0,-58838
T0822,C144,01-03-2024,S002,South,I017,TV,electronics,1,22755,,22755
T0517,C103,01-03-2024,S003,North,I046,Laptop,,3,19366,,58098
T0475,C084,01-03-2024,S004,North,I043,Laptop,electronics,3,48128,0,144384
T0976,C193,2024-02-05,S002,North,I092,Laptop,Electronics,-1,43837,,-43837
T0708,C133,2024-01-01,S004,West,I058,Phone,Electronics,-2,11989,1000,-24978
T0862,C107,01-03-2024,S003,East,I049,Chair,Electronics,4,49114,500,195956
T0644,C017,01-03-2024,S001,North,I068,Phone,Electronics,2,48577,,97154
T0869,C093,2024/01/02,S002,West,I087,TV,Electronics,-1,1647,,-1647
T0770,C149,2024-01-01,S004,North,I028,Laptop,electronics,4,49714,0,198856
T0436,C032,2024-02-05,S003,South,I092,Phone,,1,44375,500,43875
T0022,C157,2024/01/02,S003,East,I089,Laptop,Furniture,-2,33381,1000,-67762
T0996,C125,01-03-2024,S002,West,I066,TV,,3,45156,1000,134468
T0564,C159,2024/01/02,S001,North,I001,Table,Electronics,3,13650,500,40450
T0676,C169,2024/01/02,S002,East,I024,Table,,0,5274,1000,-1000
T0713,C121,01-03-2024,S004,West,I018,Table,,-2,36434,500,-73368
T0457,C137,2024-01-01,S003,East,I039,Laptop,electronics,1,20287,0,20287
T0082,C114,2024-01-01,S001,East,I001,Phone,Furniture,1,4038,1000,3038
T0144,C163,2024/01/02,S004,South,I082,Laptop,Furniture,0,1571,1000,-1000
T0084,C161,01-03-2024,S002,East,I064,Chair,Electronics,4,16821,500,66784
T0077,C027,2024-02-05,S003,West,I061,Phone,electronics,1,7151,1000,6151
T0456,C010,2024/01/02,S002,East,I090,TV,electronics,4,7544,,30176
T0877,C166,2024-02-05,S001,West,I053,Table,electronics,4,27757,0,111028
T0000,C046,2024/01/02,S001,East,I044,Phone,electronics,-2,36280,1000,-73560
T0050,C126,2024/01/02,S001,North,I048,Phone,electronics,4,29899,1000,118596
T0684,C146,01-03-2024,S001,South,I098,Table,Furniture,3,2492,1000,6476
T0716,C117,01-03-2024,S001,North,I068,TV,Furniture,-1,15829,500,-16329
T0771,C142,2024-02-05,S002,South,I037,Laptop,,3,33844,0,101532
T0445,C125,2024-02-05,S001,West,I003,Laptop,Furniture,4,43305,0,173220
T0448,C155,2024-01-01,S001,South,I016,Phone,electronics,3,29809,1000,88427
T0880,C151,01-03-2024,S003,East,I052,Table,,-2,36936,1000,-74872
T0487,C071,2024/01/02,S001,East,I084,Chair,Furniture,4,9995,500,39480
T0799,C106,2024/01/02,S003,North,I052,TV,,1,17355,0,17355
T0033,C136,2024-01-01,S003,South,I030,Laptop,Furniture,0,3509,,0
T0347,C174,01-03-2024,S003,West,I021,TV,Electronics,0,12844,1000,-1000
T0094,C032,2024/01/02,S002,West,I010,TV,Furniture,2,1649,,3298
T0071,C189,2024-01-01,S002,East,I033,TV,,0,15185,,0
T0550,C018,2024-01-01,S004,West,I014,Table,Electronics,0,44567,0,0
T0153,C194,2024/01/02,S004,East,I009,Table,electronics,1,20945,,20945
T0249,C073,2024/01/02,S003,East,I095,Table,,-1,14836,1000,-15836
T0673,C167,2024-02-05,S002,East,I052,Phone,electronics,-1,35489,1000,-36489
T0437,C174,01-03-2024,S001,North,I047,Table,electronics,1,2629,500,2129
T0117,C192,2024-02-05,S004,North,I030,Phone,,0,43217,0,0
T0770,C156,2024-01-01,S002,East,I036,Laptop,electronics,-2,47609,0,-95218
T0890,C177,2024/01/02,S001,East,I027,Laptop,,3,27032,,81096
T0305,C097,2024-02-05,S001,East,I030,Laptop,,4,8451,1000,32804
T0267,C140,2024-01-01,S002,West,I069,Laptop,Furniture,3,43162,1000,128486
T0960,C128,01-03-2024,S004,East,I013,Laptop,Electronics,-1,11100,500,-11600
T0053,C161,2024/01/02,S002,East,I086,Table,electronics,1,43059,,43059
T0235,C092,2024-02-05,S004,South,I015,Chair,electronics,-2,39267,1000,-79534
T0388,C175,01-03-2024,S003,South,I024,Table,Electronics,0,35449,0,0
T0989,C047,2024-02-05,S002,South,I038,Chair,Electronics,1,23049,500,22549
T0733,C176,2024-01-01,S002,South,I065,Table,Electronics,-1,27669,0,-27669
T0762,C063,01-03-2024,S004,East,I037,Laptop,Electronics,4,46794,500,186676
T0824,C060,2024-02-05,S004,South,I040,TV,Electronics,-2,19418,0,-38836
T0400,C156,01-03-2024,S002,West,I097,Chair,Furniture,-2,18795,,-37590
T0623,C038,2024-01-01,S001,West,I039,TV,,-1,15268,1000,-16268
T0766,C127,01-03-2024,S001,South,I063,Laptop,Electronics,-2,37196,0,-74392
T0302,C087,2024-02-05,S001,North,I088,Chair,Furniture,3,39691,,119073
T0918,C025,2024-01-01,S003,West,I099,TV,Electronics,4,20812,0,83248
T0206,C016,2024/01/02,S003,West,I015,Table,Electronics,-1,19600,,-19600
T0228,C070,2024-02-05,S004,South,I081,Laptop,electronics,3,3847,500,11041
T0852,C012,2024-02-05,S003,South,I076,Table,electronics,1,23308,,23308
T0909,C068,2024-01-01,S001,East,I058,Table,electronics,2,34327,0,68654
T0577,C025,2024-01-01,S002,West,I090,Laptop,electronics,4,4530,1000,17120
T0074,C048,2024/01/02,S003,South,I097,Chair,,0,18935,500,-500
T0434,C194,2024-02-05,S003,South,I010,Phone,,1,40199,500,39699
T0102,C006,2024-01-01,S001,East,I000,Phone,electronics,3,29027,,87081
T0421,C057,2024/01/02,S003,West,I012,Laptop,electronics,0,44048,0,0
T0703,C048,2024/01/02,S004,South,I029,Phone,Electronics,0,9063,,0
T0763,C102,2024-01-01,S002,East,I068,TV,Electronics,3,21525,500,64075
T0737,C052,2024-02-05,S001,South,I017,Chair,electronics,3,17595,1000,51785
T0805,C192,01-03-2024,S004,North,I077,Table,electronics,4,44371,,177484
T0305,C061,01-03-2024,S001,North,I012,Table,electronics,-1,12698,0,-12698
T0097,C016,2024/01/02,S004,South,I031,Laptop,Electronics,2,9886,,19772
T0849,C170,01-03-2024,S002,West,I070,Table,electronics,4,11021,,44084
T0797,C024,01-03-2024,S002,North,I071,TV,electronics,3,42341,,127023
T0334,C130,2024-01-01,S004,East,I049,TV,,0,30353,1000,-1000
T0858,C028,2024/01/02,S004,South,I070,Laptop,,0,20069,0,0
T0434,C116,2024-02-05,S004,East,I079,Table,Electronics,1,24085,0,24085
T0446,C159,2024/01/02,S004,North,I030,Phone,,2,47332,500,94164
T0993,C025,2024-01-01,S004,West,I050,Phone,Electronics,2,11120,500,21740
T0307,C123,01-03-2024,S004,East,I026,Chair,Furniture,0,35241,,0
T0248,C143,2024-02-05,S002,North,I059,Laptop,electronics,2,29561,500,58622
T0165,C024,2024/01/02,S004,North,I032,Chair,Electronics,1,14452,0,14452
T0480,C053,01-03-2024,S003,North,I052,Phone,,-1,15444,,-15444
T0983,C155,2024/01/02,S002,East,I092,Phone,Furniture,0,41401,500,-500
T0334,C072,2024-02-05,S001,North,I071,Phone,,-2,13225,1000,-27450
T0541,C119,2024/01/02,S002,South,I032,Chair,Electronics,0,37591,500,-500
T0758,C055,2024/01/02,S001,North,I040,Laptop,Furniture,0,19302,1000,-1000
T0105,C064,2024/01/02,S001,South,I018,TV,,-1,42332,500,-42832
T0562,C092,01-03-2024,S003,West,I084,TV,Furniture,3,809,0,2427
T0080,C085,2024-02-05,S004,South,I040,Phone,electronics,3,7092,500,20776
T0132,C079,2024-02-05,S004,West,I084,Laptop,electronics,-2,33606,1000,-68212
T0796,C168,01-03-2024,S002,West,I088,Laptop,Furniture,-2,26454,1000,-53908
T0899,C107,01-03-2024,S004,South,I041,Table,,-2,13333,500,-27166
T0137,C178,01-03-2024,S003,West,I022,Table,,3,47560,,142680
T0183,C117,2024-01-01,S002,South,I074,Chair,,4,4690,1000,17760
T0400,C198,2024/01/02,S002,East,I032,Table,electronics,-1,28806,0,-28806
T0329,C156,2024/01/02,S002,West,I019,Chair,Electronics,2,13818,500,27136
T0784,C082,2024-02-05,S004,South,I024,TV,Electronics,-2,22571,1000,-46142
T0507,C146,2024/01/02,S004,West,I089,Phone,Furniture,2,36586,500,72672
T0851,C193,2024-01-01,S004,North,I051,Laptop,,1,13205,500,12705
T0983,C168,01-03-2024,S002,South,I011,TV,Furniture,-1,41069,,-41069
T0068,C172,2024-02-05,S002,North,I031,TV,Electronics,2,5181,500,9862
T0545,C014,2024-02-05,S001,West,I032,Chair,Electronics,3,48922,500,146266
T0773,C130,2024/01/02,S001,West,I073,Phone,,4,42797,500,170688
T0052,C138,2024-02-05,S004,East,I067,Chair,Furniture,3,26818,0,80454
T0449,C180,01-03-2024,S002,South,I014,TV,,-2,20484,500,-41468
T0204,C173,2024-02-05,S004,North,I050,Laptop,Electronics,4,4645,0,18580
T0125,C029,01-03-2024,S004,East,I005,Table,Electronics,-2,5439,500,-11378
T0746,C056,2024-01-01,S001,West,I090,Chair,,4,15453,,61812
T0042,C145,2024-01-01,S003,West,I068,TV,Furniture,2,26476,,52952
T0751,C178,01-03-2024,S004,East,I068,Table,electronics,3,28128,1000,83384
T0970,C127,2024/01/02,S003,North,I081,Table,,2,19200,500,37900
T0882,C047,2024-02-05,S003,West,I091,TV,Electronics,1,4402,,4402
T0110,C193,2024/01/02,S002,West,I034,Phone,electronics,-1,1909,,-1909
T0760,C135,2024-02-05,S002,South,I085,TV,,3,29017,500,86551
T0662,C021,2024-01-01,S004,East,I033,Laptop,electronics,0,5930,1000,-1000
T0182,C005,2024-01-01,S001,West,I062,Table,,3,18481,0,55443
T0847,C184,2024-01-01,S001,North,I067,Laptop,Electronics,1,49024,,49024
T0094,C103,2024-02-05,S004,South,I017,Chair,,3,48737,,146211
T0970,C035,2024-01-01,S004,East,I025,Table,electronics,1,2230,0,2230
T0373,C078,2024-01-01,S001,North,I085,Phone,Furniture,3,4512,,13536
T0911,C115,2024-01-01,S003,West,I096,TV,Electronics,1,10984,0,10984
T0519,C056,2024-01-01,S004,East,I060,Chair,Electronics,4,35664,0,142656
T0899,C048,2024/01/02,S003,East,I077,Laptop,electronics,-2,24232,1000,-49464
T0359,C172,2024-01-01,S004,North,I094,Chair,,2,46875,0,93750
T0899,C081,2024-01-01,S004,East,I073,Phone,,3,47833,0,143499
T0695,C065,2024/01/02,S003,North,I087,TV,,-1,22807,0,-22807
T0280,C076,2024/01/02,S003,West,I084,Chair,Electronics,-2,30578,0,-61156
T0194,C044,2024-02-05,S001,South,I047,Laptop,Electronics,1,6845,,6845
T0863,C078,01-03-2024,S004,North,I071,Chair,electronics,-1,45755,0,-45755
T0194,C019,2024-01-01,S002,South,I095,TV,,-2,38070,,-76140
T0666,C191,2024-01-01,S002,East,I030,Chair,,0,34423,500,-500
T0092,C122,2024-01-01,S004,North,I033,Laptop,electronics,3,11982,500,35446
T0671,C066,2024-02-05,S004,West,I086,TV,Electronics,3,11864,0,35592
T0945,C082,2024-01-01,S004,North,I088,Phone,Electronics,1,24665,1000,23665
T0060,C002,01-03-2024,S003,North,I006,Phone,Furniture,-2,4543,1000,-10086
T0633,C181,2024/01/02,S002,North,I082,Table,Furniture,-2,13683,,-27366
T0050,C063,2024-02-05,S002,South,I006,Chair,,1,41390,,41390
T0402,C039,2024/01/02,S002,South,I046,Laptop,Electronics,0,10236,500,-500
T0788,C058,2024-01-01,S004,East,I007,Chair,,3,21323,,63969
T0004,C182,2024-01-01,S003,East,I077,TV,Electronics,2,20442,1000,39884
T0465,C061,2024-01-01,S004,East,I000,Table,Furniture,0,9976,500,-500
T0603,C131,01-03-2024,S001,East,I076,Laptop,electronics,1,846,0,846
T0681,C059,01-03-2024,S001,North,I002,Chair,Electronics,2,35052,,70104
T0828,C115,2024-02-05,S002,South,I052,Laptop,Furniture,-2,24430,0,-48860
T0533,C074,2024/01/02,S004,South,I091,TV,Furniture,4,14152,,56608
T0404,C121,2024-01-01,S001,South,I037,Table,Electronics,4,42444,1000,168776
T0837,C106,2024-01-01,S001,South,I050,Laptop,,0,32676,,0
T0512,C095,2024-01-01,S004,East,I014,TV,Electronics,4,28706,1000,113824
T0644,C090,2024-01-01,S003,North,I099,Phone,Furniture,0,31101,1000,-1000
T0232,C157,01-03-2024,S004,South,I066,Laptop,Electronics,4,9310,0,37240
T0523,C129,2024/01/02,S004,West,I063,Table,electronics,3,15179,,45537
T0345,C061,2024/01/02,S003,North,I067,Laptop,,4,27254,0,109016
T0045,C048,2024-02-05,S002,West,I004,Laptop,Electronics,3,28787,1000,85361
T0545,C136,01-03-2024,S002,North,I089,TV,Furniture,2,7248,1000,13496
T0944,C091,2024-01-01,S002,North,I088,Chair,Furniture,-2,12955,1000,-26910
T0077,C158,2024/01/02,S003,North,I009,Chair,,0,28616,1000,-1000
T0729,C123,2024/01/02,S001,West,I007,Laptop,Electronics,2,15573,500,30646
T0812,C060,01-03-2024,S003,South,I011,Table,Furniture,0,30385,1000,-1000
T0922,C047,2024-02-05,S004,South,I063,Table,,4,22657,,90628
T0072,C152,2024-02-05,S003,West,I058,TV,electronics,3,42602,1000,126806
T0793,C163,2024-01-01,S001,South,I066,Laptop,,-2,14319,500,-29138
T0248,C135,2024-02-05,S001,East,I090,Laptop,Electronics,4,44106,,176424
T0046,C057,2024/01/02,S004,South,I049,Chair,Electronics,-2,47225,500,-94950
T0120,C100,2024-02-05,S002,East,I022,TV,Furniture,-1,40065,500,-40565
T0213,C111,2024-01-01,S001,East,I039,Phone,electronics,2,34570,,69140
T0238,C172,2024/01/02,S001,East,I096,Table,Electronics,3,38397,500,114691
T0055,C061,2024-02-05,S001,West,I077,Table,Furniture,3,40084,1000,119252
T0349,C038,2024-02-05,S004,South,I086,Laptop,,3,45480,0,136440
T0106,C057,01-03-2024,S001,South,I094,TV,,4,40523,0,162092
T0830,C098,2024-01-01,S002,West,I076,Phone,Electronics,1,38285,0,38285
T0047,C191,2024-02-05,S004,West,I075,Table,electronics,0,49001,,0
T0572,C043,01-03-2024,S002,South,I098,TV,Furniture,-2,6424,,-12848
T0336,C028,2024/01/02,S001,West,I017,Phone,Electronics,0,20357,,0
T0025,C058,01-03-2024,S001,West,I020,Laptop,Furniture,0,8413,0,0
T0803,C070,01-03-2024,S002,East,I000,Chair,,1,47327,0,47327
T0256,C091,2024-02-05,S004,West,I037,Table,Furniture,-2,26152,,-52304
T0007,C008,2024-02-05,S004,East,I040,Table,,-1,49517,0,-49517
T0624,C126,2024-02-05,S002,North,I041,Phone,electronics,3,24703,500,73609
T0866,C133,01-03-2024,S001,East,I008,Chair,electronics,2,21862,500,43224
T0252,C156,2024/01/02,S003,East,I022,TV,,0,18608,0,0
T0691,C185,2024-01-01,S002,West,I077,Laptop,Electronics,1,16915,,16915
T0718,C144,01-03-2024,S002,South,I010,TV,,1,5074,1000,4074
T0302,C143,2024-02-05,S002,North,I070,Phone,Furniture,2,20261,1000,39522
T0638,C130,2024-01-01,S001,North,I030,Table,Furniture,2,29830,0,59660
T0055,C020,2024/01/02,S004,North,I087,Table,Furniture,4,12823,1000,50292
T0725,C063,2024-01-01,S001,South,I025,TV,Electronics,-2,15573,,-31146
T0525,C089,2024-02-05,S002,North,I029,Laptop,electronics,0,1185,500,-500
T0473,C035,01-03-2024,S001,North,I033,Phone,electronics,0,22679,500,-500
T0027,C061,01-03-2024,S001,South,I045,Laptop,Furniture,2,22743,,45486
T0982,C169,2024-02-05,S002,North,I068,Phone,Electronics,3,26770,1000,79310
T0077,C075,01-03-2024,S001,West,I004,Laptop,Furniture,4,18969,0,75876
T0215,C169,2024-02-05,S003,West,I060,TV,electronics,-1,15871,500,-16371
T0385,C188,01-03-2024,S001,East,I082,Chair,,0,41160,1000,-1000
T0364,C012,01-03-2024,S001,East,I037,Phone,Furniture,1,10446,1000,9446
T0665,C010,01-03-2024,S004,East,I027,TV,Furniture,3,21562,500,64186
T0525,C053,2024/01/02,S004,West,I025,Table,Furniture,2,40070,500,79640
T0698,C015,2024/01/02,S002,West,I060,Table,electronics,0,19532,0,0
T0311,C007,2024-02-05,S002,West,I022,Laptop,Electronics,-2,13274,,-26548
T0882,C103,2024/01/02,S004,East,I045,Table,,2,17283,1000,33566
T0006,C058,2024-02-05,S003,East,I029,Chair,,1,29797,0,29797
T0002,C056,2024-01-01,S001,East,I066,Phone,,-2,5711,500,-11922
T0622,C039,2024-01-01,S003,East,I091,Laptop,Furniture,4,47059,,188236
T0918,C186,2024/01/02,S003,East,I032,Phone,electronics,2,22493,,44986
T0749,C129,2024-01-01,S004,East,I002,Phone,,2,25971,1000,50942
T0362,C093,2024-01-01,S002,West,I068,TV,Furniture,0,5363,,0
T0750,C137,01-03-2024,S001,South,I082,Table,Electronics,-2,41494,500,-83488
T0507,C043,01-03-2024,S002,South,I041,Phone,Furniture,4,22054,500,87716
T0273,C138,2024-02-05,S003,East,I061,Chair,,2,12096,500,23692
T0505,C079,2024-01-01,S003,South,I057,Chair,,3,10905,0,32715
T0805,C080,2024-02-05,S002,South,I056,Table,Electronics,1,9207,500,8707
T0738,C001,2024-02-05,S002,West,I000,Table,electronics,-2,10567,0,-21134
T0882,C177,2024-01-01,S004,East,I072,Laptop,Electronics,3,21124,500,62872
T0014,C139,2024/01/02,S002,East,I059,Laptop,Electronics,0,41707,500,-500
T0191,C114,2024-01-01,S002,South,I068,Laptop,,-1,18779,,-18779
T0984,C089,01-03-2024,S004,East,I058,Table,,4,12370,1000,48480
T0630,C022,2024-01-01,S002,East,I045,Phone,electronics,2,17915,500,35330
T0484,C145,2024/01/02,S003,East,I033,TV,,-1,21656,,-21656
T0027,C061,2024-02-05,S002,East,I096,Laptop,Electronics,2,13987,,27974
T0713,C112,2024-02-05,S001,South,I024,TV,Electronics,3,35229,1000,104687
T0038,C127,01-03-2024,S003,North,I041,Chair,electronics,0,24025,,0
T0952,C061,01-03-2024,S004,South,I028,Table,,0,12424,,0
T0272,C037,01-03-2024,S003,West,I024,Chair,,0,823,1000,-1000
T0230,C194,2024-02-05,S004,North,I053,Laptop,Electronics,0,34415,0,0
T0085,C165,01-03-2024,S001,North,I072,Phone,Electronics,-2,8375,1000,-17750
T0473,C194,2024-01-01,S001,North,I066,Laptop,,-2,13505,1000,-28010
T0125,C060,2024-02-05,S003,South,I014,TV,Furniture,2,1465,500,2430
T0811,C128,2024/01/02,S002,West,I003,Laptop,Electronics,-2,46527,500,-93554
T0536,C172,2024-02-05,S003,South,I037,Phone,Electronics,2,27438,0,54876
T0144,C155,2024-01-01,S003,West,I019,Phone,Electronics,4,3953,1000,14812
T0524,C148,2024-01-01,S001,South,I022,Table,electronics,-2,4782,1000,-10564
T0211,C121,01-03-2024,S004,South,I036,Table,,-2,44259,0,-88518
T0024,C109,2024-02-05,S003,South,I061,Phone,,-2,6060,500,-12620
T0579,C012,2024-02-05,S002,North,I007,Phone,,4,24827,1000,98308
T0393,C154,2024-02-05,S001,South,I036,TV,Electronics,1,24173,0,24173
T0066,C099,2024/01/02,S003,West,I044,Laptop,,4,21641,500,86064
T0232,C134,01-03-2024,S003,West,I096,Table,,0,19982,,0
T0108,C021,2024-01-01,S002,West,I032,TV,,4,48332,0,193328
T0145,C073,2024-01-01,S003,North,I006,Laptop,electronics,1,45154,0,45154
T0110,C180,01-03-2024,S003,South,I021,Table,electronics,-2,1667,1000,-4334
T0227,C131,2024-01-01,S003,South,I004,TV,Electronics,-2,24887,,-49774
T0110,C022,2024-01-01,S003,East,I014,Chair,,1,23153,500,22653
T0469,C118,01-03-2024,S002,North,I020,Chair,Electronics,3,26855,,80565
T0033,C069,2024-01-01,S003,West,I088,Table,Electronics,2,27899,1000,54798
T0622,C083,2024-02-05,S003,West,I016,TV,Electronics,0,37059,1000,-1000
T0775,C100,2024/01/02,S003,South,I055,Laptop,Electronics,4,9818,500,38772
T0935,C083,01-03-2024,S001,West,I049,Laptop,Electronics,2,23640,500,46780
T0368,C160,2024/01/02,S002,South,I006,TV,Electronics,3,25197,500,75091
T0747,C027,2024-01-01,S001,South,I049,Chair,electronics,0,23001,1000,-1000
T0594,C135,2024-01-01,S001,East,I059,TV,Furniture,-1,28622,500,-29122
T0553,C000,2024-02-05,S002,North,I082,Chair,electronics,0,38003,500,-500
T0424,C164,01-03-2024,S001,South,I006,Chair,Electronics,4,39619,500,157976
T0612,C062,2024-01-01,S001,South,I039,Laptop,Furniture,2,41077,0,82154
T0517,C021,01-03-2024,S001,South,I044,Table,Furniture,0,11772,500,-500
T0691,C069,01-03-2024,S002,East,I058,Phone,,-1,7274,1000,-8274
T0281,C124,01-03-2024,S003,South,I087,TV,Electronics,-1,18203,0,-18203
T0319,C148,01-03-2024,S004,North,I074,Chair,Electronics,-2,8161,1000,-17322
T0737,C095,01-03-2024,S004,North,I054,TV,electronics,4,20498,,81992
T0442,C162,2024/01/02,S002,West,I063,Table,Furniture,-1,32726,0,-32726
T0951,C078,2024-02-05,S004,North,I064,Table,Furniture,1,13365,500,12865
T0314,C004,01-03-2024,S002,West,I053,Phone,Electronics,2,33746,0,67492
T0876,C059,2024/01/02,S002,North,I095,Phone,,1,41653,1000,40653
T0965,C119,2024-01-01,S004,West,I039,Chair,Electronics,3,45798,0,137394
T0740,C045,01-03-2024,S001,South,I052,Phone,Furniture,1,39140,,39140
T0376,C177,2024-01-01,S003,East,I043,Chair,,2,29572,500,58644
T0288,C175,01-03-2024,S004,East,I062,Laptop,,3,45610,500,136330
T0436,C133,2024/01/02,S004,East,I001,Chair,Furniture,1,18093,,18093
T0661,C055,2024/01/02,S004,South,I078,Phone,Electronics,1,6814,1000,5814
T0276,C109,2024/01/02,S004,East,I020,TV,Electronics,4,29867,0,119468
T0709,C186,2024-02-05,S002,North,I087,Phone,Electronics,3,37977,1000,112931
T0581,C156,2024-01-01,S002,West,I049,Table,electronics,1,18932,1000,17932
T0502,C198,2024-02-05,S003,South,I080,Phone,electronics,-1,12849,1000,-13849
T0623,C103,01-03-2024,S003,East,I051,Laptop,,2,15988,500,31476
T0515,C076,2024-01-01,S004,North,I008,Chair,Electronics,2,35004,0,70008
T0349,C145,2024/01/02,S004,North,I098,Table,electronics,2,16120,500,31740
T0842,C001,2024-01-01,S004,South,I019,Chair,,1,39834,500,39334
T0445,C007,2024/01/02,S003,South,I082,Chair,Furniture,-1,34921,500,-35421
T0829,C074,2024-02-05,S004,East,I017,Phone,Furniture,2,7863,0,15726
T0349,C181,2024-02-05,S001,West,I083,TV,Electronics,0,46100,,0
T0606,C124,2024/01/02,S003,East,I029,Table,Furniture,2,32951,500,65402
T0663,C037,2024/01/02,S001,East,I064,Laptop,Furniture,-2,16125,500,-32750
T0822,C175,01-03-2024,S004,South,I023,Laptop,Furniture,0,26115,500,-500
T0136,C026,2024-02-05,S002,East,I087,TV,,2,15531,0,31062
T0758,C019,2024-02-05,S001,East,I046,TV,Furniture,1,19152,0,19152
T0898,C139,01-03-2024,S003,West,I082,Phone,Furniture,2,38099,1000,75198
T0242,C042,2024-02-05,S001,North,I093,Laptop,,-1,43279,500,-43779
T0542,C188,2024/01/02,S003,North,I089,Table,electronics,-1,41758,500,-42258
T0039,C030,2024-01-01,S004,West,I043,TV,,2,31092,0,62184
T0228,C090,2024-01-01,S001,North,I028,TV,electronics,4,45685,0,182740
T0547,C060,2024-02-05,S002,East,I076,TV,,1,42158,500,41658
T0919,C194,01-03-2024,S001,West,I067,Table,Electronics,1,6672,,6672
T0222,C108,2024/01/02,S002,West,I016,Laptop,Furniture,1,35762,1000,34762
T0005,C090,2024-01-01,S003,South,I096,Table,electronics,2,36285,1000,71570
T0321,C162,2024/01/02,S004,North,I004,Table,,2,16732,500,32964
T0467,C094,2024-02-05,S004,South,I091,Phone,electronics,-2,7910,1000,-16820
T0731,C142,2024-02-05,S002,East,I087,TV,electronics,-1,12774,1000,-13774
T0074,C143,2024-01-01,S003,West,I080,Laptop,Furniture,4,43017,500,171568
T0003,C012,2024-02-05,S004,East,I049,Phone,electronics,0,7980,1000,-1000
T0846,C112,01-03-2024,S003,North,I039,Phone,,0,12750,0,0
T0645,C034,2024-02-05,S002,South,I045,Chair,Electronics,-1,34983,500,-35483
T0117,C186,2024-02-05,S002,North,I050,TV,Electronics,3,39449,0,118347
T0880,C148,2024-02-05,S001,East,I010,Laptop,Furniture,-2,38519,500,-77538
T0605,C181,2024/01/02,S004,South,I011,Laptop,,-1,1906,0,-1906
T0503,C157,2024/01/02,S004,North,I012,Laptop,,-2,40168,1000,-81336
T0997,C047,2024-01-01,S001,East,I063,TV,Electronics,3,24971,,74913
T0946,C034,2024-01-01,S002,North,I007,Laptop,,-2,43051,0,-86102
T0573,C085,2024-01-01,S002,West,I064,Table,electronics,1,49091,0,49091
T0440,C165,2024-02-05,S002,South,I008,Table,Furniture,-1,47236,,-47236
T0193,C158,2024/01/02,S002,South,I091,TV,Electronics,0,5593,,0
T0846,C151,01-03-2024,S003,South,I001,Laptop,Furniture,2,32648,0,65296
T0714,C113,2024-02-05,S004,West,I077,Chair,electronics,3,4750,0,14250
T0391,C176,2024-02-05,S004,South,I012,Chair,Electronics,3,44935,0,134805
T0025,C099,2024-02-05,S002,West,I001,Chair,,2,16325,500,32150
T0434,C159,01-03-2024,S002,South,I067,Table,,-1,45460,0,-45460
T0172,C182,2024-01-01,S002,North,I075,Chair,electronics,4,892,0,3568
T0299,C185,01-03-2024,S004,North,I047,Laptop,Electronics,2,29903,,59806
T0644,C098,2024-01-01,S004,North,I073,Laptop,Furniture,-2,33957,,-67914
T0325,C002,01-03-2024,S002,North,I002,Chair,Electronics,2,20981,500,41462
T0409,C196,2024/01/02,S003,West,I067,Phone,,-2,33657,500,-67814
T0117,C084,2024-02-05,S001,East,I005,Chair,Electronics,-2,4294,1000,-9588
T0835,C124,2024-02-05,S001,East,I086,Phone,Electronics,0,12658,0,0
T0786,C137,2024-02-05,S001,North,I004,TV,,2,26474,0,52948
T0723,C082,2024-01-01,S004,East,I002,TV,,4,20941,,83764
T0224,C024,01-03-2024,S004,East,I009,Laptop,Furniture,0,13575,1000,-1000
T0531,C067,2024/01/02,S001,South,I042,Table,Electronics,4,6771,0,27084
T0112,C060,01-03-2024,S001,West,I018,Laptop,,2,31864,1000,62728
T0139,C028,2024-02-05,S003,North,I013,Laptop,electronics,4,6061,500,23744
T0558,C126,2024/01/02,S004,East,I020,Table,,-2,44916,0,-89832
T0000,C018,2024/01/02,S004,East,I042,Laptop,Furniture,4,5255,0,21020
T0089,C170,2024-02-05,S001,North,I027,Table,Furniture,2,33181,500,65862
T0653,C193,01-03-2024,S003,South,I020,Laptop,electronics,3,332,0,996
T0319,C073,2024-02-05,S003,North,I035,TV,Furniture,3,9321,500,27463
T0549,C060,01-03-2024,S001,South,I023,Phone,Electronics,0,44666,500,-500
T0804,C170,2024/01/02,S001,East,I053,Laptop,Furniture,1,24333,1000,23333
T0893,C152,2024/01/02,S004,West,I037,Phone,electronics,3,2811,,8433
T0138,C019,2024-02-05,S001,South,I016,Chair,Furniture,4,12631,,50524
T0510,C047,2024/01/02,S002,South,I021,Laptop,electronics,0,10580,500,-500
T0867,C086,2024-01-01,S003,North,I082,TV,Furniture,4,40808,1000,162232
T0844,C151,2024/01/02,S001,East,I044,Table,,1,12291,500,11791
T0258,C138,2024-01-01,S002,West,I073,TV,electronics,-1,2222,1000,-3222
T0672,C109,2024/01/02,S003,North,I060,Phone,Furniture,0,3879,1000,-1000
T0901,C182,2024-02-05,S002,North,I010,Table,Electronics,3,5754,,17262
T0689,C027,2024-02-05,S002,West,I060,TV,electronics,3,45242,,135726
T0009,C196,2024-01-01,S001,East,I037,TV,electronics,2,11269,1000,21538
T0260,C190,2024-02-05,S003,West,I065,TV,Furniture,1,1272,,1272
T0918,C058,2024/01/02,S002,North,I032,Table,,3,7417,1000,21251
T0649,C132,2024/01/02,S004,North,I042,TV,,2,259,0,518
T0171,C050,2024-02-05,S003,South,I030,TV,Furniture,1,2229,500,1729
T0897,C148,2024/01/02,S004,West,I034,Phone,Furniture,0,19562,,0
T0012,C011,01-03-2024,S001,West,I036,TV,Electronics,0,18713,500,-500
T0167,C049,01-03-2024,S004,West,I046,TV,Furniture,2,3017,,6034
T0641,C131,2024/01/02,S003,North,I099,Chair,electronics,0,19497,500,-500
T0595,C112,2024-02-05,S002,East,I022,Table,Furniture,2,26225,500,51950
T0320,C169,2024-01-01,S002,North,I035,Chair,Electronics,-2,45633,,-91266
T0318,C165,2024-02-05,S003,South,I039,Phone,Furniture,4,6426,,25704
T0612,C152,2024-01-01,S002,North,I089,Chair,Furniture,1,34447,,34447
T0328,C013,2024-02-05,S004,North,I088,Laptop,electronics,2,47377,,94754
T0784,C031,2024/01/02,S002,North,I080,Table,,1,14449,1000,13449
T0776,C138,01-03-2024,S002,South,I014,TV,Furniture,-2,34828,,-69656
T0970,C188,2024-02-05,S004,West,I036,Chair,Electronics,1,30892,,30892
T0910,C145,2024-01-01,S004,East,I003,Chair,Furniture,2,8002,,16004
T0919,C154,01-03-2024,S004,East,I021,TV,Furniture,4,14133,0,56532
T0549,C054,2024-01-01,S001,South,I080,TV,electronics,4,36712,500,146348
T0418,C181,2024/01/02,S004,West,I021,Phone,,0,37565,,0
T0605,C119,01-03-2024,S004,West,I080,Chair,,4,35258,,141032
T0094,C074,2024-01-01,S001,South,I077,Chair,,4,34287,500,136648
T0816,C020,2024-02-05,S002,North,I077,Laptop,Furniture,1,4017,500,3517
T0580,C171,2024/01/02,S004,West,I016,Laptop,electronics,1,28511,1000,27511
T0317,C132,2024/01/02,S003,East,I071,Chair,electronics,3,14306,500,42418
T0955,C086,2024/01/02,S004,South,I097,Laptop,Furniture,3,12720,500,37660
T0235,C168,2024-02-05,S004,East,I089,Chair,electronics,-2,11922,0,-23844
T0945,C058,2024-02-05,S001,North,I093,Table,,-1,37810,1000,-38810
T0333,C088,01-03-2024,S003,South,I085,Phone,electronics,4,8454,0,33816
T0884,C181,2024-02-05,S002,East,I079,Laptop,Furniture,0,24791,500,-500
T0375,C149,01-03-2024,S002,East,I093,Chair,Furniture,4,24054,,96216
T0458,C082,2024/01/02,S003,North,I079,Laptop,Electronics,2,5298,1000,9596
T0136,C064,01-03-2024,S004,South,I037,Phone,Electronics,-2,26146,500,-52792
T0929,C063,2024-01-01,S001,West,I023,Table,electronics,2,22486,500,44472
T0587,C070,2024/01/02,S003,West,I099,TV,electronics,2,11371,,22742
T0994,C003,2024/01/02,S003,East,I098,TV,Furniture,1,21626,,21626
T0546,C192,01-03-2024,S002,North,I005,Laptop,Electronics,-2,43898,,-87796
T0512,C142,2024/01/02,S001,East,I067,Chair,Electronics,-2,49794,1000,-100588
T0295,C103,2024-02-05,S003,North,I081,Phone,,3,25357,0,76071
T0319,C149,2024-01-01,S001,West,I005,Table,,0,8960,1000,-1000
T0917,C174,01-03-2024,S004,East,I025,Table,Furniture,-1,26745,,-26745
T0571,C092,01-03-2024,S002,East,I090,Table,Furniture,2,24289,1000,47578
T0831,C173,2024/01/02,S004,North,I040,TV,Furniture,4,15862,,63448
T0348,C141,2024-02-05,S001,South,I074,Phone,Furniture,0,1068,0,0
T0839,C177,2024/01/02,S004,North,I037,TV,Electronics,4,5900,1000,22600
T0778,C147,2024/01/02,S002,South,I079,Laptop,Furniture,3,24329,0,72987
T0872,C177,01-03-2024,S001,West,I082,Table,Furniture,0,31149,0,0
T0228,C111,2024/01/02,S003,East,I042,Phone,Electronics,2,29817,,59634
T0269,C160,2024-01-01,S004,East,I052,Table,,1,21867,1000,20867
T0827,C118,2024/01/02,S002,North,I014,TV,Furniture,1,7570,1000,6570
T0797,C058,2024/01/02,S003,North,I089,TV,,2,4919,0,9838
T0290,C042,01-03-2024,S002,West,I055,TV,Electronics,3,36103,,108309
T0724,C011,2024/01/02,S001,West,I055,Table,,3,21739,0,65217
T0164,C039,2024-02-05,S001,South,I030,Phone,Electronics,-2,49503,0,-99006
T0004,C117,01-03-2024,S004,West,I082,Phone,Furniture,-1,4400,0,-4400
T0850,C019,2024/01/02,S002,West,I056,Laptop,,4,47035,0,188140
T0378,C165,2024-01-01,S002,West,I050,Table,Furniture,1,48529,1000,47529
T0077,C130,2024-01-01,S002,West,I023,Laptop,electronics,-1,23893,500,-24393
T0409,C155,01-03-2024,S001,South,I057,Laptop,electronics,0,11171,1000,-1000
T0573,C183,01-03-2024,S004,West,I072,Laptop,,4,4098,,16392
T0131,C089,2024/01/02,S002,South,I086,Laptop,Electronics,4,41850,500,166900
T0600,C093,2024-02-05,S002,North,I003,TV,,4,5280,0,21120
T0748,C012,2024/01/02,S003,East,I009,Laptop,Electronics,0,12852,1000,-1000
T0041,C065,2024-01-01,S002,North,I062,Phone,electronics,2,30613,500,60726
T0088,C036,2024-02-05,S004,West,I072,Laptop,Electronics,2,38289,0,76578
T0401,C176,2024-02-05,S003,East,I082,TV,electronics,2,17979,1000,34958
T0295,C065,2024-02-05,S003,West,I014,Chair,,4,24462,500,97348
T0839,C035,2024/01/02,S003,West,I097,Chair,Furniture,3,46786,1000,139358
T0294,C181,2024-01-01,S001,North,I062,Chair,Furniture,1,14416,500,13916
T0615,C025,01-03-2024,S003,West,I018,Table,Furniture,-1,27744,,-27744
T0525,C074,2024/01/02,S002,North,I062,Phone,Electronics,0,10999,1000,-1000
T0799,C199,01-03-2024,S001,West,I055,TV,Furniture,-1,46067,1000,-47067
T0690,C107,2024-02-05,S001,South,I020,Chair,Electronics,1,24625,500,24125
T0636,C167,2024-02-05,S001,East,I033,TV,Furniture,4,5478,,21912
T0421,C042,2024/01/02,S001,North,I016,TV,Electronics,-1,48769,1000,-49769
T0864,C149,2024-01-01,S001,North,I017,Table,Electronics,4,2677,,10708
T0022,C147,2024-02-05,S001,East,I080,Chair,electronics,-1,21790,,-21790
T0574,C007,01-03-2024,S001,North,I065,Laptop,electronics,3,41001,1000,122003
T0142,C028,01-03-2024,S003,East,I050,TV,,2,34103,0,68206
T0992,C039,2024/01/02,S004,South,I064,Chair,electronics,3,15741,500,46723
T0664,C157,01-03-2024,S002,West,I042,TV,Electronics,3,3759,1000,10277
T0144,C127,2024-01-01,S002,South,I056,Table,electronics,4,11947,,47788
T0224,C083,2024-02-05,S003,West,I009,Table,electronics,-1,21852,500,-22352
T0502,C115,01-03-2024,S003,East,I036,Laptop,electronics,-1,16540,1000,-17540
T0961,C182,01-03-2024,S001,South,I047,Table,Electronics,3,10184,500,30052
T0973,C143,2024-02-05,S004,West,I068,Chair,Electronics,-1,7572,500,-8072
T0820,C173,2024/01/02,S001,East,I055,Table,,3,19053,,57159
T0615,C061,01-03-2024,S003,West,I075,Laptop,electronics,-2,20564,0,-41128
T0103,C006,2024/01/02,S001,North,I035,Phone,electronics,3,48464,0,145392
T0946,C044,2024/01/02,S002,North,I030,TV,Electronics,0,22861,500,-500
T0038,C186,01-03-2024,S002,East,I054,TV,,0,18432,,0
T0946,C183,2024-01-01,S001,West,I037,Chair,,-1,16706,,-16706
T0197,C175,2024/01/02,S004,North,I072,Laptop,Electronics,3,42699,1000,127097
T0645,C154,01-03-2024,S001,South,I089,Laptop,electronics,3,29098,500,86794
T0578,C180,2024/01/02,S001,West,I014,Laptop,,2,38085,1000,75170
T0390,C087,2024-02-05,S004,West,I015,TV,,4,13637,,54548
T0178,C072,2024-01-01,S004,North,I076,Table,electronics,2,42817,500,85134
T0967,C162,2024-01-01,S004,North,I088,TV,,2,9127,0,18254
T0553,C178,2024-02-05,S002,East,I093,TV,electronics,3,2636,0,7908
T0447,C036,2024-02-05,S001,West,I052,TV,,3,2625,1000,6875
T0499,C118,2024/01/02,S003,South,I055,Table,,0,9276,500,-500
T0014,C056,2024-02-05,S004,North,I006,Phone,Electronics,1,17841,,17841
T0622,C007,2024-01-01,S004,West,I056,Chair,,-1,4987,1000,-5987
T0668,C094,2024-02-05,S001,North,I054,Phone,electronics,0,24206,0,0
T0288,C116,01-03-2024,S003,East,I051,Phone,,2,14947,,29894
T0477,C109,01-03-2024,S001,West,I003,TV,Electronics,0,11352,500,-500
T0230,C019,2024/01/02,S001,West,I042,Phone,,0,4577,0,0
T0922,C123,2024-01-01,S004,East,I039,TV,Furniture,0,17855,,0
T0419,C052,01-03-2024,S004,South,I029,TV,electronics,2,19708,0,39416
T0156,C118,2024-02-05,S002,North,I009,Chair,Furniture,1,16195,500,15695
T0549,C011,01-03-2024,S003,East,I093,Laptop,Electronics,-2,6204,1000,-13408
T0440,C176,01-03-2024,S003,West,I006,TV,Furniture,-1,34010,,-34010
T0096,C016,2024/01/02,S004,East,I035,Phone,,-1,20793,,-20793
T0996,C063,2024-02-05,S004,West,I034,Chair,electronics,4,29503,500,117512
T0410,C041,2024-02-05,S004,East,I087,Phone,Furniture,0,12826,0,0
T0950,C093,2024-02-05,S003,South,I038,Laptop,,1,6998,0,6998
T0288,C156,2024/01/02,S002,West,I035,Table,Furniture,2,18072,0,36144
T0253,C146,2024-02-05,S003,East,I019,Laptop,,-2,45045,,-90090
T0195,C010,2024-02-05,S004,South,I048,Chair,,-2,45784,,-91568
T0597,C097,01-03-2024,S004,South,I095,Laptop,Furniture,0,42530,0,0
T0833,C177,01-03-2024,S002,North,I058,Laptop,Electronics,0,44974,,0
T0521,C070,2024-02-05,S001,West,I048,Chair,electronics,2,12782,1000,24564
T0516,C107,2024-01-01,S001,North,I089,Chair,Electronics,4,4442,500,17268
T0634,C057,2024-01-01,S003,South,I025,Phone,Furniture,2,48108,500,95716
T0841,C033,2024-02-05,S001,North,I035,TV,,3,3462,,10386
T0864,C019,2024-01-01,S001,North,I042,Table,Furniture,2,14683,1000,28366
T0117,C049,2024/01/02,S003,East,I098,Table,,0,34504,1000,-1000
T0805,C101,01-03-2024,S004,North,I042,Table,,1,47802,0,47802
T0908,C137,2024/01/02,S001,South,I098,Laptop,Electronics,0,11204,500,-500
T0158,C159,01-03-2024,S004,North,I075,Chair,Electronics,4,26148,500,104092
T0814,C051,2024-01-01,S003,West,I032,Chair,Furniture,0,47976,500,-500
T0227,C014,2024-01-01,S004,East,I099,Chair,electronics,-2,17728,,-35456
T0876,C083,2024-02-05,S004,South,I077,TV,Electronics,2,12029,1000,23058
T0215,C130,2024-01-01,S003,North,I096,Chair,,-1,26774,0,-26774
T0947,C036,2024-01-01,S004,West,I044,Chair,Furniture,2,43657,,87314
T0695,C125,2024-02-05,S001,South,I044,Laptop,Furniture,3,13368,0,40104
T0014,C039,2024-02-05,S001,North,I087,Phone,electronics,1,21790,,21790
T0156,C071,01-03-2024,S001,East,I014,Table,Furniture,1,30320,500,29820
T0647,C039,2024-01-01,S001,North,I094,Laptop,Electronics,2,10804,0,21608
T0260,C055,01-03-2024,S004,South,I016,Laptop,,2,4614,1000,8228
T0156,C150,01-03-2024,S001,South,I011,Laptop,Furniture,0,47290,1000,-1000
T0046,C103,2024/01/02,S004,South,I021,Table,Furniture,-1,24934,,-24934
T0323,C138,2024-01-01,S002,West,I022,Laptop,,4,48408,500,193132
T0843,C109,2024-01-01,S004,North,I089,Phone,Furniture,0,18842,,0
T0684,C191,2024/01/02,S001,North,I077,Chair,Furniture,-2,30992,0,-61984
T0129,C135,01-03-2024,S002,North,I011,Phone,electronics,-2,28087,1000,-57174
T0410,C092,2024-01-01,S003,East,I067,Chair,Electronics,1,38483,1000,37483
T0094,C093,01-03-2024,S004,West,I050,Chair,Furniture,1,14940,1000,13940
T0626,C055,2024/01/02,S001,West,I012,Laptop,Electronics,-1,35244,1000,-36244
T0754,C059,2024-02-05,S001,East,I056,Laptop,electronics,1,24871,0,24871
T0931,C137,01-03-2024,S001,West,I054,Table,Electronics,3,28833,1000,85499
T0291,C038,2024-01-01,S003,East,I081,TV,electronics,-2,19580,,-39160
T0793,C027,2024-02-05,S002,South,I027,Phone,Electronics,-1,20119,1000,-21119
T0810,C048,01-03-2024,S002,South,I043,Table,Electronics,-2,17045,0,-34090
T0282,C163,01-03-2024,S001,West,I018,Table,Furniture,2,11741,500,22982
T0068,C124,2024-02-05,S004,South,I045,Phone,Electronics,2,15332,500,30164
T0659,C012,2024-02-05,S001,South,I002,Phone,Furniture,-1,44426,1000,-45426
T0010,C035,2024-02-05,S001,South,I082,Chair,Furniture,0,11415,500,-500
T0253,C100,2024-01-01,S004,North,I019,TV,Electronics,3,43951,0,131853
T0841,C025,2024-01-01,S001,South,I024,Laptop,Furniture,4,24715,1000,97860
T0871,C085,01-03-2024,S003,North,I074,TV,Electronics,3,23355,0,70065
T0549,C003,01-03-2024,S001,East,I055,TV,,4,30809,500,122736
T0133,C081,2024/01/02,S003,East,I080,Laptop,Furniture,1,35372,500,34872
T0711,C191,2024-01-01,S001,East,I060,TV,,4,22455,1000,88820
T0022,C165,01-03-2024,S002,East,I054,Table,,-1,25463,500,-25963
T0814,C126,2024-02-05,S004,East,I034,Table,Furniture,3,10168,1000,29504
T0345,C087,2024-02-05,S002,South,I077,Laptop,electronics,4,42552,1000,169208
T0301,C126,2024-01-01,S001,South,I058,Laptop,electronics,1,42189,,42189
T0362,C119,2024-02-05,S001,South,I038,Phone,,-2,43323,,-86646
T0395,C021,2024/01/02,S003,East,I056,Phone,,4,45932,,183728
T0217,C129,01-03-2024,S001,East,I082,TV,Electronics,0,6922,0,0
T0140,C030,01-03-2024,S001,North,I066,TV,,1,20993,500,20493
T0615,C118,01-03-2024,S001,West,I033,Laptop,Furniture,2,12597,500,24694
T0957,C010,2024-01-01,S002,South,I040,TV,electronics,4,31901,,127604
T0209,C045,2024-02-05,S003,West,I021,Chair,electronics,2,14351,1000,27702
T0984,C095,2024/01/02,S002,East,I026,Table,electronics,-2,22670,1000,-46340
T0992,C189,2024-01-01,S003,East,I020,TV,Furniture,-1,43245,1000,-44245
T0622,C196,01-03-2024,S002,East,I040,TV,Electronics,1,20044,1000,19044
T0615,C191,2024/01/02,S001,West,I030,Phone,Furniture,4,5779,0,23116
T0827,C009,01-03-2024,S002,North,I026,Chair,Furniture,4,39480,500,157420
T0682,C167,01-03-2024,S002,East,I036,TV,electronics,-2,21305,,-42610
T0459,C127,2024-01-01,S003,North,I065,Table,Furniture,4,16372,0,65488
T0355,C151,01-03-2024,S003,North,I053,TV,,2,1512,500,2524
T0323,C098,2024/01/02,S002,South,I008,Laptop,Furniture,4,2349,0,9396
T0132,C171,01-03-2024,S003,West,I082,Chair,electronics,4,2339,1000,8356
T0887,C111,2024-02-05,S003,East,I041,TV,electronics,2,40741,0,81482
T0804,C059,01-03-2024,S003,North,I035,Chair,Furniture,2,12714,0,25428
T0839,C189,2024-01-01,S004,West,I009,TV,,0,23377,1000,-1000
T0126,C086,2024/01/02,S003,West,I058,Table,,0,8935,1000,-1000
T0105,C144,2024-01-01,S004,East,I039,Table,electronics,2,29128,,58256
T0603,C064,2024-02-05,S004,South,I053,Chair,,3,14903,,44709
T0798,C056,01-03-2024,S003,South,I038,Phone,,-1,12895,500,-13395
T0377,C182,2024-01-01,S002,North,I006,Phone,Electronics,0,47309,,0
T0904,C105,2024-01-01,S003,South,I003,Laptop,Electronics,1,15753,,15753
T0050,C180,2024-01-01,S001,South,I014,Phone,,0,38053,500,-500
T0028,C183,2024-01-01,S002,South,I075,Chair,,1,20774,0,20774
T0461,C008,2024-02-05,S004,West,I047,Phone,Electronics,0,46367,0,0
T0295,C021,2024-02-05,S004,East,I005,Laptop,Electronics,2,20626,0,41252
T0296,C140,01-03-2024,S002,West,I072,TV,Electronics,4,42445,1000,168780
T0725,C088,01-03-2024,S002,West,I034,Phone,electronics,1,40020,500,39520
T0778,C175,2024/01/02,S003,East,I071,Chair,electronics,4,32714,0,130856
T0406,C017,2024-02-05,S004,West,I070,Chair,Electronics,4,19068,,76272
T0768,C114,2024-01-01,S001,North,I067,Laptop,Electronics,-1,18085,,-18085
T0813,C167,2024-01-01,S003,North,I057,Laptop,Electronics,0,46666,,0
T0612,C144,2024/01/02,S002,West,I076,Table,electronics,0,17291,500,-500
T0404,C142,2024-01-01,S004,South,I018,Table,electronics,2,43719,500,86938
T0345,C105,2024/01/02,S002,West,I061,Table,,1,41174,,41174
T0621,C014,01-03-2024,S002,South,I070,TV,Furniture,3,45786,1000,136358
T0419,C062,2024-02-05,S002,West,I009,Chair,,2,32008,1000,63016
T0181,C166,2024/01/02,S003,North,I024,Table,Furniture,4,45352,0,181408
T0982,C012,2024-01-01,S001,South,I043,Chair,Furniture,1,29172,0,29172
T0824,C080,2024/01/02,S001,North,I098,Laptop,Furniture,0,12193,0,0
T0000,C031,01-03-2024,S004,West,I057,TV,,0,8265,0,0
T0830,C136,2024-01-01,S002,East,I024,Laptop,electronics,0,47952,0,0
T0949,C039,01-03-2024,S001,South,I092,Chair,electronics,0,43788,500,-500
T0566,C147,01-03-2024,S002,South,I075,Table,electronics,-2,47195,500,-94890
T0370,C081,2024/01/02,S004,West,I039,Laptop,electronics,0,20655,1000,-1000
T0935,C076,01-03-2024,S002,West,I075,Phone,,0,26125,1000,-1000
T0910,C190,2024-01-01,S001,South,I069,TV,Electronics,3,12674,500,37522
T0660,C075,01-03-2024,S002,East,I009,Chair,Furniture,3,34436,1000,102308
T0430,C171,01-03-2024,S001,West,I065,Table,electronics,1,25998,,25998
T0968,C037,2024/01/02,S004,West,I024,Laptop,electronics,4,25536,1000,101144
T0308,C187,01-03-2024,S002,West,I070,TV,,0,49993,,0
T0136,C070,2024-02-05,S001,East,I086,Table,Furniture,0,42790,,0
T0201,C047,2024/01/02,S004,South,I010,Laptop,electronics,1,22921,0,22921
T0435,C017,2024/01/02,S002,North,I035,Chair,Electronics,4,5004,1000,19016
T0312,C143,2024-01-01,S004,West,I048,Phone,electronics,0,35801,,0
T0116,C182,2024-01-01,S001,East,I047,Phone,Furniture,0,28194,1000,-1000
T0665,C038,2024-01-01,S002,South,I086,Chair,Electronics,2,4609,1000,8218
T0936,C195,2024-01-01,S002,South,I006,TV,,-2,4626,500,-9752
T0802,C186,2024-02-05,S002,East,I090,Chair,Electronics,1,38777,500,38277
T0574,C088,2024/01/02,S004,West,I076,Laptop,Furniture,2,36035,0,72070
T0243,C061,01-03-2024,S004,North,I050,TV,Furniture,3,10210,1000,29630
T0536,C140,2024-01-01,S001,West,I016,Phone,Electronics,4,34208,500,136332
T0601,C108,2024-01-01,S003,South,I031,Laptop,electronics,-1,1614,,-1614
T0074,C080,2024-01-01,S002,North,I025,Table,Furniture,-1,17895,,-17895
T0805,C133,01-03-2024,S002,West,I021,Table,Electronics,3,27712,0,83136
T0385,C076,2024-01-01,S001,North,I012,Table,Furniture,-2,40592,,-81184
T0902,C187,01-03-2024,S002,East,I011,Phone,electronics,4,4267,1000,16068
T0209,C089,2024/01/02,S004,West,I070,Chair,electronics,4,17506,,70024
T0474,C013,2024/01/02,S004,South,I000,TV,Electronics,-1,29303,0,-29303
T0417,C094,2024/01/02,S002,South,I032,Phone,,-2,43346,0,-86692
T0346,C053,2024-02-05,S002,North,I013,Laptop,,-1,29348,,-29348
T0528,C131,01-03-2024,S004,East,I063,Laptop,electronics,-1,44831,1000,-45831
T0639,C038,2024-01-01,S002,West,I042,Table,,4,9404,500,37116
T0938,C071,2024-01-01,S004,East,I057,TV,electronics,2,4908,1000,8816
T0954,C024,2024-01-01,S003,East,I040,Table,,4,28555,1000,113220
T0875,C076,2024-01-01,S003,North,I080,Laptop,electronics,-1,8933,1000,-9933
T0762,C159,2024-02-05,S002,North,I067,Laptop,Furniture,4,31997,,127988
T0178,C186,2024-01-01,S002,West,I038,Chair,Electronics,3,39601,500,118303
T0181,C190,2024-02-05,S002,South,I000,Chair,Electronics,-2,10529,1000,-22058
T0663,C165,01-03-2024,S004,West,I040,Chair,,0,5007,500,-500
T0024,C119,2024/01/02,S003,East,I044,Table,Electronics,4,11778,0,47112
T0966,C052,2024-01-01,S003,North,I087,TV,,4,3325,500,12800
T0179,C194,2024/01/02,S001,East,I097,Chair,electronics,0,1114,,0
T0709,C155,01-03-2024,S001,North,I097,Phone,Furniture,0,6868,0,0
T0500,C130,01-03-2024,S002,South,I087,Chair,Electronics,-2,38326,0,-76652
T0855,C149,2024-01-01,S004,East,I078,Table,Furniture,-2,2121,1000,-5242
T0160,C095,01-03-2024,S002,North,I080,TV,Electronics,0,43996,500,-500
T0176,C165,2024/01/02,S003,West,I012,Chair,electronics,3,35974,0,107922
T0284,C199,2024-01-01,S002,West,I070,TV,Electronics,-1,41843,0,-41843
T0062,C071,2024-02-05,S002,West,I008,Phone,Electronics,0,8962,500,-500
T0661,C061,2024-01-01,S003,East,I062,Laptop,electronics,1,43829,500,43329
T0665,C184,2024/01/02,S003,North,I098,TV,,4,43633,0,174532
T0155,C005,2024-01-01,S003,North,I022,Chair,,-2,2684,0,-5368
T0881,C031,2024-01-01,S003,North,I053,Table,electronics,1,5042,500,4542
T0468,C098,2024/01/02,S001,East,I046,Table,,1,34145,,34145
T0048,C137,2024-01-01,S004,North,I038,Table,Electronics,-2,35911,500,-72322
T0966,C130,2024-01-01,S004,South,I086,Table,Furniture,4,7470,,29880
T0848,C186,2024/01/02,S003,East,I025,TV,electronics,0,44232,0,0
T0083,C075,01-03-2024,S004,South,I000,Table,Electronics,3,13772,1000,40316
T0360,C176,2024/01/02,S004,South,I013,Laptop,electronics,2,8469,500,16438
T0688,C058,2024-01-01,S004,West,I095,Phone,Furniture,1,8567,0,8567
T0147,C030,2024-02-05,S004,East,I073,TV,Electronics,0,27035,0,0
T0629,C092,2024-02-05,S003,North,I064,TV,Electronics,2,46821,1000,92642
T0341,C068,2024/01/02,S002,South,I068,Table,Furniture,4,19965,500,79360
T0475,C189,2024-02-05,S002,East,I066,Table,Furniture,1,11651,0,11651
T0062,C051,2024-01-01,S002,North,I048,TV,,0,48752,,0
T0700,C088,2024-01-01,S001,West,I049,Table,Electronics,1,42484,1000,41484
T0359,C126,2024/01/02,S004,East,I057,Table,Furniture,0,31517,,0
T0560,C168,2024-01-01,S003,East,I052,Table,Furniture,4,48697,500,194288
T0326,C030,01-03-2024,S003,East,I090,Table,Electronics,3,7997,,23991
T0768,C083,2024-01-01,S001,North,I056,Table,,4,2569,1000,9276
T0735,C126,2024/01/02,S003,South,I085,Chair,electronics,-1,27761,0,-27761
T0140,C149,01-03-2024,S002,South,I017,Chair,,-1,47704,1000,-48704
T0989,C131,01-03-2024,S001,East,I015,Chair,Furniture,4,32497,0,129988
T0214,C012,2024-02-05,S003,East,I001,TV,electronics,-2,39919,0,-79838
T0434,C044,2024-01-01,S001,North,I012,Phone,electronics,2,43432,,86864
T0890,C126,2024/01/02,S001,West,I044,TV,,4,21927,1000,86708
T0951,C169,2024-02-05,S003,East,I079,Chair,electronics,4,9882,1000,38528
T0722,C113,2024-02-05,S002,East,I071,TV,Furniture,1,30498,0,30498
T0317,C176,2024-01-01,S003,West,I042,Phone,Electronics,1,25788,1000,24788
T0031,C019,2024-01-01,S004,East,I071,Table,Electronics,0,25744,500,-500
T0669,C080,2024/01/02,S004,South,I053,Laptop,Electronics,2,16103,500,31706
T0284,C181,2024-02-05,S003,East,I073,Chair,,1,35413,,35413
T0304,C163,2024/01/02,S002,South,I096,Chair,Electronics,2,40533,,81066
T0428,C128,2024-02-05,S004,North,I030,Phone,Electronics,4,20133,1000,79532
T0476,C142,2024-02-05,S004,North,I075,Table,Electronics,2,4007,,8014
T0285,C016,2024-02-05,S003,South,I008,Table,electronics,-1,36599,1000,-37599
T0143,C151,2024-01-01,S003,South,I072,Laptop,electronics,1,26868,,26868
T0423,C057,2024-02-05,S003,West,I047,Table,electronics,1,15383,500,14883
T0018,C071,2024-02-05,S001,South,I017,Phone,Furniture,-2,7785,0,-15570
T0017,C108,2024-02-05,S001,South,I093,Table,Furniture,2,8373,0,16746
T0768,C022,01-03-2024,S001,East,I095,Phone,Furniture,0,44766,500,-500
T0589,C173,2024-01-01,S003,West,I086,Chair,Electronics,-1,13578,0,-13578
T0370,C071,01-03-2024,S002,South,I010,Chair,electronics,4,30544,1000,121176
T0174,C007,2024-01-01,S004,South,I061,Chair,Furniture,-2,11468,1000,-23936
T0193,C058,2024/01/02,S001,South,I083,TV,,-1,10117,500,-10617
T0501,C110,01-03-2024,S002,East,I018,Chair,electronics,0,47691,500,-500
T0987,C186,2024/01/02,S003,East,I099,Phone,Electronics,-2,46489,500,-93478
T0112,C012,2024-02-05,S001,East,I089,Laptop,electronics,-1,30779,500,-31279
T0113,C166,2024/01/02,S003,North,I073,Table,Electronics,0,8373,0,0
T0221,C155,2024/01/02,S002,East,I023,Chair,Furniture,3,49345,0,148035
T0677,C188,2024/01/02,S001,South,I012,TV,Electronics,-2,24670,0,-49340
T0946,C015,2024/01/02,S001,East,I045,TV,Electronics,0,46500,1000,-1000
T0830,C118,2024-01-01,S001,East,I052,Phone,,-2,33210,,-66420
T0643,C001,01-03-2024,S001,West,I097,Laptop,electronics,1,39808,1000,38808
T0896,C144,2024-01-01,S002,South,I028,Chair,Electronics,1,32652,,32652
T0263,C029,2024-01-01,S001,East,I035,Chair,,-1,26530,500,-27030
T0924,C102,2024-01-01,S004,North,I070,TV,,2,28675,500,56850
T0054,C012,2024/01/02,S004,West,I093,Phone,,3,49875,0,149625
T0870,C095,2024-01-01,S003,East,I016,TV,Furniture,4,33735,0,134940
T0642,C093,01-03-2024,S001,West,I047,TV,Furniture,2,43536,,87072
T0799,C081,2024-01-01,S004,West,I076,Laptop,Electronics,4,33038,,132152
T0777,C012,2024-02-05,S004,North,I023,Phone,electronics,4,26458,0,105832
T0457,C170,2024/01/02,S004,North,I053,Laptop,Furniture,4,8869,500,34976
T0978,C093,2024-02-05,S002,North,I094,Phone,Furniture,0,8359,0,0
T0877,C148,01-03-2024,S001,South,I090,Chair,Electronics,-2,34383,500,-69266
T0161,C111,01-03-2024,S002,West,I084,Table,Electronics,1,29829,500,29329
T0379,C054,01-03-2024,S002,East,I000,Table,Furniture,2,8292,1000,15584
T0992,C080,01-03-2024,S004,North,I078,Phone,Electronics,4,35066,1000,139264
T0086,C167,2024-01-01,S004,North,I066,Table,,1,17385,,17385
T0054,C115,2024/01/02,S003,West,I005,TV,Electronics,4,22387,500,89048
T0475,C142,01-03-2024,S001,West,I077,Chair,,3,47461,0,142383
T0799,C179,2024-02-05,S001,West,I054,Chair,Furniture,0,45905,500,-500
T0177,C107,01-03-2024,S004,East,I037,Table,electronics,3,31447,,94341
T0390,C052,2024/01/02,S004,South,I032,Phone,,3,40623,500,121369
T0348,C127,2024-02-05,S001,South,I007,TV,electronics,0,9086,500,-500
T0007,C179,2024-02-05,S003,North,I089,Phone,Furniture,-2,2166,,-4332
T0832,C157,2024-02-05,S004,South,I078,Table,Electronics,3,42879,500,128137
T0312,C160,2024-01-01,S003,East,I077,Chair,,2,30854,1000,60708
T0758,C056,01-03-2024,S002,South,I019,Chair,,4,19022,,76088
T0834,C051,2024-01-01,S004,East,I054,Phone,Furniture,0,36775,1000,-1000
T0983,C136,2024-02-05,S002,North,I047,Laptop,Furniture,0,48468,,0
T0982,C181,2024-01-01,S004,West,I082,Phone,Electronics,4,43114,500,171956
T0442,C110,2024-01-01,S002,East,I055,Laptop,electronics,1,35464,1000,34464
T0766,C000,2024-01-01,S004,West,I096,Phone,,-1,45526,1000,-46526
T0327,C043,01-03-2024,S003,North,I099,Laptop,electronics,3,29528,0,88584
T0053,C074,2024-02-05,S003,East,I087,Laptop,,2,19805,1000,38610
T0760,C097,2024-02-05,S003,East,I009,Laptop,,-2,42198,1000,-85396
T0238,C008,01-03-2024,S002,South,I051,Laptop,Electronics,3,24204,500,72112
T0228,C031,2024-01-01,S003,East,I049,TV,,4,30132,1000,119528
T0578,C014,2024-01-01,S002,North,I033,Laptop,,-2,35489,1000,-71978
T0050,C139,2024/01/02,S004,West,I035,Laptop,Furniture,1,11020,1000,10020
T0608,C184,2024/01/02,S002,East,I060,Chair,Electronics,3,42225,500,126175
T0603,C135,2024/01/02,S004,North,I099,TV,Furniture,-2,46617,,-93234
T0263,C071,01-03-2024,S001,North,I015,Laptop,,3,36709,500,109627
T0417,C154,2024-02-05,S001,East,I078,Table,Electronics,0,14523,1000,-1000
T0802,C189,2024/01/02,S001,South,I017,TV,,3,37426,,112278
T0095,C011,2024-02-05,S002,East,I070,Chair,Electronics,2,32790,500,65080
T0087,C064,2024-02-05,S001,East,I046,Phone,electronics,3,45636,500,136408
T0077,C106,2024-02-05,S001,South,I085,Chair,electronics,-2,25199,,-50398
T0287,C041,01-03-2024,S001,North,I031,Chair,Electronics,2,37207,0,74414
T0119,C189,01-03-2024,S004,East,I042,TV,,-2,33106,1000,-67212
T0813,C114,01-03-2024,S003,South,I082,TV,Electronics,4,24910,0,99640
T0490,C138,01-03-2024,S002,West,I039,Table,,4,22814,1000,90256
T0911,C102,2024/01/02,S001,West,I064,Table,electronics,-1,32458,1000,-33458
T0451,C170,2024-01-01,S004,South,I034,TV,,-1,32133,0,-32133
T0499,C094,2024-01-01,S003,North,I068,TV,Furniture,2,7488,0,14976
T0164,C016,2024-01-01,S003,South,I049,TV,electronics,4,26195,1000,103780
T0181,C159,2024/01/02,S003,North,I011,Phone,Furniture,-1,10526,,-10526
T0468,C084,2024-01-01,S004,West,I075,Chair,electronics,-1,7717,,-7717
T0909,C167,2024/01/02,S001,East,I084,Table,electronics,0,40950,0,0
T0734,C150,2024/01/02,S003,South,I057,Table,Furniture,-2,40447,0,-80894
T0822,C055,2024/01/02,S004,West,I082,Laptop,Electronics,-1,14022,500,-14522
T0943,C133,2024-01-01,S004,East,I062,Phone,,2,25611,,51222
T0977,C085,2024-02-05,S002,West,I072,TV,electronics,0,39324,,0
T0006,C177,2024-01-01,S004,South,I048,TV,,4,25494,1000,100976
T0329,C101,2024-01-01,S003,South,I035,Phone,electronics,-1,28243,500,-28743
T0774,C164,01-03-2024,S003,East,I053,Table,,3,2539,1000,6617
T0672,C191,2024/01/02,S004,South,I046,TV,electronics,4,28063,500,111752
T0150,C053,2024-02-05,S003,West,I031,Laptop,Electronics,2,10119,,20238
T0084,C199,01-03-2024,S004,East,I098,Table,electronics,-2,22570,1000,-46140
T0146,C176,2024-02-05,S003,East,I094,Chair,Electronics,4,27291,500,108664
T0623,C114,2024-02-05,S002,West,I052,Phone,electronics,3,42933,1000,127799
T0380,C138,2024/01/02,S001,North,I031,Table,,4,48103,500,191912
T0914,C087,2024-01-01,S002,East,I061,Chair,Furniture,-1,45367,0,-45367
T0547,C048,2024/01/02,S002,North,I036,Laptop,electronics,2,26449,1000,51898
T0284,C148,2024/01/02,S001,West,I095,Phone,electronics,3,8491,0,25473
T0699,C114,01-03-2024,S003,West,I037,TV,Electronics,2,29758,500,59016
T0081,C193,2024/01/02,S001,East,I029,TV,,1,8469,1000,7469
T0513,C062,2024-01-01,S004,South,I057,Chair,Electronics,4,38410,500,153140
T0896,C103,2024-02-05,S001,East,I031,Table,,3,9222,500,27166
T0814,C082,2024/01/02,S002,South,I065,Laptop,,2,12028,0,24056
T0708,C102,2024-02-05,S001,North,I050,Chair,Electronics,3,34904,1000,103712
T0915,C155,2024/01/02,S003,South,I010,Laptop,Furniture,1,42545,,42545
T0522,C016,2024-02-05,S002,East,I058,Laptop,,-2,38418,500,-77336
T0745,C005,2024/01/02,S004,South,I019,Laptop,Furniture,-2,37131,0,-74262
T0385,C146,01-03-2024,S003,West,I036,Phone,Electronics,4,47912,,191648
T0706,C183,2024-02-05,S002,North,I072,Chair,Furniture,0,45148,0,0
T0470,C027,2024/01/02,S004,West,I048,Phone,,3,42975,0,128925
T0118,C193,2024/01/02,S003,West,I018,Table,Electronics,1,39194,0,39194
T0395,C037,01-03-2024,S004,West,I054,Table,Furniture,2,24691,500,48882
T0531,C118,01-03-2024,S001,West,I039,TV,Electronics,0,13991,,0
T0260,C036,01-03-2024,S001,South,I006,TV,Electronics,3,43994,500,131482
T0804,C114,2024-02-05,S004,West,I004,TV,Furniture,0,41896,500,-500
T0933,C067,2024-02-05,S001,South,I041,Table,,3,7821,1000,22463
T0255,C176,01-03-2024,S004,West,I087,Laptop,,4,18641,,74564
T0733,C042,2024-01-01,S003,East,I047,Laptop,,4,26252,1000,104008
T0904,C163,2024-01-01,S002,West,I006,Chair,,-2,49557,0,-99114
T0225,C057,2024/01/02,S004,East,I010,Table,electronics,2,7223,,14446
T0052,C012,2024-01-01,S002,South,I072,TV,Electronics,1,5912,,5912
T0939,C051,2024/01/02,S002,North,I048,Table,Electronics,4,36212,500,144348
T0866,C057,2024-02-05,S004,South,I029,Laptop,electronics,-2,20940,0,-41880
T0499,C031,2024-02-05,S001,North,I040,Laptop,Electronics,0,1308,500,-500
T0505,C104,2024-01-01,S003,North,I002,Phone,Electronics,-1,18342,1000,-19342
T0853,C187,2024-02-05,S002,West,I085,Phone,Furniture,4,19187,0,76748
T0363,C082,01-03-2024,S003,North,I039,Chair,electronics,0,2071,500,-500
T0279,C185,01-03-2024,S002,South,I050,Table,Electronics,-1,29895,500,-30395
T0592,C098,2024-01-01,S004,West,I083,Phone,Electronics,3,33981,500,101443
T0713,C103,2024-01-01,S001,North,I031,Phone,electronics,-2,1083,0,-2166
T0157,C183,2024/01/02,S003,South,I047,Table,electronics,3,30041,1000,89123
T0631,C027,2024-02-05,S002,North,I070,Laptop,Furniture,1,11602,,11602
T0058,C128,2024/01/02,S004,North,I070,Chair,Furniture,2,28677,500,56854
T0726,C169,2024/01/02,S004,West,I019,Chair,,4,43831,0,175324
T0127,C047,01-03-2024,S002,West,I088,Chair,,-1,10454,,-10454
T0735,C039,01-03-2024,S002,South,I034,Phone,Furniture,4,2227,500,8408
T0720,C096,01-03-2024,S002,West,I023,Laptop,Electronics,2,20123,0,40246
T0881,C190,01-03-2024,S001,West,I039,Chair,electronics,3,28950,1000,85850
T0114,C199,2024/01/02,S002,East,I076,Table,Furniture,-2,23960,500,-48420
T0208,C113,01-03-2024,S002,East,I051,Chair,,-2,33428,0,-66856
T0525,C131,2024-02-05,S001,South,I038,TV,electronics,3,6752,500,19756
T0520,C165,01-03-2024,S004,West,I067,Laptop,,3,31079,0,93237
T0551,C154,01-03-2024,S002,South,I060,TV,Electronics,-2,42869,1000,-86738
T0961,C136,01-03-2024,S003,East,I075,Laptop,Electronics,1,20871,1000,19871
T0236,C110,2024-01-01,S004,East,I080,Table,,-1,41350,0,-41350
T0280,C143,2024-02-05,S003,East,I064,Phone,electronics,2,45697,,91394
T0358,C183,2024-02-05,S002,South,I061,Phone,,0,34777,1000,-1000
T0200,C075,2024/01/02,S001,West,I080,Laptop,electronics,4,47967,500,191368
T0757,C030,2024/01/02,S001,North,I001,Chair,Furniture,3,40098,1000,119294
T0277,C118,01-03-2024,S001,West,I005,TV,,3,12981,500,38443
T0234,C141,2024-01-01,S002,South,I074,Table,,4,17431,1000,68724
T0493,C024,2024/01/02,S002,East,I042,Chair,electronics,-2,10819,1000,-22638
T0003,C033,2024/01/02,S003,North,I081,Phone,Furniture,2,34216,500,67932
T0665,C066,01-03-2024,S001,South,I039,Chair,electronics,2,8672,1000,16344
T0441,C151,01-03-2024,S002,East,I088,TV,electronics,1,9996,500,9496
T0028,C117,2024/01/02,S004,South,I038,Phone,,-1,33177,500,-33677
T0108,C072,2024/01/02,S002,North,I027,Laptop,,1,19898,1000,18898
T0609,C025,2024-02-05,S002,East,I079,Table,electronics,1,5889,1000,4889
T0726,C147,2024-01-01,S004,West,I062,Table,Electronics,2,9790,500,19080
T0804,C191,2024-02-05,S001,South,I063,Phone,Electronics,-1,43954,0,-43954
T0074,C103,2024/01/02,S004,North,I011,Laptop,Electronics,-1,39436,1000,-40436
T0837,C009,2024-02-05,S001,West,I040,TV,,-1,46321,,-46321
T0145,C066,2024-02-05,S004,North,I028,Table,,4,41720,1000,165880
T0127,C151,2024/01/02,S003,South,I022,Phone,Furniture,-2,19931,0,-39862
T0852,C004,01-03-2024,S001,North,I084,Table,,-1,26173,0,-26173
T0041,C194,2024/01/02,S002,East,I079,Laptop,Furniture,2,10364,1000,19728
T0355,C185,01-03-2024,S003,North,I050,TV,,4,16149,1000,63596
T0040,C026,2024/01/02,S001,South,I044,Laptop,Electronics,-2,11728,,-23456
T0933,C112,2024/01/02,S001,East,I089,Chair,Electronics,0,2242,1000,-1000
T0033,C014,2024/01/02,S001,North,I021,Laptop,electronics,3,14943,0,44829
T0016,C162,2024-01-01,S004,North,I009,Laptop,electronics,1,29336,,29336
T0676,C104,01-03-2024,S001,East,I006,Table,Furniture,-1,49043,1000,-50043
T0152,C180,2024-01-01,S002,West,I072,Laptop,Furniture,0,42665,,0
T0997,C043,2024/01/02,S001,West,I088,Phone,electronics,-1,46355,,-46355
T0377,C025,2024-02-05,S002,East,I014,Table,Furniture,1,21223,0,21223
T0587,C174,2024-01-01,S002,North,I076,Table,,2,26107,0,52214
T0598,C161,01-03-2024,S002,West,I045,Chair,Electronics,2,14925,500,29350
T0628,C094,2024/01/02,S003,East,I089,Phone,electronics,1,10242,0,10242
T0873,C177,2024-01-01,S002,South,I084,Laptop,electronics,0,28598,500,-500
T0341,C083,2024-02-05,S004,North,I086,Chair,,-2,33326,0,-66652
T0980,C139,2024-01-01,S001,South,I060,Phone,Furniture,3,40448,0,121344
T0026,C131,01-03-2024,S004,North,I091,Chair,electronics,3,27624,500,82372
T0824,C086,2024-01-01,S003,West,I060,TV,electronics,3,49589,500,148267
T0286,C175,2024-02-05,S001,South,I050,Laptop,,-2,15398,500,-31296
T0645,C182,2024-02-05,S002,South,I037,Chair,Electronics,-1,12235,,-12235
T0730,C111,01-03-2024,S001,East,I011,TV,electronics,1,7480,500,6980
T0167,C128,2024-02-05,S003,West,I087,Laptop,electronics,1,26689,,26689
T0609,C088,2024/01/02,S003,West,I076,Chair,,-2,32566,,-65132
T0267,C065,2024-02-05,S004,North,I065,Chair,electronics,0,36888,500,-500
T0748,C157,2024/01/02,S001,East,I053,Chair,electronics,3,25020,500,74560
T0820,C130,2024-01-01,S001,East,I038,Chair,Electronics,4,5743,500,22472
T0454,C121,2024/01/02,S001,North,I075,Table,electronics,1,16829,0,16829
T0905,C148,2024/01/02,S004,South,I038,Chair,,2,41384,0,82768
T0684,C083,2024-01-01,S003,North,I077,Table,Electronics,2,6710,500,12920
T0400,C176,2024-02-05,S002,North,I029,Table,Electronics,4,18622,1000,73488
T0921,C115,2024/01/02,S001,North,I047,TV,Electronics,1,20873,500,20373
T0980,C189,2024-02-05,S004,East,I082,Laptop,Furniture,3,11904,1000,34712
T0475,C115,2024-01-01,S004,North,I030,Table,,3,7916,0,23748
T0701,C037,01-03-2024,S002,North,I024,Phone,Furniture,3,27573,0,82719
T0633,C142,2024-02-05,S003,North,I067,Table,electronics,0,12032,1000,-1000
T0557,C109,2024-02-05,S001,West,I050,Phone,Electronics,2,49510,0,99020
T0575,C179,01-03-2024,S001,South,I012,TV,Furniture,0,17594,500,-500
T0129,C045,01-03-2024,S004,South,I099,Phone,electronics,-2,23809,1000,-48618
T0821,C024,2024-01-01,S003,South,I062,TV,Furniture,-1,30289,1000,-31289
T0362,C020,2024-02-05,S001,South,I041,TV,Electronics,3,31005,,93015
T0704,C120,2024-02-05,S002,East,I053,TV,electronics,-2,6587,0,-13174
T0818,C121,2024-01-01,S003,East,I066,Phone,Electronics,-1,17304,1000,-18304
T0692,C132,2024-02-05,S003,North,I079,Phone,Electronics,4,6088,1000,23352
T0291,C069,2024/01/02,S004,East,I089,TV,Furniture,2,27464,1000,53928
T0370,C112,2024/01/02,S004,South,I055,TV,,-1,38503,0,-38503
T0793,C106,2024/01/02,S001,West,I018,Laptop,electronics,-1,21148,1000,-22148
T0028,C111,2024-02-05,S004,North,I045,TV,electronics,1,7193,1000,6193
T0148,C107,2024/01/02,S003,North,I014,Chair,,-1,37472,500,-37972
T0778,C046,2024/01/02,S001,South,I031,Laptop,electronics,1,18047,500,17547
T0295,C195,2024-01-01,S001,South,I048,Laptop,Furniture,-1,30835,,-30835
T0010,C090,2024-01-01,S003,South,I020,Laptop,electronics,1,29296,1000,28296
T0511,C017,01-03-2024,S001,East,I064,Chair,Furniture,2,22827,0,45654
T0675,C148,01-03-2024,S002,North,I069,Laptop,electronics,2,42267,,84534
T0112,C103,01-03-2024,S002,South,I026,Laptop,Furniture,-1,24984,,-24984
T0186,C150,01-03-2024,S001,West,I022,Phone,,4,34707,,138828
T0806,C191,2024-01-01,S004,North,I046,Phone,electronics,4,7775,1000,30100
T0743,C194,2024-01-01,S002,North,I094,TV,Furniture,0,44412,,0
T0226,C039,2024-01-01,S001,East,I011,TV,Electronics,4,40869,0,163476
T0309,C137,2024/01/02,S002,North,I084,Table,Electronics,2,9675,500,18850
T0097,C088,2024/01/02,S004,South,I065,Chair,Electronics,-2,35174,500,-70848
T0054,C179,01-03-2024,S003,South,I004,Phone,electronics,4,47098,1000,187392
T0622,C199,2024/01/02,S001,West,I008,TV,Furniture,-2,25856,0,-51712
T0663,C060,2024-02-05,S001,North,I019,Chair,Electronics,1,10764,0,10764
T0757,C191,2024-01-01,S001,North,I081,Laptop,electronics,0,15214,0,0
T0405,C004,01-03-2024,S001,East,I062,Chair,Furniture,3,21624,1000,63872
T0068,C121,01-03-2024,S001,South,I085,Phone,Electronics,1,11259,0,11259
T0311,C180,2024-02-05,S001,West,I071,Table,Electronics,-1,13399,500,-13899
T0288,C054,2024/01/02,S004,South,I097,Phone,electronics,4,28132,0,112528
T0761,C036,01-03-2024,S003,North,I072,TV,Furniture,2,41497,0,82994
T0547,C055,2024/01/02,S004,North,I070,TV,electronics,0,555,1000,-1000
T0750,C186,2024/01/02,S004,West,I029,Chair,Electronics,1,42629,,42629
T0147,C101,2024-02-05,S003,North,I081,Phone,electronics,1,42678,,42678
T0466,C092,01-03-2024,S004,West,I090,TV,electronics,-2,44672,1000,-90344
T0738,C196,2024/01/02,S002,West,I015,Laptop,Electronics,-1,34380,1000,-35380
T0243,C072,2024/01/02,S004,South,I084,Laptop,Electronics,1,4838,1000,3838
T0490,C058,2024-02-05,S001,West,I004,Table,Furniture,-2,32366,1000,-65732
T0848,C001,2024-02-05,S002,North,I028,Chair,Furniture,0,16875,0,0
T0957,C192,2024/01/02,S002,East,I046,TV,Electronics,1,35489,0,35489
T0506,C103,2024-02-05,S003,East,I021,Table,Electronics,3,15818,,47454
T0364,C187,2024/01/02,S004,North,I077,Laptop,,3,6276,1000,17828
T0481,C050,01-03-2024,S004,East,I056,Table,,-2,48363,1000,-97726
T0200,C029,2024-01-01,S002,East,I082,Table,Furniture,3,9212,0,27636
T0153,C010,2024-02-05,S004,West,I034,TV,electronics,-1,22203,1000,-23203
T0449,C107,2024-01-01,S004,East,I087,TV,Electronics,2,38909,500,77318
T0500,C075,2024/01/02,S003,East,I059,TV,Electronics,3,27133,0,81399
T0072,C166,2024/01/02,S002,East,I069,Chair,electronics,0,20084,500,-500
T0712,C089,2024/01/02,S001,South,I059,Table,Furniture,1,31842,0,31842
T0295,C122,2024-01-01,S002,North,I057,Table,,-2,38078,0,-76156
T0016,C199,2024/01/02,S003,West,I002,Chair,Furniture,1,4608,0,4608
T0640,C190,2024-02-05,S003,East,I033,Laptop,electronics,2,39310,,78620
T0216,C191,01-03-2024,S003,North,I044,Phone,Electronics,1,6316,,6316
T0060,C188,01-03-2024,S004,East,I049,Laptop,,1,24369,0,24369
T0938,C124,2024-02-05,S002,South,I001,Chair,electronics,-2,360,0,-720
T0615,C181,01-03-2024,S004,South,I014,Table,Electronics,2,6933,0,13866
T0041,C121,2024-01-01,S004,East,I036,Table,Furniture,0,9627,0,0
T0024,C093,2024/01/02,S002,East,I014,TV,,-2,46114,1000,-93228
T0038,C102,2024/01/02,S003,East,I059,TV,Electronics,4,6044,1000,23176
T0802,C185,2024/01/02,S001,South,I095,Table,Electronics,2,22618,1000,44236
T0130,C183,2024-01-01,S001,South,I084,Table,Electronics,2,23359,,46718
T0497,C161,2024-01-01,S002,North,I063,TV,Electronics,1,29960,500,29460
T0228,C030,2024-01-01,S002,West,I080,TV,Electronics,-1,31659,0,-31659
T0107,C051,2024-02-05,S003,West,I097,Laptop,Furniture,-1,33202,1000,-34202
T0171,C088,2024-01-01,S002,South,I095,Table,electronics,0,7769,1000,-1000
T0434,C075,01-03-2024,S002,West,I051,Table,,1,35647,1000,34647
T0477,C128,2024-02-05,S003,East,I022,Chair,Furniture,-1,25479,0,-25479
T0101,C182,2024-02-05,S003,North,I098,Laptop,,-2,23812,0,-47624
T0865,C021,2024-02-05,S004,South,I036,Phone,Electronics,0,19291,500,-500
T0523,C039,2024-01-01,S002,South,I040,Phone,electronics,1,13359,,13359
T0274,C100,2024-02-05,S001,West,I056,Phone,Electronics,3,38058,500,113674
T0612,C110,2024-01-01,S002,East,I096,TV,Furniture,-2,25616,0,-51232
T0043,C128,2024-01-01,S001,North,I024,Phone,Furniture,-1,36031,500,-36531
T0954,C064,2024-02-05,S001,West,I036,Chair,,-1,9194,1000,-10194
T0816,C190,2024/01/02,S001,South,I039,TV,Electronics,-1,11724,500,-12224
T0956,C181,2024/01/02,S004,South,I084,TV,Electronics,-1,23972,1000,-24972
T0016,C169,2024-02-05,S003,West,I045,Phone,electronics,2,32891,500,65282
T0329,C148,2024/01/02,S003,East,I059,TV,electronics,3,4752,1000,13256
T0568,C078,01-03-2024,S004,North,I097,Laptop,Electronics,0,35616,500,-500
T0822,C021,01-03-2024,S003,North,I018,Laptop,,0,26072,,0
T0496,C165,2024-01-01,S004,North,I090,Phone,electronics,-1,8195,500,-8695
T0814,C098,2024/01/02,S002,North,I008,Chair,Electronics,0,3457,0,0
T0011,C007,01-03-2024,S004,East,I068,TV,Electronics,3,12196,0,36588
T0317,C189,2024-02-05,S003,South,I004,Table,Electronics,-2,8195,1000,-17390
T0591,C174,2024/01/02,S003,South,I088,Phone,Furniture,-2,10780,0,-21560
T0215,C016,01-03-2024,S002,North,I025,TV,,4,40951,1000,162804
T0338,C016,01-03-2024,S004,North,I018,Phone,Electronics,0,28342,,0
T0775,C089,2024-02-05,S002,North,I029,Phone,Electronics,-1,26433,0,-26433
T0990,C140,2024-01-01,S001,West,I099,Chair,Electronics,1,13269,0,13269
T0660,C144,2024-02-05,S004,West,I047,Table,electronics,3,24639,1000,72917
T0080,C165,2024-01-01,S002,South,I015,TV,Electronics,-1,39937,,-39937
T0726,C080,01-03-2024,S002,South,I070,Phone,Furniture,2,21822,,43644
T0484,C077,2024-01-01,S003,North,I017,Phone,Furniture,1,19016,500,18516
T0373,C172,01-03-2024,S004,West,I055,TV,,3,38205,1000,113615
T0975,C005,01-03-2024,S001,East,I020,Phone,Electronics,2,3873,1000,6746
T0709,C162,2024/01/02,S001,West,I030,Phone,Electronics,0,48294,,0
T0199,C109,2024-01-01,S004,South,I000,Phone,Electronics,2,30045,1000,59090
T0536,C013,2024-01-01,S004,West,I002,Laptop,Furniture,0,21145,0,0
T0465,C071,2024-01-01,S002,South,I094,Laptop,electronics,2,2157,0,4314
T0088,C188,2024-02-05,S003,North,I024,Table,electronics,1,17161,0,17161
T0267,C142,2024/01/02,S003,East,I007,Chair,Electronics,2,13238,1000,25476
T0654,C053,2024/01/02,S003,North,I064,TV,electronics,-1,35842,500,-36342
T0570,C026,2024/01/02,S004,North,I061,Chair,,0,24960,500,-500
T0921,C012,2024-02-05,S003,East,I006,Chair,Furniture,-2,16003,,-32006
T0488,C158,2024-01-01,S002,East,I006,Laptop,Electronics,2,29142,1000,57284
T0876,C162,2024-01-01,S004,East,I007,Table,electronics,0,39312,,0
T0537,C059,2024-01-01,S004,South,I018,Chair,Electronics,-2,18324,1000,-37648
T0046,C005,2024/01/02,S003,North,I016,Chair,Electronics,0,1978,500,-500
T0287,C196,2024/01/02,S001,South,I010,Phone,Furniture,4,39157,0,156628
T0777,C057,01-03-2024,S001,East,I048,TV,Furniture,0,9902,1000,-1000
T0015,C048,2024-02-05,S002,South,I010,Table,electronics,-2,28638,500,-57776
T0710,C150,2024-02-05,S003,East,I040,TV,Furniture,-2,48863,500,-98226
T0400,C161,2024/01/02,S003,West,I061,Laptop,,1,23703,500,23203
T0918,C025,01-03-2024,S004,East,I051,Chair,Electronics,3,48631,0,145893
T0793,C046,2024-01-01,S004,North,I065,Chair,Furniture,4,15137,500,60048
T0980,C004,2024/01/02,S003,North,I067,TV,electronics,2,11790,,23580
T0085,C019,2024-02-05,S004,North,I091,Laptop,electronics,2,10423,500,20346
T0249,C133,2024-02-05,S003,South,I096,Phone,electronics,4,3414,500,13156
T0390,C197,2024-02-05,S002,North,I074,Phone,,0,46285,1000,-1000
T0781,C058,2024-01-01,S004,East,I066,Chair,Furniture,4,34246,1000,135984
T0334,C191,2024-02-05,S003,West,I039,Chair,Furniture,-1,14456,1000,-15456
T0628,C145,2024-01-01,S004,North,I004,Table,,-1,11369,500,-11869
T0518,C131,2024-01-01,S002,South,I084,TV,Furniture,3,44074,500,131722
T0136,C016,2024-01-01,S004,West,I021,Chair,Furniture,0,5440,,0
T0882,C013,2024/01/02,S003,North,I036,Laptop,Furniture,1,44952,0,44952
T0687,C012,2024-01-01,S004,North,I010,TV,,-2,42775,500,-86050
T0839,C134,01-03-2024,S004,West,I043,Table,,0,33320,0,0
T0497,C127,2024-02-05,S003,North,I085,Phone,electronics,2,41401,500,82302
T0826,C043,2024/01/02,S001,South,I052,Table,,-1,492,0,-492
T0726,C118,2024-02-05,S004,East,I076,TV,,-1,5571,1000,-6571
T0476,C142,2024-01-01,S004,East,I060,Phone,electronics,-1,8237,500,-8737
T0593,C018,2024/01/02,S002,West,I066,Laptop,,1,14097,,14097
T0222,C062,01-03-2024,S001,East,I012,Phone,Furniture,2,19534,0,39068
T0989,C162,2024-01-01,S002,North,I091,Phone,Electronics,1,42030,1000,41030
T0371,C080,2024-02-05,S003,North,I010,Laptop,electronics,-2,30378,,-60756
T0934,C162,01-03-2024,S003,South,I010,Chair,Electronics,0,10497,1000,-1000
T0994,C146,2024-01-01,S002,East,I084,Chair,Electronics,0,31630,500,-500
T0401,C147,01-03-2024,S004,West,I084,Phone,electronics,4,48464,,193856
T0442,C099,2024-01-01,S001,North,I006,Phone,Electronics,-1,4894,0,-4894
T0489,C162,2024/01/02,S002,West,I016,Table,Electronics,4,23894,0,95576
T0614,C159,2024-01-01,S002,North,I047,Chair,electronics,-1,16649,,-16649
T0272,C121,2024/01/02,S003,North,I013,Laptop,electronics,-2,41314,0,-82628
T0525,C175,2024-01-01,S004,South,I062,Phone,Furniture,1,41361,1000,40361
T0158,C043,2024-01-01,S001,East,I063,Phone,electronics,3,6463,,19389
T0151,C103,2024-02-05,S002,South,I096,Table,,3,44163,0,132489
T0994,C151,01-03-2024,S001,East,I074,Table,Electronics,3,8179,1000,23537
T0619,C060,01-03-2024,S001,West,I076,Table,electronics,2,12132,0,24264
T0187,C124,01-03-2024,S002,East,I064,TV,Furniture,-2,43616,1000,-88232
T0812,C144,2024-01-01,S001,West,I033,Laptop,electronics,0,1605,500,-500
T0097,C070,2024-01-01,S003,North,I008,TV,Electronics,0,9548,1000,-1000
T0130,C106,2024-01-01,S004,West,I076,Phone,electronics,1,13340,0,13340
T0804,C049,2024/01/02,S004,West,I036,Table,Electronics,4,40277,1000,160108
T0170,C064,2024/01/02,S004,North,I029,Table,electronics,-2,30839,0,-61678
T0935,C098,2024-02-05,S003,West,I040,Table,Furniture,2,33077,,66154
T0985,C031,2024-01-01,S003,West,I044,Chair,,-2,20277,,-40554
T0182,C163,01-03-2024,S003,North,I046,Laptop,Furniture,-2,19531,500,-39562
T0982,C140,01-03-2024,S004,North,I006,TV,electronics,1,2219,1000,1219
T0363,C197,2024-02-05,S001,North,I013,Laptop,Electronics,2,277,500,54
T0038,C057,01-03-2024,S003,East,I047,Table,Furniture,3,34414,,103242
T0526,C127,2024-02-05,S002,North,I005,Phone,,0,47054,1000,-1000
T0887,C141,2024-01-01,S003,North,I033,Chair,,-1,10326,1000,-11326
T0496,C164,01-03-2024,S002,West,I079,Laptop,Electronics,4,24974,500,99396
T0515,C111,2024-01-01,S004,South,I099,Phone,electronics,3,31085,500,92755
T0348,C067,2024/01/02,S002,South,I045,Table,Furniture,2,27243,1000,53486
T0981,C039,01-03-2024,S003,East,I058,Table,Furniture,0,12331,1000,-1000
T0920,C186,2024/01/02,S003,East,I069,Table,Electronics,3,49526,1000,147578
T0396,C143,01-03-2024,S001,South,I007,Table,Furniture,1,14116,500,13616
T0721,C189,2024-01-01,S004,South,I023,Chair,Electronics,4,14234,0,56936
T0160,C131,2024-02-05,S002,North,I066,Chair,Electronics,2,14182,,28364
T0015,C172,2024-01-01,S004,West,I003,Laptop,electronics,2,49304,,98608
T0492,C089,2024-01-01,S003,North,I095,Table,Electronics,0,7875,500,-500
T0425,C027,2024-01-01,S001,East,I000,Chair,Furniture,0,16275,1000,-1000
T0107,C095,01-03-2024,S003,South,I033,Phone,Electronics,-2,14233,,-28466
T0893,C193,2024-02-05,S003,East,I008,Chair,Furniture,-2,42483,,-84966
T0449,C030,2024/01/02,S003,North,I062,Chair,Electronics,2,49236,,98472
T0310,C002,2024-01-01,S002,East,I075,Laptop,electronics,-1,22527,,-22527
T0738,C135,01-03-2024,S003,East,I009,Chair,electronics,1,14937,1000,13937
T0169,C023,2024/01/02,S004,West,I009,Phone,Electronics,0,10646,500,-500
T0545,C014,2024-01-01,S004,East,I049,Table,Electronics,-2,25092,1000,-51184
T0413,C170,2024/01/02,S001,North,I043,TV,Electronics,1,10848,1000,9848
T0250,C158,2024-01-01,S004,West,I047,Laptop,electronics,4,25596,,102384
T0758,C044,2024/01/02,S003,East,I086,Phone,,3,1653,,4959
T0780,C193,2024/01/02,S003,North,I005,Laptop,Electronics,3,25341,1000,75023
T0140,C007,2024-02-05,S004,South,I087,Table,,2,2569,1000,4138
T0273,C070,2024-02-05,S001,West,I023,Chair,Electronics,0,49167,1000,-1000
T0415,C107,2024-01-01,S001,East,I084,Chair,Furniture,3,1574,0,4722
T0607,C114,01-03-2024,S004,East,I094,Phone,electronics,4,48654,,194616
T0738,C102,2024-02-05,S002,West,I057,Table,,0,31209,500,-500
T0890,C124,2024/01/02,S002,North,I063,TV,,-2,22961,500,-46422
T0038,C056,2024-02-05,S002,East,I093,TV,electronics,3,46627,500,139381
T0813,C029,2024-02-05,S002,North,I055,Chair,,-1,33205,0,-33205
T0028,C145,2024-01-01,S004,West,I097,Table,Electronics,3,39859,0,119577
T0957,C113,2024-02-05,S001,East,I081,Table,,0,44219,500,-500
T0476,C196,2024-02-05,S003,South,I011,Phone,Electronics,-1,33955,500,-34455
T0317,C116,2024/01/02,S003,South,I034,TV,,1,34161,500,33661
T0244,C166,2024-02-05,S004,South,I070,Phone,Furniture,3,41716,1000,124148
T0747,C059,2024/01/02,S003,West,I088,Laptop,,0,30172,,0
T0696,C097,2024-02-05,S002,East,I005,Table,,3,6064,0,18192
T0271,C170,2024-02-05,S001,West,I064,TV,Electronics,3,35696,0,107088
T0439,C125,01-03-2024,S004,East,I079,Phone,electronics,0,6572,1000,-1000
T0747,C172,2024-02-05,S001,South,I059,Chair,Furniture,-1,20457,0,-20457
T0238,C150,2024/01/02,S004,South,I067,Laptop,electronics,-2,23145,500,-46790
T0376,C196,2024/01/02,S004,North,I028,Phone,Electronics,4,6664,0,26656
T0265,C093,2024-01-01,S004,West,I037,Chair,Furniture,3,1436,1000,3308
T0925,C133,2024-01-01,S004,West,I091,TV,,2,43416,,86832
T0920,C183,01-03-2024,S001,North,I021,TV,electronics,1,48017,500,47517
T0358,C121,2024/01/02,S003,South,I007,Laptop,electronics,0,15281,0,0
T0339,C107,2024/01/02,S004,South,I062,Chair,electronics,3,34535,500,103105
T0388,C003,2024/01/02,S002,West,I095,Table,,4,28706,,114824
T0576,C092,01-03-2024,S004,East,I096,TV,Electronics,-2,1312,0,-2624
T0989,C150,2024/01/02,S001,South,I012,Table,,0,2868,500,-500
T0688,C005,2024-01-01,S004,North,I026,Table,,3,29837,1000,88511
T0002,C031,01-03-2024,S002,North,I017,Phone,Electronics,1,45475,1000,44475
T0428,C105,2024-01-01,S001,North,I017,Phone,Electronics,2,27734,,55468
T0141,C145,2024-01-01,S004,West,I076,TV,,0,49696,,0
T0375,C014,01-03-2024,S002,West,I085,Table,Electronics,3,9689,,29067
T0669,C167,2024-02-05,S001,West,I061,Phone,electronics,-1,26894,0,-26894
T0323,C121,2024-02-05,S004,West,I013,Chair,Furniture,-2,36544,,-73088
T0145,C095,2024-01-01,S002,North,I010,Chair,Electronics,2,18794,0,37588
T0957,C005,2024-02-05,S001,North,I085,Chair,Furniture,0,7185,500,-500
T0292,C111,2024/01/02,S004,West,I099,Chair,electronics,3,18311,1000,53933
T0664,C119,01-03-2024,S001,West,I016,Table,Electronics,2,22769,500,45038
T0431,C122,2024-01-01,S002,North,I050,Chair,,-1,19703,1000,-20703
T0704,C190,2024/01/02,S004,West,I095,Table,,0,23255,,0
T0948,C066,2024-02-05,S004,West,I013,TV,electronics,2,37556,500,74612
T0974,C105,2024/01/02,S004,West,I056,TV,Electronics,0,4611,500,-500
T0584,C138,2024-02-05,S002,West,I092,Chair,,0,18556,,0
T0398,C042,2024-01-01,S003,South,I005,Chair,Electronics,2,23254,500,46008
T0816,C144,2024/01/02,S004,West,I056,Chair,Furniture,0,28865,0,0
T0888,C095,01-03-2024,S002,North,I003,TV,,-1,47508,1000,-48508
T0343,C131,2024-01-01,S001,North,I010,Phone,electronics,2,18814,,37628
T0963,C190,2024/01/02,S001,North,I073,TV,,3,46334,0,139002
T0139,C195,2024/01/02,S002,North,I091,Chair,electronics,4,33553,0,134212
T0186,C080,2024-02-05,S003,West,I010,Phone,electronics,2,33552,,67104
T0804,C040,2024-01-01,S002,South,I098,Phone,Furniture,-1,47869,500,-48369
T0060,C132,2024-01-01,S001,East,I078,Laptop,Furniture,-1,27613,1000,-28613
T0996,C159,2024-01-01,S001,East,I007,Table,electronics,-1,31635,0,-31635
T0938,C197,2024-01-01,S004,East,I083,Chair,,3,28387,500,84661
T0379,C034,2024-02-05,S003,East,I058,Table,electronics,3,8632,,25896
T0709,C021,01-03-2024,S002,North,I020,Laptop,Electronics,4,12991,,51964
T0806,C192,2024-01-01,S001,West,I064,Table,Electronics,4,33601,1000,133404
T0439,C149,2024-02-05,S001,West,I092,Chair,,0,1596,,0
T0318,C111,01-03-2024,S001,East,I023,Laptop,,0,15254,1000,-1000
T0301,C010,01-03-2024,S002,East,I029,Table,Furniture,1,11246,,11246
T0343,C002,2024-02-05,S002,South,I098,TV,Electronics,4,5550,,22200
T0010,C136,2024-01-01,S003,South,I096,Phone,electronics,4,37503,0,150012
T0061,C059,01-03-2024,S004,South,I083,Laptop,electronics,0,18216,500,-500
T0844,C075,2024-01-01,S004,North,I056,TV,Electronics,-1,44095,0,-44095
T0225,C086,2024-01-01,S004,West,I079,Chair,Electronics,1,46891,1000,45891
T0152,C013,2024/01/02,S001,North,I072,Phone,Furniture,4,27389,0,109556
T0710,C017,2024-01-01,S004,North,I094,Laptop,Electronics,-1,23209,,-23209
T0563,C112,2024/01/02,S001,West,I016,Phone,Furniture,-2,39171,,-78342
T0771,C072,01-03-2024,S003,South,I058,Laptop,,4,43539,500,173656
T0570,C022,2024-02-05,S001,West,I030,Laptop,,3,24515,1000,72545
T0583,C082,2024/01/02,S003,East,I063,Table,Electronics,2,17903,,35806
T0659,C124,2024-02-05,S003,South,I047,Phone,Electronics,-2,10281,500,-21062
T0860,C174,01-03-2024,S004,West,I022,Phone,Electronics,3,32816,500,97948
T0574,C068,2024-01-01,S004,North,I069,TV,Electronics,3,4810,,14430
T0309,C046,01-03-2024,S001,West,I029,Chair,electronics,-1,41547,,-41547
T0884,C115,2024-02-05,S002,South,I054,TV,electronics,0,28495,1000,-1000
T0242,C029,01-03-2024,S004,East,I006,Table,,2,13600,500,26700
T0492,C024,2024-01-01,S004,North,I074,Laptop,electronics,0,34309,500,-500
T0365,C155,01-03-2024,S002,East,I097,Table,Electronics,0,35258,500,-500
T0329,C111,2024-01-01,S002,East,I011,Table,Furniture,4,1484,1000,4936
T0106,C024,2024/01/02,S004,North,I059,TV,,2,18640,500,36780
T0225,C073,2024-02-05,S002,West,I051,Laptop,Electronics,2,46004,0,92008
T0824,C057,2024-01-01,S001,West,I026,Chair,electronics,-2,4496,0,-8992
T0217,C093,2024-01-01,S003,East,I011,Table,Furniture,-1,1491,500,-1991
T0936,C118,01-03-2024,S003,West,I012,Chair,Furniture,0,16752,0,0
T0752,C126,2024/01/02,S004,South,I071,Laptop,electronics,-1,20401,0,-20401
T0505,C168,2024-01-01,S004,East,I079,Laptop,Electronics,-1,9816,1000,-10816
T0258,C024,2024/01/02,S001,East,I061,TV,Furniture,4,15668,500,62172
T0887,C077,2024/01/02,S002,East,I028,Phone,Furniture,1,8769,1000,7769
T0773,C098,01-03-2024,S004,South,I034,TV,electronics,-2,4371,500,-9242
T0516,C115,2024-01-01,S003,East,I059,Chair,Furniture,0,49490,,0
T0772,C047,01-03-2024,S001,West,I028,TV,Furniture,3,15328,0,45984
T0053,C009,2024-02-05,S001,West,I030,Laptop,Furniture,2,14356,1000,27712
T0046,C098,2024-02-05,S002,West,I076,Table,,2,25285,1000,49570
T0726,C010,2024-01-01,S004,West,I075,Phone,Electronics,-1,23486,,-23486
T0688,C084,2024/01/02,S004,East,I060,Laptop,Electronics,-2,24252,,-48504
T0520,C148,2024-01-01,S001,South,I001,Table,electronics,-2,22367,0,-44734
T0098,C172,2024-01-01,S003,North,I032,Chair,Electronics,0,12879,0,0
T0019,C134,2024-02-05,S004,West,I071,Chair,Furniture,0,14534,500,-500
T0889,C191,2024-02-05,S003,North,I061,Chair,Electronics,-1,29100,500,-29600
T0752,C125,2024/01/02,S001,North,I058,TV,,-1,28073,,-28073
T0572,C063,2024/01/02,S004,East,I039,Chair,Furniture,-1,45600,0,-45600
T0890,C001,2024-01-01,S003,West,I048,Chair,Furniture,1,37961,0,37961
T0489,C075,01-03-2024,S001,West,I031,TV,,-2,6538,,-13076
T0418,C120,2024-01-01,S003,West,I037,Table,,-1,12829,,-12829
T0689,C041,2024/01/02,S004,North,I091,Laptop,Electronics,4,29566,1000,117264
T0849,C053,01-03-2024,S002,West,I078,Phone,Electronics,-2,26507,,-53014
T0061,C074,2024-02-05,S003,West,I086,Chair,Electronics,3,29662,1000,87986
T0144,C015,2024/01/02,S002,South,I087,Chair,,2,22658,500,44816
T0215,C017,2024/01/02,S004,East,I012,Chair,Electronics,2,25830,,51660
T0002,C186,01-03-2024,S002,West,I084,TV,electronics,-2,42811,,-85622
T0159,C089,2024/01/02,S001,West,I053,TV,Electronics,3,27161,,81483
T0738,C143,2024/01/02,S002,East,I075,TV,,2,21929,1000,42858
T0997,C005,2024/01/02,S003,East,I012,Phone,,2,35201,,70402
T0780,C184,2024/01/02,S003,North,I038,Laptop,electronics,2,37254,,74508
T0119,C107,2024/01/02,S002,North,I022,Chair,Furniture,0,12755,0,0
T0892,C174,2024/01/02,S001,North,I091,Table,electronics,3,21065,0,63195
T0088,C047,2024/01/02,S004,East,I013,Chair,,0,16416,0,0
T0328,C041,2024/01/02,S002,South,I016,Chair,Furniture,-2,8459,,-16918
T0579,C075,2024-02-05,S003,West,I023,Chair,electronics,-2,14272,0,-28544
T0909,C187,2024/01/02,S003,East,I057,Chair,electronics,1,3642,500,3142
T0356,C076,2024-02-05,S002,South,I062,Laptop,Furniture,0,15629,0,0
T0609,C131,2024-02-05,S002,East,I033,Table,electronics,-2,8154,,-16308
T0266,C129,2024-01-01,S002,South,I050,TV,Furniture,0,39782,0,0
T0616,C058,2024-01-01,S004,East,I085,Table,Electronics,1,40381,0,40381
T0951,C154,2024-02-05,S003,East,I009,Chair,Furniture,-2,8369,0,-16738
T0322,C026,2024-02-05,S003,South,I071,Table,electronics,-2,11190,500,-22880
T0634,C078,2024/01/02,S003,South,I020,Chair,Electronics,-2,1208,500,-2916
T0987,C071,2024-01-01,S004,South,I036,Table,,-2,21240,1000,-43480
T0540,C006,01-03-2024,S001,South,I006,Phone,,-1,1324,,-1324
T0648,C190,2024-01-01,S003,South,I089,Table,,3,12976,500,38428
T0194,C110,2024-02-05,S003,South,I012,TV,electronics,3,15197,500,45091
T0920,C118,2024-02-05,S001,South,I079,TV,Electronics,0,8856,500,-500
T0737,C173,2024/01/02,S004,South,I029,Table,Furniture,0,2959,,0
T0331,C062,2024/01/02,S001,East,I030,Table,,0,24977,1000,-1000
T0169,C123,2024-01-01,S001,South,I004,Laptop,,1,14728,,14728
T0520,C011,2024/01/02,S001,South,I031,Table,Electronics,4,12681,0,50724
T0462,C140,01-03-2024,S001,East,I015,TV,Electronics,-1,8400,1000,-9400
T0039,C042,01-03-2024,S004,East,I072,Phone,Electronics,4,2512,0,10048
T0536,C016,2024/01/02,S004,North,I021,TV,electronics,0,35515,500,-500
T0260,C062,01-03-2024,S001,North,I063,Laptop,Electronics,0,27401,,0
T0394,C119,01-03-2024,S002,South,I043,Table,Furniture,-2,13905,0,-27810
T0954,C035,2024-01-01,S002,South,I039,Phone,Furniture,4,3438,1000,12752
T0225,C007,01-03-2024,S002,North,I036,TV,,-2,5904,0,-11808
T0983,C068,2024-02-05,S002,North,I077,Phone,Furniture,4,29409,0,117636
T0123,C089,2024-02-05,S003,West,I015,Chair,Electronics,4,20297,500,80688
T0974,C035,2024-01-01,S004,West,I042,TV,Furniture,-2,12492,0,-24984
T0037,C027,2024/01/02,S004,South,I083,Chair,,0,10548,0,0
T0327,C117,2024-01-01,S001,West,I062,Phone,electronics,-2,20129,500,-40758
T0250,C092,2024/01/02,S003,North,I014,Table,Furniture,0,27197,1000,-1000
T0900,C174,2024/01/02,S001,South,I043,Table,,4,36285,500,144640
T0175,C075,2024/01/02,S001,East,I089,Table,,1,16495,0,16495
T0601,C100,2024/01/02,S004,East,I008,Chair,Electronics,1,23093,,23093
T0913,C157,2024/01/02,S003,North,I064,Table,,2,19629,500,38758
T0453,C150,2024-01-01,S002,West,I098,Laptop,Furniture,-1,17358,500,-17858
T0036,C143,2024/01/02,S004,East,I043,TV,,-2,27109,0,-54218
T0315,C013,01-03-2024,S003,West,I019,TV,,3,7403,,22209
T0687,C070,01-03-2024,S003,East,I069,Phone,Electronics,-2,4750,1000,-10500
T0972,C179,2024/01/02,S004,West,I073,Chair,Electronics,-1,12277,,-12277
T0795,C123,01-03-2024,S004,East,I032,TV,Furniture,4,13847,500,54888
T0964,C124,2024-02-05,S001,East,I079,Chair,,-1,31882,,-31882
T0972,C036,2024-01-01,S001,South,I099,Phone,electronics,4,23281,1000,92124
T0592,C028,2024-01-01,S001,South,I005,Table,,2,21923,,43846
T0113,C194,2024/01/02,S002,North,I082,Phone,electronics,-1,14282,,-14282
T0039,C142,2024/01/02,S004,East,I030,Laptop,Furniture,0,39876,,0
T0300,C174,2024-02-05,S003,West,I065,Table,Electronics,-2,13376,500,-27252
T0223,C173,2024/01/02,S004,East,I017,Table,Furniture,-1,9871,0,-9871
T0317,C179,01-03-2024,S003,West,I027,Table,Electronics,0,12063,0,0
T0348,C018,2024-02-05,S002,West,I067,Phone,Electronics,-1,25028,,-25028
T0114,C105,01-03-2024,S004,East,I064,Laptop,,3,41030,500,122590
T0697,C020,2024-01-01,S003,West,I079,Chair,,0,14949,500,-500
T0322,C063,01-03-2024,S003,North,I044,Phone,Electronics,1,26182,500,25682
T0567,C164,2024-01-01,S001,South,I057,TV,electronics,0,3587,0,0
T0039,C026,01-03-2024,S002,West,I046,TV,electronics,2,26705,500,52910
T0865,C054,2024-01-01,S004,East,I065,Phone,,4,10138,,40552
T0039,C028,2024/01/02,S001,South,I051,Chair,Furniture,0,40405,0,0
T0858,C147,01-03-2024,S002,North,I035,TV,electronics,-1,2490,500,-2990
T0972,C024,2024-01-01,S001,West,I000,Chair,Electronics,1,36898,,36898
T0748,C069,01-03-2024,S004,West,I038,Table,,1,40360,0,40360
T0288,C062,2024-02-05,S003,South,I086,Phone,,0,3538,500,-500
T0261,C163,2024/01/02,S004,West,I089,Table,Electronics,-1,35251,1000,-36251
T0215,C129,2024-01-01,S002,East,I074,TV,Furniture,1,36235,,36235
T0146,C149,2024-02-05,S004,South,I000,Chair,Electronics,3,6267,1000,17801
T0335,C015,01-03-2024,S002,South,I074,Table,Furniture,0,13272,0,0
T0167,C145,2024-02-05,S001,West,I087,TV,,0,34333,500,-500
T0091,C196,01-03-2024,S002,North,I073,Laptop,Furniture,4,36351,,145404
T0352,C181,2024/01/02,S003,North,I013,Table,Electronics,0,17057,,0
T0570,C099,2024-02-05,S003,North,I077,Laptop,,1,30460,,30460
T0570,C029,2024/01/02,S003,North,I070,Laptop,electronics,-2,874,1000,-2748
T0815,C044,2024-01-01,S001,South,I022,TV,,-1,23514,500,-24014
T0680,C018,01-03-2024,S002,South,I042,Phone,Electronics,2,20822,500,41144
T0780,C033,01-03-2024,S001,West,I021,Chair,Electronics,2,47545,500,94590
T0362,C140,2024/01/02,S004,North,I059,TV,,-1,24505,1000,-25505
T0556,C170,2024/01/02,S004,North,I099,Table,,-2,36798,0,-73596
T0344,C061,2024-01-01,S004,West,I026,Chair,,4,27356,1000,108424
T0692,C117,2024-02-05,S004,West,I055,Phone,Furniture,4,21444,0,85776
T0169,C099,01-03-2024,S003,West,I001,TV,electronics,4,35088,1000,139352
T0355,C021,01-03-2024,S002,East,I038,Phone,Furniture,4,34307,500,136728
T0190,C179,2024-01-01,S003,West,I050,Table,Electronics,-1,40292,500,-40792
T0666,C179,2024-01-01,S002,West,I018,TV,,0,9005,500,-500
T0421,C110,2024/01/02,S002,East,I061,Table,Furniture,3,39568,1000,117704
T0699,C163,2024/01/02,S001,North,I070,Chair,Furniture,-1,25251,,-25251
T0006,C072,2024-02-05,S004,South,I075,Chair,Electronics,-1,22823,1000,-23823
T0132,C146,2024-01-01,S002,North,I066,Phone,Furniture,3,38378,0,115134
T0746,C037,2024-02-05,S004,South,I062,Phone,Electronics,1,11273,1000,10273
T0556,C069,2024-01-01,S004,South,I004,Chair,Furniture,2,49321,0,98642
T0825,C115,01-03-2024,S004,West,I071,Laptop,electronics,2,44824,1000,88648
T0760,C078,2024-01-01,S003,West,I077,Chair,Electronics,0,13230,,0
T0030,C184,2024-01-01,S004,East,I060,TV,electronics,3,47450,,142350
T0534,C147,01-03-2024,S002,North,I099,Table,Furniture,4,27052,500,107708
T0425,C008,2024-01-01,S003,North,I070,Chair,electronics,4,11037,,44148
T0393,C031,2024-02-05,S004,South,I006,Chair,electronics,0,41802,1000,-1000
T0671,C131,2024/01/02,S001,West,I049,Table,electronics,1,39596,,39596
T0362,C049,2024/01/02,S004,West,I045,Table,Furniture,0,20634,500,-500
T0436,C081,2024-02-05,S004,North,I095,TV,Electronics,3,23894,1000,70682
T0669,C004,01-03-2024,S003,East,I071,Table,Furniture,3,25085,0,75255
T0550,C147,2024-01-01,S002,West,I075,Phone,Furniture,-2,19491,1000,-39982
T0926,C086,2024-02-05,S004,East,I073,Chair,Furniture,1,27628,500,27128
T0081,C125,2024/01/02,S003,North,I013,Table,Electronics,3,6970,,20910
T0355,C074,2024/01/02,S003,North,I072,TV,,3,21618,,64854
T0257,C164,2024-02-05,S002,East,I093,Table,Furniture,1,37110,1000,36110
T0717,C021,2024/01/02,S003,West,I068,Chair,Furniture,4,22093,0,88372
T0588,C185,2024-02-05,S002,North,I064,Laptop,Electronics,-1,42739,0,-42739
T0988,C067,2024/01/02,S001,South,I064,Table,,4,29820,0,119280
T0523,C043,2024-02-05,S004,North,I056,Phone,,-1,24262,0,-24262
T0294,C033,2024-01-01,S003,West,I061,Chair,,-2,10006,1000,-21012
T0961,C076,2024-01-01,S001,South,I019,TV,,4,17681,,70724
T0223,C041,2024-01-01,S003,North,I074,Chair,Electronics,3,31389,0,94167
T0524,C136,2024-01-01,S003,West,I025,Laptop,Electronics,1,16305,1000,15305
T0045,C105,2024/01/02,S001,West,I043,TV,,1,40954,1000,39954
T0666,C094,01-03-2024,S003,North,I066,Laptop,electronics,-1,11508,1000,-12508
T0112,C134,2024-02-05,S003,West,I069,Laptop,Electronics,4,27632,0,110528
T0232,C067,01-03-2024,S001,East,I061,Phone,electronics,2,3293,0,6586
T0016,C146,2024/01/02,S003,South,I044,Table,electronics,2,41086,1000,81172
T0359,C158,2024/01/02,S002,East,I010,Phone,,3,5320,1000,14960
T0222,C127,01-03-2024,S003,North,I071,Phone,,-1,19457,1000,-20457
T0865,C162,01-03-2024,S004,East,I092,Phone,Furniture,3,39399,,118197
T0699,C184,2024/01/02,S003,North,I073,TV,electronics,0,19649,,0
T0447,C084,2024/01/02,S004,North,I033,Table,Furniture,1,17574,500,17074
T0855,C188,2024-02-05,S004,West,I087,Table,,4,241,500,464
T0364,C158,2024-01-01,S003,West,I045,TV,electronics,4,16750,0,67000
T0674,C082,2024-01-01,S001,North,I080,Phone,Electronics,3,40587,,121761
T0325,C094,2024-02-05,S002,South,I031,Phone,Furniture,-2,20794,500,-42088
T0466,C180,01-03-2024,S002,South,I074,Laptop,,4,41548,1000,165192
T0413,C031,2024/01/02,S003,South,I097,Laptop,electronics,2,41555,1000,82110
T0454,C065,01-03-2024,S001,East,I087,Chair,,3,16963,0,50889
T0585,C186,2024-01-01,S001,North,I004,Laptop,Furniture,0,2790,0,0
T0232,C115,2024-01-01,S002,West,I062,Table,,1,48717,500,48217
T0223,C137,01-03-2024,S001,East,I028,TV,,4,45156,1000,179624
T0993,C129,2024-01-01,S003,East,I047,Phone,Electronics,0,21420,0,0
T0830,C193,2024/01/02,S003,West,I097,Chair,,3,2527,0,7581
T0411,C059,2024-02-05,S001,North,I015,Laptop,electronics,1,25519,,25519
T0571,C016,01-03-2024,S003,East,I024,Chair,electronics,1,40932,500,40432
T0334,C095,2024/01/02,S004,North,I071,TV,Electronics,-1,36083,0,-36083
T0221,C143,2024/01/02,S002,North,I028,TV,electronics,-1,22465,500,-22965
T0036,C015,2024-01-01,S003,North,I051,Chair,,-2,4011,1000,-9022
T0988,C045,2024/01/02,S001,West,I045,Chair,,-2,20561,500,-41622
T0277,C166,01-03-2024,S002,North,I024,Chair,electronics,4,749,0,2996
T0195,C158,2024/01/02,S003,East,I022,Phone,Furniture,0,26569,,0
T0915,C106,2024-02-05,S002,West,I033,Table,,-1,27926,500,-28426
T0863,C087,2024/01/02,S001,West,I066,Laptop,electronics,1,15603,500,15103
T0483,C128,2024/01/02,S004,East,I093,Laptop,,-1,43446,1000,-44446
T0241,C138,2024-02-05,S004,West,I033,Laptop,,1,22062,,22062
T0323,C118,2024/01/02,S003,East,I031,Chair,Electronics,-1,40984,500,-41484
T0730,C084,2024/01/02,S004,South,I028,Chair,electronics,1,34222,,34222
T0191,C003,2024-01-01,S003,East,I008,Chair,,0,17777,0,0
T0016,C070,01-03-2024,S002,West,I065,Phone,Furniture,-1,19742,,-19742
T0523,C153,2024-01-01,S003,East,I056,Phone,electronics,2,2813,0,5626
T0917,C110,01-03-2024,S003,South,I038,Phone,Furniture,2,8695,1000,16390
T0400,C049,2024-02-05,S003,North,I006,Phone,electronics,1,13879,1000,12879
T0905,C139,2024-02-05,S004,North,I068,TV,Furniture,0,12264,1000,-1000
T0885,C094,2024-02-05,S003,North,I007,Phone,Furniture,1,1646,0,1646
T0704,C091,01-03-2024,S001,West,I095,Phone,electronics,0,35474,500,-500
T0021,C064,01-03-2024,S003,South,I017,Phone,Electronics,-2,26528,0,-53056
T0473,C046,01-03-2024,S002,East,I081,Laptop,Electronics,-1,37074,,-37074
T0119,C180,2024-02-05,S001,East,I048,Laptop,electronics,0,31807,,0
T0209,C105,01-03-2024,S002,East,I015,Laptop,,1,25488,0,25488
T0305,C198,2024/01/02,S002,East,I020,Table,electronics,4,36242,1000,143968
T0269,C129,2024-01-01,S002,West,I009,TV,electronics,4,25605,1000,101420
T0703,C105,2024-02-05,S001,West,I003,Chair,,-2,13273,,-26546
T0686,C023,2024-01-01,S001,South,I043,Phone,electronics,4,29680,,118720
T0284,C003,2024/01/02,S004,East,I007,Laptop,electronics,1,28751,500,28251
T0715,C107,01-03-2024,S001,North,I054,TV,,2,23418,500,46336
T0675,C018,2024-01-01,S003,West,I018,Phone,,2,14727,500,28954
T0762,C153,2024/01/02,S002,South,I063,Table,Electronics,-1,6178,,-6178
T0226,C039,2024/01/02,S004,South,I039,Chair,Furniture,3,36191,500,108073
T0947,C049,2024-01-01,S001,West,I050,Phone,Furniture,-1,8466,,-8466
T0380,C170,2024-02-05,S002,North,I008,Chair,Electronics,4,14544,,58176
T0459,C074,2024-01-01,S001,North,I029,Phone,Electronics,-2,39973,0,-79946
T0006,C194,2024-02-05,S004,East,I055,Table,Furniture,4,17847,500,70888
T0028,C011,01-03-2024,S001,West,I080,TV,Electronics,2,27571,0,55142
T0906,C194,2024-02-05,S001,North,I043,Chair,electronics,0,9329,0,0
T0032,C026,01-03-2024,S002,West,I058,Chair,Electronics,2,47896,500,95292
T0645,C112,2024-01-01,S003,South,I014,TV,Electronics,3,40357,,121071
T0878,C181,01-03-2024,S001,South,I067,Chair,Electronics,-1,16404,,-16404
T0078,C193,2024/01/02,S004,South,I069,Laptop,Electronics,1,24435,,24435
T0927,C048,01-03-2024,S001,West,I060,TV,Furniture,4,2190,500,8260
T0946,C143,2024-02-05,S001,East,I079,Table,,-2,48329,,-96658
T0458,C129,2024-02-05,S003,East,I089,Phone,Furniture,3,32468,0,97404
T0569,C059,2024-02-05,S002,North,I022,Phone,Furniture,2,11044,1000,21088
T0982,C181,01-03-2024,S004,West,I076,TV,,0,31852,500,-500
T0537,C029,2024-02-05,S002,East,I046,Laptop,Furniture,3,33016,1000,98048
T0481,C083,2024-02-05,S002,West,I016,Table,electronics,0,20917,0,0
T0429,C165,2024/01/02,S002,East,I056,Phone,,0,5198,1000,-1000
T0737,C027,01-03-2024,S001,South,I053,Phone,electronics,-2,47427,0,-94854
T0284,C024,2024/01/02,S003,South,I090,Laptop,Furniture,0,1233,1000,-1000
T0515,C095,2024-02-05,S001,North,I051,Chair,Furniture,0,49605,1000,-1000
T0976,C124,2024-02-05,S004,South,I021,TV,,2,42167,,84334
T0098,C009,2024-02-05,S003,East,I082,Laptop,Furniture,-2,28770,1000,-58540
T0396,C187,01-03-2024,S002,North,I038,Laptop,Electronics,1,47824,0,47824
T0488,C041,2024-01-01,S003,North,I098,Laptop,electronics,1,36074,0,36074
T0038,C039,2024-02-05,S004,South,I012,Laptop,electronics,0,1209,0,0
T0270,C076,2024-02-05,S001,West,I077,Chair,Electronics,3,28855,500,86065
T0886,C104,2024-02-05,S001,South,I094,Table,,-1,43037,0,-43037
T0796,C117,2024-02-05,S002,South,I065,Laptop,,-2,24902,500,-50304
T0156,C041,01-03-2024,S001,North,I051,Laptop,Electronics,4,43999,0,175996
T0074,C046,2024-01-01,S001,South,I013,TV,Electronics,-1,42072,500,-42572
T0883,C164,2024-01-01,S004,East,I072,Phone,electronics,-2,3206,1000,-7412
T0799,C021,2024-01-01,S003,North,I073,Chair,Electronics,-2,36804,1000,-74608
T0129,C184,2024-02-05,S001,South,I062,Laptop,Electronics,2,43862,0,87724
T0686,C106,2024-02-05,S004,West,I070,Table,Electronics,0,9758,500,-500
T0973,C026,2024-01-01,S004,East,I027,Table,Furniture,2,16440,,32880
T0083,C040,2024-01-01,S002,West,I088,Table,Electronics,3,44048,,132144
T0021,C079,2024-02-05,S004,East,I045,TV,Furniture,4,8561,,34244
T0458,C161,2024-02-05,S002,West,I027,Table,electronics,-1,23033,1000,-24033
T0538,C159,2024/01/02,S001,South,I001,TV,electronics,-1,42591,1000,-43591
T0706,C088,2024/01/02,S002,East,I016,Chair,,1,8595,500,8095
T0848,C065,2024/01/02,S004,North,I058,Table,electronics,3,32391,0,97173
T0381,C011,2024-01-01,S003,North,I051,Phone,,4,48212,1000,191848
T0747,C167,01-03-2024,S003,West,I003,Laptop,Furniture,3,13197,0,39591
T0439,C072,2024-02-05,S001,West,I076,Chair,Electronics,2,21632,,43264
T0603,C075,2024/01/02,S001,West,I081,Phone,electronics,2,31210,,62420
T0988,C089,01-03-2024,S003,East,I002,Chair,Electronics,3,48643,0,145929
T0020,C009,2024-02-05,S002,North,I036,Table,,2,40802,500,81104
T0302,C095,01-03-2024,S001,South,I096,Chair,Furniture,1,24817,,24817
T0975,C175,2024-01-01,S004,East,I023,Chair,electronics,4,38643,500,154072
T0868,C019,2024-01-01,S001,West,I071,Chair,Electronics,4,41868,,167472
T0954,C038,2024-01-01,S002,North,I034,TV,,2,17431,1000,33862
T0083,C059,2024/01/02,S001,West,I001,Phone,Electronics,2,43352,,86704
T0773,C065,2024-02-05,S004,South,I032,Table,electronics,4,43983,500,175432
T0658,C064,2024-01-01,S004,South,I075,Laptop,Electronics,3,31731,1000,94193
T0952,C178,2024/01/02,S004,North,I085,Table,Furniture,4,40040,,160160
T0452,C123,2024/01/02,S002,East,I076,Table,electronics,3,21499,1000,63497
T0386,C163,2024/01/02,S002,South,I009,TV,,2,25614,1000,50228
T0506,C151,2024/01/02,S004,South,I080,TV,electronics,2,2596,,5192
T0256,C154,2024-01-01,S004,South,I061,Chair,,3,31085,0,93255
T0569,C129,2024/01/02,S002,South,I042,Table,,-1,20046,0,-20046
T0891,C158,2024-01-01,S002,West,I068,Phone,electronics,0,39261,500,-500
T0933,C056,2024-01-01,S002,West,I058,TV,,-1,21534,500,-22034
T0526,C077,2024/01/02,S003,East,I008,TV,electronics,2,38278,,76556
T0161,C193,2024-01-01,S002,North,I076,Phone,Furniture,-2,33410,1000,-67820
T0956,C028,2024-02-05,S004,North,I059,TV,Furniture,-2,10971,1000,-22942
T0162,C014,2024-02-05,S003,North,I062,Phone,Electronics,1,13490,0,13490
T0831,C011,01-03-2024,S002,South,I051,Laptop,Furniture,-1,11246,0,-11246
T0792,C100,2024-02-05,S004,West,I022,Phone,,3,48677,1000,145031
T0791,C155,2024-01-01,S001,West,I029,Laptop,Electronics,1,24207,1000,23207
T0523,C083,2024-01-01,S003,East,I042,Chair,Electronics,1,45299,500,44799
T0785,C124,2024-02-05,S004,North,I067,Chair,electronics,-2,15579,1000,-32158
T0270,C102,2024/01/02,S001,West,I020,TV,Electronics,-1,11283,1000,-12283
T0491,C023,2024/01/02,S004,East,I042,Phone,electronics,0,19096,,0
T0207,C148,2024-01-01,S002,North,I072,TV,Electronics,4,28324,1000,112296
T0538,C137,2024/01/02,S002,South,I006,Phone,Furniture,3,10409,0,31227
T0583,C109,01-03-2024,S001,West,I015,TV,electronics,-1,16273,0,-16273
T0059,C077,01-03-2024,S002,West,I022,Chair,,1,10972,500,10472
T0429,C100,2024-02-05,S004,North,I057,Chair,Electronics,2,39900,500,79300
T0984,C145,2024-02-05,S001,South,I086,TV,Furniture,1,32046,,32046
T0656,C141,2024/01/02,S004,South,I030,Phone,Furniture,-1,27524,500,-28024
T0604,C161,2024-01-01,S004,West,I068,Table,electronics,-2,22807,1000,-46614
T0308,C127,2024-02-05,S004,North,I005,Phone,electronics,4,4788,1000,18152
T0519,C057,01-03-2024,S002,East,I064,TV,electronics,-1,12954,,-12954
T0590,C075,2024-02-05,S002,West,I058,Phone,,0,37654,0,0
T0026,C149,2024-02-05,S004,South,I027,Laptop,,3,3781,1000,10343
T0685,C197,01-03-2024,S003,East,I017,Phone,,3,21713,1000,64139
T0561,C035,2024-01-01,S004,North,I087,Chair,Electronics,2,19979,,39958
T0198,C172,2024-02-05,S004,South,I076,Chair,,2,41724,0,83448
T0386,C163,2024-02-05,S001,East,I096,Laptop,electronics,1,6178,500,5678
T0348,C021,2024-02-05,S004,West,I009,Phone,Furniture,-1,48730,1000,-49730
T0959,C126,2024/01/02,S002,South,I006,Table,Furniture,3,45561,0,136683
T0939,C079,2024-02-05,S001,North,I036,Phone,electronics,-2,46141,,-92282
T0692,C188,01-03-2024,S003,South,I095,Chair,,0,31456,,0
T0535,C099,2024-01-01,S001,West,I044,Chair,,1,28041,0,28041
T0827,C183,2024-01-01,S003,North,I085,TV,electronics,-1,1516,,-1516
T0377,C095,01-03-2024,S001,West,I015,Chair,Furniture,-2,19592,500,-39684
T0898,C160,2024/01/02,S001,East,I087,TV,Electronics,-1,25525,0,-25525
T0915,C172,01-03-2024,S003,South,I013,Chair,Furniture,-2,33775,500,-68050
T0557,C163,2024-01-01,S002,West,I010,Chair,,4,8607,,34428
T0526,C147,01-03-2024,S002,East,I082,Table,Furniture,-1,13673,500,-14173
T0152,C017,2024/01/02,S002,North,I086,TV,,-1,28798,500,-29298
T0733,C037,2024-01-01,S001,North,I033,TV,Furniture,4,42578,500,169812
T0205,C194,2024/01/02,S004,East,I059,Chair,electronics,3,18418,500,54754
T0454,C150,01-03-2024,S001,East,I012,TV,,1,38819,0,38819
T0272,C108,2024-02-05,S004,North,I038,Chair,Electronics,-1,4444,,-4444
T0893,C122,01-03-2024,S004,West,I043,Chair,Electronics,-1,31092,,-31092
T0235,C143,2024/01/02,S002,East,I027,Phone,electronics,1,40294,1000,39294
T0851,C186,01-03-2024,S004,West,I039,TV,Furniture,1,10093,500,9593
T0739,C196,2024-02-05,S001,North,I015,Laptop,electronics,2,39202,500,77904
T0520,C195,2024/01/02,S001,West,I049,TV,electronics,2,19106,1000,37212
T0677,C148,01-03-2024,S002,West,I027,TV,Electronics,3,9148,1000,26444
T0943,C103,2024/01/02,S003,East,I067,Table,Electronics,1,22049,500,21549
T0955,C197,2024/01/02,S001,West,I091,Laptop,,4,10168,,40672
T0830,C139,2024-01-01,S004,West,I059,Laptop,,0,18009,1000,-1000
T0725,C143,2024-01-01,S001,West,I011,Table,,3,31435,500,93805
T0500,C080,2024/01/02,S001,North,I015,Table,electronics,-2,34284,,-68568
T0116,C086,01-03-2024,S001,North,I052,TV,electronics,1,1894,0,1894
T0385,C141,01-03-2024,S003,South,I053,Phone,,2,27741,1000,54482
T0343,C060,01-03-2024,S004,North,I048,Table,Electronics,-1,2820,1000,-3820
T0583,C198,2024-02-05,S002,North,I035,Laptop,Electronics,1,6926,,6926
T0394,C045,2024/01/02,S001,South,I061,Laptop,Furniture,1,28880,0,28880
T0063,C031,2024/01/02,S004,South,I083,TV,,2,39663,,79326
T0716,C014,2024-02-05,S004,East,I025,Phone,electronics,2,37944,1000,74888
T0720,C043,2024/01/02,S002,East,I055,Chair,Furniture,0,48330,0,0
T0071,C144,2024/01/02,S001,North,I089,Table,Furniture,3,6469,500,18907
T0788,C168,2024-02-05,S003,West,I021,Table,Furniture,2,41412,1000,81824
T0273,C053,2024-01-01,S004,East,I072,TV,,2,44291,,88582
T0989,C043,2024/01/02,S002,East,I068,Phone,,2,42487,,84974
T0319,C097,2024-02-05,S003,North,I080,Laptop,,3,5926,,17778
T0337,C004,01-03-2024,S004,West,I048,Laptop,Electronics,-1,2292,,-2292
T0365,C108,2024-01-01,S001,South,I097,Chair,Furniture,1,20020,,20020
T0494,C026,01-03-2024,S004,South,I001,Laptop,Electronics,1,48118,1000,47118
T0606,C115,2024/01/02,S003,North,I052,Table,,2,23783,0,47566
T0165,C086,2024-01-01,S003,North,I006,Chair,Electronics,4,25792,,103168
T0543,C103,2024-02-05,S001,West,I099,Phone,Electronics,4,35188,,140752
T0010,C122,2024/01/02,S001,North,I076,Chair,electronics,3,24355,500,72565
T0300,C078,2024-02-05,S002,North,I019,Phone,,0,17017,500,-500
T0728,C042,2024-01-01,S001,North,I093,Laptop,Furniture,2,9509,0,19018
T0800,C096,01-03-2024,S002,West,I029,TV,,3,15629,1000,45887
T0101,C030,2024/01/02,S003,North,I074,Chair,Electronics,3,14895,1000,43685
T0424,C098,2024/01/02,S003,East,I094,Chair,,0,11280,0,0
T0391,C016,2024-02-05,S004,West,I066,Table,,3,48238,0,144714
T0778,C082,2024-01-01,S004,East,I058,Table,electronics,1,21835,0,21835
T0213,C109,2024-02-05,S002,West,I065,Phone,electronics,0,18463,,0
T0690,C181,2024-01-01,S001,East,I002,TV,,0,18560,1000,-1000
T0087,C189,2024/01/02,S001,West,I055,Table,electronics,-2,44136,0,-88272
T0552,C031,2024-01-01,S004,South,I078,Table,Electronics,0,10236,500,-500
T0400,C167,2024/01/02,S003,North,I016,Laptop,Electronics,0,11391,,0
T0587,C140,2024-01-01,S002,North,I051,Laptop,Electronics,-1,39109,,-39109
T0888,C034,01-03-2024,S003,West,I006,Table,electronics,1,12649,,12649
T0045,C132,2024-01-01,S003,East,I004,Phone,,2,12121,,24242
T0671,C028,01-03-2024,S001,South,I097,TV,Electronics,-2,4214,0,-8428
T0462,C069,2024-01-01,S002,East,I096,Table,Furniture,0,47215,,0
T0591,C152,2024-01-01,S003,North,I053,Phone,Electronics,-1,2684,500,-3184
T0309,C094,2024-02-05,S004,North,I060,Phone,,-1,9840,500,-10340
T0085,C021,2024-02-05,S004,East,I015,Table,Electronics,3,34356,0,103068
T0091,C193,2024/01/02,S001,West,I066,Phone,Furniture,2,20143,,40286
T0659,C172,2024-02-05,S004,West,I058,Chair,Electronics,2,30843,500,61186
T0672,C068,2024-01-01,S004,East,I046,Phone,Electronics,4,13419,1000,52676
T0713,C088,2024-02-05,S003,North,I047,Table,,1,33095,,33095
T0935,C071,2024-01-01,S004,East,I063,Phone,Electronics,4,20955,0,83820
T0927,C128,01-03-2024,S004,North,I049,Table,Electronics,3,5342,1000,15026
T0241,C171,2024-01-01,S003,East,I084,Laptop,electronics,0,46269,,0
T0864,C086,2024/01/02,S001,West,I040,Table,,-1,24107,1000,-25107
T0001,C095,01-03-2024,S001,South,I071,Phone,,-2,29507,,-59014
T0224,C074,2024/01/02,S002,North,I021,Table,,1,14950,,14950
T0800,C166,2024/01/02,S004,South,I053,TV,,0,21412,500,-500
T0744,C053,2024/01/02,S003,West,I004,Table,Electronics,3,14194,1000,41582
T0972,C087,2024-02-05,S002,East,I016,Table,Furniture,2,49045,1000,97090
T0925,C156,2024/01/02,S001,West,I077,TV,Furniture,3,40183,0,120549
T0928,C053,01-03-2024,S001,South,I040,TV,electronics,0,48614,0,0
T0588,C015,2024-01-01,S003,West,I091,TV,Electronics,3,13088,1000,38264
T0115,C098,2024/01/02,S002,West,I094,Chair,,2,13298,500,26096
T0665,C019,01-03-2024,S002,East,I080,Table,,0,798,500,-500
T0917,C045,2024/01/02,S003,South,I034,TV,Furniture,-2,537,,-1074
T0102,C194,2024-01-01,S003,South,I039,TV,electronics,4,22303,0,89212
T0193,C192,01-03-2024,S002,South,I021,Laptop,Electronics,1,16095,0,16095
T0165,C126,01-03-2024,S001,North,I047,Chair,electronics,3,39048,0,117144
T0870,C057,2024-01-01,S004,West,I052,Table,Electronics,2,9976,,19952
T0089,C180,01-03-2024,S001,South,I092,Phone,electronics,-2,18637,500,-37774
T0685,C110,2024-01-01,S003,West,I009,Chair,electronics,-1,13002,0,-13002
T0121,C128,01-03-2024,S002,East,I017,Chair,,-2,22859,,-45718
T0142,C080,01-03-2024,S002,East,I098,Laptop,Furniture,-2,27590,1000,-56180
T0993,C193,2024-01-01,S004,North,I079,Table,,-2,21620,500,-43740
T0105,C156,2024-01-01,S002,North,I048,Table,Furniture,2,5378,1000,9756
T0886,C083,01-03-2024,S004,East,I070,TV,electronics,-1,33827,0,-33827
T0427,C069,01-03-2024,S001,South,I029,TV,Electronics,1,10131,,10131
T0304,C007,2024-01-01,S001,East,I018,Chair,,-2,24953,500,-50406
T0871,C028,2024-02-05,S002,West,I054,Laptop,Electronics,2,20704,0,41408
T0970,C111,2024-01-01,S002,North,I059,Table,,2,40455,500,80410
T0316,C178,01-03-2024,S003,North,I086,Laptop,,1,26019,,26019
T0962,C160,01-03-2024,S003,East,I071,Phone,,4,21254,,85016
T0634,C130,01-03-2024,S002,South,I080,Table,Electronics,0,9006,0,0
T0901,C187,2024-01-01,S002,South,I020,TV,,-1,14398,500,-14898
T0008,C162,01-03-2024,S001,West,I025,Chair,,-1,42565,,-42565
T0773,C196,2024-02-05,S002,North,I027,Laptop,,3,1447,500,3841
T0072,C107,2024/01/02,S003,East,I038,TV,Electronics,-2,5108,500,-10716
T0358,C108,2024-02-05,S001,East,I032,Chair,,0,24653,1000,-1000
T0222,C019,2024-01-01,S004,North,I039,TV,Electronics,4,27118,0,108472
T0415,C072,01-03-2024,S003,East,I082,Table,Furniture,-1,4968,0,-4968
T0552,C166,2024-01-01,S003,North,I028,Laptop,,4,31005,500,123520
T0369,C003,2024/01/02,S001,South,I019,Phone,electronics,3,4060,1000,11180
T0715,C018,2024-01-01,S004,South,I019,TV,Furniture,-2,10044,500,-20588
T0263,C101,01-03-2024,S003,East,I073,Laptop,Electronics,0,2605,0,0
T0839,C172,2024/01/02,S002,South,I011,Table,electronics,2,23859,0,47718
T0689,C170,2024/01/02,S003,South,I096,TV,Electronics,-2,18221,500,-36942
T0859,C140,01-03-2024,S001,West,I024,Table,Electronics,0,45229,500,-500
T0317,C140,01-03-2024,S001,North,I024,Phone,,1,48711,500,48211
T0083,C187,01-03-2024,S001,North,I003,Phone,electronics,-1,19163,0,-19163
T0317,C184,2024-01-01,S003,East,I003,Chair,Electronics,4,31659,500,126136
T0110,C085,2024-02-05,S004,North,I008,Chair,Furniture,-2,5860,500,-12220
T0250,C051,2024-01-01,S002,West,I014,Chair,,3,41971,,125913
T0382,C110,2024-01-01,S001,East,I025,Table,Furniture,2,13181,0,26362
T0006,C180,2024-02-05,S004,East,I078,Chair,Furniture,3,48653,500,145459
T0458,C108,01-03-2024,S002,North,I089,Laptop,,4,33226,1000,131904
T0083,C085,01-03-2024,S001,South,I091,Table,Electronics,-2,31061,0,-62122
T0207,C042,2024-02-05,S002,South,I070,Table,Furniture,-1,38821,500,-39321
T0899,C199,2024-02-05,S002,South,I031,Chair,Electronics,-1,33944,500,-34444
T0389,C199,2024-01-01,S004,South,I075,Chair,Electronics,0,14188,,0
T0313,C041,2024/01/02,S002,West,I098,Table,,3,7336,,22008
T0021,C089,2024-02-05,S001,East,I051,Phone,Furniture,3,38539,0,115617
T0409,C114,2024-01-01,S004,South,I031,Phone,Furniture,2,22248,,44496
T0894,C025,2024/01/02,S003,West,I008,Chair,,4,37842,,151368
T0514,C150,01-03-2024,S003,East,I077,Phone,Electronics,0,36395,0,0
T0126,C042,01-03-2024,S004,North,I012,Laptop,Electronics,2,45160,1000,89320
T0808,C076,2024-01-01,S003,North,I055,Laptop,,-2,42664,500,-85828
T0699,C155,2024-01-01,S002,West,I043,Laptop,Electronics,-2,33943,500,-68386
T0873,C136,2024-02-05,S001,East,I096,Table,Electronics,3,20532,,61596
T0013,C019,01-03-2024,S002,South,I095,Table,Furniture,4,16812,500,66748
T0970,C183,2024-01-01,S004,East,I082,Table,Electronics,0,14533,,0
T0977,C038,01-03-2024,S001,South,I029,Table,Electronics,4,27908,0,111632
T0011,C178,01-03-2024,S004,West,I015,Table,Electronics,1,36345,0,36345
T0086,C011,2024-02-05,S004,South,I011,Chair,Electronics,-1,39992,0,-39992
T0523,C182,2024/01/02,S004,West,I073,Phone,,4,17486,500,69444
T0908,C010,2024-02-05,S002,East,I065,Chair,,0,25252,,0
T0536,C153,2024-01-01,S001,East,I017,Phone,,4,25002,,100008
T0300,C041,2024-02-05,S001,South,I012,Chair,Electronics,0,32762,500,-500
T0242,C154,2024-02-05,S001,East,I092,Laptop,,-2,14802,0,-29604
T0121,C010,01-03-2024,S002,South,I023,TV,electronics,-1,35689,1000,-36689
T0146,C037,2024-02-05,S003,East,I011,Table,electronics,4,42525,,170100
T0566,C097,2024-01-01,S002,North,I059,TV,electronics,4,44285,,177140
T0749,C170,2024/01/02,S002,South,I059,TV,Furniture,4,26957,500,107328
T0355,C018,2024-02-05,S004,West,I092,Laptop,Electronics,0,45807,1000,-1000
T0684,C191,2024-02-05,S001,North,I085,TV,Furniture,4,18864,0,75456
T0903,C133,2024/01/02,S001,West,I099,TV,,-2,8786,,-17572
T0732,C173,2024-01-01,S003,East,I000,Laptop,Electronics,-2,2516,500,-5532
T0630,C115,2024-01-01,S003,North,I042,Phone,electronics,3,25829,1000,76487
T0308,C112,2024-02-05,S004,East,I054,Chair,Electronics,3,32771,500,97813
T0694,C169,01-03-2024,S001,South,I039,TV,Furniture,0,2242,1000,-1000
T0287,C064,2024-02-05,S003,West,I063,Table,,0,19872,500,-500
T0306,C098,2024/01/02,S003,East,I033,Laptop,,-2,25477,1000,-51954
T0811,C071,2024/01/02,S001,West,I033,TV,Furniture,3,43102,,129306
T0593,C186,2024/01/02,S002,West,I047,Phone,Electronics,4,307,1000,228
T0965,C051,2024-02-05,S003,East,I032,Phone,Furniture,4,10946,0,43784
T0913,C117,2024-02-05,S001,South,I067,Table,,0,41532,,0
T0722,C174,2024-01-01,S003,West,I029,TV,electronics,-1,21611,0,-21611
T0661,C119,01-03-2024,S004,East,I083,Table,,-2,24811,,-49622
T0548,C006,2024-02-05,S003,South,I089,Phone,,-2,48114,1000,-97228
T0351,C010,2024-01-01,S001,East,I078,Phone,Electronics,0,37224,,0
T0311,C102,2024-02-05,S003,South,I070,Chair,electronics,0,25846,500,-500
T0872,C060,2024-01-01,S004,West,I070,Phone,,0,6124,1000,-1000
T0058,C067,2024-01-01,S004,North,I028,Laptop,electronics,4,30492,500,121468
T0642,C152,01-03-2024,S003,East,I022,Chair,Furniture,4,40473,500,161392
T0923,C139,2024-02-05,S003,West,I033,Table,Electronics,-1,34304,500,-34804
T0713,C153,2024-01-01,S004,East,I083,Phone,electronics,-2,44631,500,-89762
T0754,C101,2024/01/02,S004,East,I014,Laptop,electronics,1,22859,0,22859
T0034,C109,2024/01/02,S002,South,I096,Chair,Electronics,-1,26824,1000,-27824
T0444,C139,2024/01/02,S002,East,I052,Laptop,Furniture,-1,45872,500,-46372
T0092,C170,01-03-2024,S004,South,I016,Chair,electronics,4,41566,0,166264
T0949,C050,2024-01-01,S003,West,I063,Chair,Electronics,3,10897,,32691
T0958,C116,01-03-2024,S001,East,I083,Chair,,-2,25121,500,-50742
T0206,C164,2024-02-05,S003,West,I060,Table,Electronics,4,35649,500,142096
T0352,C045,2024-02-05,S003,North,I056,Chair,,1,33311,0,33311
T0902,C052,2024-01-01,S002,West,I076,Chair,electronics,-2,49369,,-98738
T0331,C087,2024/01/02,S002,East,I087,Laptop,electronics,-1,42600,,-42600
T0816,C120,2024-01-01,S002,North,I036,Chair,electronics,0,43830,0,0
T0861,C012,2024-01-01,S004,South,I006,Table,Furniture,-2,33434,500,-67368
T0724,C088,2024-01-01,S004,North,I007,Laptop,Furniture,-2,20086,1000,-41172
T0158,C124,01-03-2024,S003,East,I086,Chair,,0,18420,0,0
T0953,C117,2024-02-05,S003,East,I077,Laptop,Electronics,1,37051,1000,36051
T0956,C053,2024-01-01,S001,West,I067,Table,,1,40794,500,40294
T0023,C184,2024-01-01,S003,South,I020,Laptop,Electronics,-2,42712,500,-85924
T0403,C115,2024-01-01,S003,East,I060,Table,electronics,4,38669,,154676
T0804,C117,01-03-2024,S002,East,I073,Phone,Electronics,0,46664,500,-500
T0515,C003,01-03-2024,S002,South,I085,Chair,Furniture,3,16121,,48363
T0731,C074,01-03-2024,S002,South,I093,Table,Electronics,-2,21299,,-42598
T0363,C048,2024-01-01,S002,West,I093,Chair,Electronics,0,5600,500,-500
T0381,C006,2024/01/02,S002,North,I079,Table,electronics,-1,29766,,-29766
T0531,C109,2024/01/02,S001,South,I074,TV,electronics,3,5502,500,16006
T0955,C121,2024/01/02,S001,East,I085,TV,Furniture,0,23471,,0
T0151,C010,2024-02-05,S001,South,I028,TV,Electronics,4,37649,,150596
T0561,C091,2024-01-01,S002,East,I024,Table,Electronics,-2,35554,500,-71608
T0688,C181,2024/01/02,S004,West,I057,Chair,Electronics,2,15615,1000,30230
T0946,C172,2024/01/02,S002,North,I013,TV,electronics,1,17687,0,17687
T0607,C022,2024/01/02,S002,West,I077,Chair,Furniture,-2,37924,500,-76348
T0616,C027,2024-01-01,S001,South,I065,Table,Electronics,0,43997,,0
T0419,C110,2024/01/02,S002,East,I053,Chair,Electronics,3,7157,0,21471
T0249,C056,2024/01/02,S001,South,I076,Chair,Electronics,3,12199,1000,35597
T0116,C025,2024-01-01,S002,South,I066,TV,Electronics,0,48723,500,-500
T0865,C152,2024-02-05,S003,South,I029,Laptop,Furniture,1,46446,,46446
T0511,C053,01-03-2024,S004,South,I017,Phone,Furniture,-2,22197,,-44394
T0739,C028,2024/01/02,S004,North,I053,Table,Furniture,3,5283,500,15349
T0577,C096,01-03-2024,S001,East,I099,Table,electronics,3,20563,,61689
T0334,C163,2024-02-05,S003,South,I020,Table,Electronics,2,49194,0,98388
T0417,C013,2024-02-05,S004,East,I052,Phone,Electronics,-1,31160,,-31160
T0931,C077,2024/01/02,S001,North,I082,Laptop,Electronics,2,16796,0,33592
T0773,C034,2024-01-01,S002,East,I015,Chair,Electronics,-1,8454,0,-8454
T0294,C029,2024-02-05,S002,East,I027,Table,,3,18012,500,53536
T0937,C091,01-03-2024,S003,North,I003,Chair,Furniture,-1,45448,,-45448
T0754,C016,01-03-2024,S004,South,I054,TV,,-2,29461,0,-58922
T0370,C194,01-03-2024,S002,East,I014,TV,,3,21980,,65940
T0185,C157,01-03-2024,S001,West,I063,TV,electronics,3,42625,0,127875
T0245,C092,2024-02-05,S002,East,I064,Table,electronics,-1,15860,1000,-16860
T0636,C172,2024/01/02,S002,South,I015,Phone,Electronics,0,4868,500,-500
T0267,C078,2024/01/02,S004,West,I019,Table,,-1,24051,500,-24551
T0642,C109,01-03-2024,S004,South,I063,TV,,-1,33266,500,-33766
T0236,C178,2024/01/02,S001,East,I032,TV,Furniture,1,48112,0,48112
T0529,C101,01-03-2024,S003,North,I080,Table,,1,17531,1000,16531
T0551,C105,01-03-2024,S003,South,I068,Phone,electronics,-2,18426,0,-36852
T0020,C046,2024-01-01,S002,South,I068,Phone,,-2,27806,500,-56112
T0910,C180,2024-02-05,S001,North,I057,Chair,electronics,0,33107,0,0
T0736,C063,2024-02-05,S003,East,I038,Laptop,Electronics,1,27034,500,26534
T0866,C165,01-03-2024,S003,South,I076,TV,electronics,2,39332,,78664
T0793,C063,2024-02-05,S002,East,I035,Phone,Electronics,-2,33539,0,-67078
T0519,C086,2024/01/02,S001,East,I093,TV,Furniture,-2,32324,,-64648
T0099,C006,01-03-2024,S003,East,I067,Laptop,Electronics,1,24403,0,24403
T0751,C021,2024-01-01,S004,North,I086,TV,,1,35329,500,34829
T0477,C080,2024/01/02,S004,East,I020,Phone,electronics,0,28069,,0
T0598,C168,2024-01-01,S002,East,I062,Chair,Electronics,1,20632,0,20632
T0297,C073,2024-01-01,S002,West,I084,Table,Electronics,4,33955,500,135320
T0939,C137,2024-02-05,S002,West,I005,Table,Electronics,-1,6876,0,-6876
T0525,C184,2024-02-05,S002,West,I023,Phone,Electronics,3,9434,,28302
T0333,C134,01-03-2024,S003,South,I052,Phone,Electronics,2,37992,0,75984
T0001,C124,2024-02-05,S001,South,I094,Laptop,Electronics,3,28584,0,85752
T0374,C049,2024-01-01,S002,West,I082,TV,electronics,-1,28931,,-28931
T0292,C051,2024-01-01,S002,North,I075,Laptop,,4,45019,500,179576
T0836,C160,2024/01/02,S003,North,I077,Table,,4,49393,0,197572
T0933,C000,2024-01-01,S002,West,I049,TV,Electronics,-1,49648,0,-49648
T0552,C180,01-03-2024,S002,South,I011,Laptop,electronics,3,23765,1000,70295
T0317,C187,01-03-2024,S001,South,I055,Table,Electronics,-1,29305,1000,-30305
T0501,C161,2024-02-05,S004,North,I014,TV,Furniture,-2,7154,500,-14808
T0827,C003,2024-02-05,S002,East,I082,Chair,,4,43568,,174272
T0380,C144,2024-02-05,S003,North,I091,Chair,Electronics,3,1128,500,2884
T0622,C131,01-03-2024,S001,East,I039,Laptop,electronics,-1,10468,500,-10968
T0013,C170,2024-01-01,S003,South,I040,Phone,,-2,21535,500,-43570
T0503,C003,2024-02-05,S001,South,I068,TV,electronics,1,17154,0,17154
T0230,C000,2024/01/02,S001,West,I068,Laptop,Furniture,4,48990,0,195960
T0984,C070,2024-02-05,S002,South,I005,Phone,Electronics,2,37462,500,74424
T0083,C177,01-03-2024,S002,East,I086,Phone,Furniture,2,14711,500,28922
T0129,C188,2024-02-05,S002,North,I066,TV,,-1,13494,1000,-14494
T0742,C034,2024-01-01,S004,West,I032,TV,Electronics,2,34723,,69446
T0837,C007,2024-02-05,S004,East,I042,Phone,,-2,49187,500,-98874
T0144,C151,01-03-2024,S003,North,I020,Table,Electronics,1,30848,1000,29848
T0890,C035,01-03-2024,S002,North,I083,Laptop,electronics,-1,31824,500,-32324
T0856,C177,2024/01/02,S004,North,I064,TV,,0,47853,,0
T0027,C122,01-03-2024,S002,South,I016,Phone,Furniture,3,43138,500,128914
T0065,C042,2024/01/02,S004,North,I092,Table,Furniture,4,26682,,106728
T0162,C026,2024-01-01,S004,South,I007,Chair,electronics,2,13697,0,27394
T0228,C031,01-03-2024,S001,North,I063,Phone,electronics,2,9980,,19960
T0260,C077,2024-02-05,S002,North,I089,Table,Furniture,-1,20915,500,-21415
T0448,C120,2024-01-01,S002,South,I027,Chair,electronics,3,17053,1000,50159
T0423,C145,2024-02-05,S004,South,I097,Table,Electronics,3,22940,0,68820
T0459,C155,2024-02-05,S002,East,I089,TV,Furniture,2,12986,1000,24972
T0951,C156,2024-02-05,S004,North,I012,Phone,,2,12066,500,23632
T0675,C015,2024-01-01,S002,South,I012,Chair,Furniture,0,25540,0,0
T0300,C098,2024-01-01,S001,East,I037,Table,electronics,3,6614,1000,18842
T0918,C046,01-03-2024,S002,East,I024,Chair,Electronics,-2,37768,500,-76036
T0302,C186,2024-02-05,S001,South,I061,Laptop,,4,45469,1000,180876
T0286,C030,2024/01/02,S003,North,I022,Phone,Furniture,-1,49279,,-49279
T0394,C003,01-03-2024,S002,East,I085,TV,Furniture,-1,48169,,-48169
T0009,C164,2024-01-01,S002,North,I020,Chair,,0,5449,500,-500
T0706,C016,2024/01/02,S002,North,I053,Table,Electronics,4,1129,1000,3516
T0629,C038,2024-01-01,S001,East,I062,Chair,electronics,0,6716,500,-500
T0269,C047,2024/01/02,S002,South,I029,Table,electronics,-2,34864,1000,-70728
T0591,C173,01-03-2024,S002,North,I074,Chair,electronics,1,25924,0,25924
T0969,C175,2024/01/02,S004,West,I067,TV,electronics,-1,26812,500,-27312
T0604,C038,01-03-2024,S003,South,I096,TV,,3,48561,500,145183
T0777,C131,2024-01-01,S001,East,I075,Phone,Electronics,4,18571,1000,73284
T0843,C029,2024/01/02,S004,West,I072,TV,Electronics,2,25356,500,50212
T0861,C157,2024-02-05,S001,North,I031,Chair,Furniture,4,33242,0,132968
T0360,C021,2024-02-05,S004,South,I074,Chair,Furniture,-2,44429,1000,-89858
T0256,C065,2024-01-01,S003,West,I023,TV,Electronics,-1,3145,1000,-4145
T0132,C107,2024/01/02,S004,South,I006,Laptop,Furniture,3,14828,1000,43484
T0275,C011,2024-02-05,S001,North,I071,Chair,Electronics,-2,29813,0,-59626
T0775,C035,01-03-2024,S002,South,I096,Phone,,1,13938,0,13938
T0682,C017,2024/01/02,S002,West,I088,Laptop,,3,22759,500,67777
T0971,C089,2024/01/02,S003,South,I000,TV,electronics,-1,38817,1000,-39817
T0512,C180,2024-02-05,S001,East,I002,Table,Electronics,4,33673,0,134692
T0312,C198,01-03-2024,S001,East,I027,Chair,,2,6452,,12904
T0575,C000,01-03-2024,S001,West,I042,Table,Electronics,3,39338,500,117514
T0885,C126,01-03-2024,S003,South,I096,Phone,Furniture,-1,23130,0,-23130
T0979,C185,2024/01/02,S002,West,I045,Laptop,Electronics,-2,33146,0,-66292
T0283,C089,2024-01-01,S004,South,I000,Table,electronics,1,1505,0,1505
T0120,C086,2024/01/02,S003,North,I037,Phone,electronics,3,41847,500,125041
T0106,C089,2024/01/02,S004,East,I090,Table,,-2,7250,0,-14500
T0932,C133,2024-02-05,S002,North,I034,Table,Furniture,-2,29723,0,-59446
T0686,C069,2024-01-01,S003,South,I073,Phone,Furniture,0,17816,,0
T0996,C043,01-03-2024,S002,North,I075,Chair,Electronics,-2,8165,,-16330
T0203,C199,2024-02-05,S004,West,I073,Table,Furniture,4,12664,,50656
T0164,C151,2024/01/02,S001,West,I053,Phone,electronics,3,19631,0,58893
T0304,C085,2024-01-01,S001,South,I097,Table,,1,40860,,40860
T0496,C018,01-03-2024,S004,East,I023,Chair,,2,3549,1000,6098
T0631,C100,01-03-2024,S001,West,I027,Phone,,0,33300,,0
T0555,C145,2024/01/02,S004,East,I021,Table,Furniture,-2,33877,,-67754
T0823,C094,01-03-2024,S003,South,I015,TV,Furniture,3,7379,0,22137
T0155,C100,01-03-2024,S003,East,I012,Chair,electronics,4,44909,1000,178636
T0366,C029,2024-01-01,S003,South,I099,Table,Electronics,4,5291,,21164
T0718,C169,2024-02-05,S001,North,I099,Laptop,Electronics,4,8608,0,34432
T0901,C032,2024-01-01,S002,South,I061,Phone,,-1,48248,1000,-49248
T0619,C011,2024-02-05,S001,North,I042,Table,,0,5407,,0
T0250,C117,2024-02-05,S001,South,I086,Chair,Furniture,1,4316,0,4316
T0956,C093,2024-02-05,S002,West,I077,Chair,,-1,1465,1000,-2465
T0915,C154,01-03-2024,S002,West,I031,Laptop,electronics,1,39664,,39664
T0881,C166,2024-01-01,S002,East,I066,Laptop,electronics,-1,9227,1000,-10227
T0333,C136,01-03-2024,S002,South,I090,Table,,2,20002,1000,39004
T0641,C148,2024/01/02,S001,South,I082,TV,,1,44847,0,44847
T0968,C075,2024-01-01,S004,South,I085,Chair,,-1,35636,500,-36136
T0510,C028,2024-02-05,S003,East,I056,TV,,4,595,1000,1380
T0292,C160,01-03-2024,S004,West,I064,TV,,1,3692,1000,2692
T0019,C189,01-03-2024,S001,South,I068,Table,electronics,0,2332,1000,-1000
T0281,C116,2024-01-01,S002,East,I048,Phone,Electronics,1,40916,1000,39916
T0796,C014,2024-01-01,S003,South,I032,Phone,electronics,3,19419,1000,57257
T0000,C001,2024-02-05,S003,North,I018,Phone,electronics,1,14767,500,14267
T0118,C179,2024-02-05,S004,South,I035,Laptop,,-1,13100,0,-13100
T0034,C116,2024/01/02,S001,North,I069,Chair,Electronics,1,6819,500,6319
T0197,C171,2024-02-05,S001,East,I014,Laptop,,2,4545,0,9090
T0484,C181,01-03-2024,S001,East,I099,Chair,electronics,-2,48041,500,-96582
T0756,C017,2024/01/02,S003,West,I096,Chair,Electronics,0,35235,0,0
T0058,C002,2024/01/02,S004,South,I023,Chair,Furniture,3,10876,,32628
T0836,C134,2024/01/02,S003,East,I026,Table,,4,39423,1000,156692
T0160,C170,2024-01-01,S003,West,I048,Phone,Furniture,-1,17389,0,-17389
T0690,C165,2024-02-05,S002,South,I074,Laptop,Furniture,4,11519,0,46076
T0205,C164,2024/01/02,S004,East,I022,Laptop,Furniture,4,8000,1000,31000
T0011,C185,2024-01-01,S002,North,I032,Table,Furniture,1,26503,,26503
T0489,C160,2024-01-01,S001,East,I040,Chair,Electronics,1,28398,1000,27398
T0275,C107,2024/01/02,S003,North,I055,Phone,,1,27256,0,27256
T0692,C186,2024/01/02,S004,West,I028,TV,Electronics,0,37465,0,0
T0241,C094,01-03-2024,S001,West,I030,TV,,3,24137,1000,71411
T0215,C121,2024/01/02,S004,South,I064,Table,,-2,46333,500,-93166
T0250,C010,01-03-2024,S003,South,I097,Phone,,2,5109,1000,9218
T0810,C067,2024/01/02,S004,South,I017,TV,Electronics,3,7335,0,22005
T0125,C122,2024/01/02,S001,West,I081,TV,electronics,2,26191,0,52382
T0993,C195,2024-02-05,S002,North,I005,Laptop,Furniture,4,40826,0,163304
T0216,C112,2024/01/02,S003,South,I051,Phone,electronics,3,38156,,114468
T0305,C097,2024/01/02,S002,South,I039,TV,electronics,-1,47182,1000,-48182
T0796,C092,01-03-2024,S003,West,I064,Laptop,electronics,-2,45866,,-91732
T0184,C021,01-03-2024,S001,North,I041,Phone,Furniture,-2,39004,1000,-79008
T0038,C193,2024-02-05,S003,East,I093,Chair,electronics,0,11295,,0
T0222,C171,2024/01/02,S002,South,I067,Phone,Furniture,3,39474,500,117922
T0183,C126,2024/01/02,S003,East,I031,Table,Furniture,1,26348,0,26348
T0494,C133,01-03-2024,S001,East,I009,Laptop,Furniture,-2,26326,0,-52652
T0426,C169,2024-01-01,S003,South,I068,Chair,,3,20879,1000,61637
T0177,C024,2024-01-01,S002,West,I008,Laptop,,1,10766,0,10766
T0918,C184,2024-01-01,S001,South,I068,Laptop,electronics,0,20479,,0
T0427,C084,01-03-2024,S002,North,I060,TV,,4,31809,500,126736
T0293,C054,01-03-2024,S003,North,I010,Phone,Furniture,4,49003,,196012
T0851,C143,2024-01-01,S004,South,I098,Laptop,,3,42950,,128850
T0150,C094,2024-01-01,S002,East,I090,Laptop,Furniture,3,41366,1000,123098
T0383,C141,2024/01/02,S003,North,I067,Table,Electronics,-1,30918,0,-30918
T0637,C166,01-03-2024,S004,North,I073,Table,,3,40637,,121911
T0812,C155,01-03-2024,S004,South,I096,Table,electronics,-1,31049,1000,-32049
T0307,C178,2024-01-01,S001,South,I007,Laptop,Electronics,1,47854,,47854
T0335,C118,2024-01-01,S004,West,I048,Chair,Electronics,4,25953,,103812
T0945,C176,2024-02-05,S002,South,I023,Phone,,1,34295,,34295
T0745,C008,01-03-2024,S002,South,I032,Laptop,,4,22097,1000,87388
T0891,C185,2024-02-05,S004,North,I018,TV,electronics,4,35970,500,143380
T0374,C172,2024/01/02,S003,North,I001,Chair,Electronics,-2,34214,,-68428
T0007,C149,2024-02-05,S002,North,I054,Chair,Furniture,0,41688,,0
T0340,C159,2024-01-01,S002,East,I010,Phone,,-1,29971,1000,-30971
T0128,C196,01-03-2024,S001,North,I098,Chair,Electronics,4,2061,0,8244
T0775,C196,01-03-2024,S003,North,I016,Phone,Electronics,-2,37480,500,-75460
T0668,C041,2024-02-05,S004,South,I041,Chair,Furniture,2,42607,1000,84214
T0351,C052,2024-02-05,S003,West,I060,Phone,Electronics,-2,5790,0,-11580
T0357,C186,2024/01/02,S001,North,I002,Table,,1,15268,1000,14268
T0516,C073,2024/01/02,S001,West,I085,Table,Furniture,2,45975,1000,90950
T0494,C038,2024-01-01,S003,North,I034,Chair,,-2,5558,500,-11616
T0085,C121,2024-01-01,S001,North,I084,Chair,electronics,3,27042,500,80626
T0174,C014,2024-01-01,S001,West,I088,Phone,Electronics,0,10133,500,-500
T0801,C198,2024-02-05,S001,South,I065,Phone,,-1,8147,500,-8647
T0192,C156,2024-02-05,S003,North,I000,Laptop,,3,5002,0,15006
T0310,C122,01-03-2024,S001,West,I006,Table,electronics,2,1596,,3192
T0118,C110,2024-01-01,S004,North,I019,Laptop,Electronics,4,27764,1000,110056
T0217,C130,2024-02-05,S004,East,I042,Laptop,,0,42303,500,-500
T0426,C082,01-03-2024,S002,East,I005,TV,Furniture,4,4682,,18728
T0969,C009,2024-01-01,S004,East,I054,Phone,,-2,29582,0,-59164
T0413,C091,2024/01/02,S002,East,I099,TV,,3,34911,500,104233
T0113,C028,2024/01/02,S003,South,I020,TV,,1,36244,1000,35244
T0977,C034,2024-02-05,S001,East,I050,Laptop,,1,41576,,41576
T0144,C005,01-03-2024,S004,West,I045,TV,Electronics,0,31972,500,-500
T0537,C139,2024/01/02,S002,North,I034,Phone,,1,17318,1000,16318
T0647,C110,01-03-2024,S003,West,I099,Laptop,electronics,-1,17107,,-17107
T0302,C037,01-03-2024,S002,East,I007,Phone,,4,20466,1000,80864
T0743,C076,2024/01/02,S001,South,I067,Chair,Furniture,0,29927,0,0
T0880,C092,01-03-2024,S004,East,I015,TV,Furniture,0,47759,500,-500
T0587,C146,2024/01/02,S003,East,I066,Laptop,,1,38308,500,37808
T0986,C066,2024-02-05,S002,South,I070,Table,,0,33364,1000,-1000
T0839,C135,2024-01-01,S003,South,I063,Phone,electronics,-2,31707,,-63414
T0344,C007,2024-01-01,S002,South,I001,TV,electronics,2,27105,500,53710
T0813,C121,2024-02-05,S002,South,I000,Phone,Electronics,3,43323,1000,128969
T0963,C083,2024/01/02,S001,South,I057,Phone,Electronics,2,31575,0,63150
T0800,C174,2024/01/02,S001,South,I000,Chair,Furniture,4,17026,500,67604
T0000,C131,2024/01/02,S002,North,I006,Phone,,3,33783,1000,100349
T0146,C178,2024/01/02,S004,East,I087,Chair,,1,18285,,18285
T0286,C084,2024-02-05,S003,East,I068,Chair,electronics,-1,11374,500,-11874
T0975,C194,2024-01-01,S003,South,I084,Chair,electronics,-1,49333,500,-49833
T0653,C044,01-03-2024,S001,West,I091,TV,Electronics,1,46149,0,46149
T0052,C135,01-03-2024,S004,South,I017,Phone,Electronics,4,34047,1000,135188
T0303,C086,2024-01-01,S002,North,I087,Phone,Furniture,1,43315,,43315
T0068,C015,2024-02-05,S001,West,I031,Chair,electronics,0,34939,0,0
T0360,C076,01-03-2024,S002,North,I044,Phone,,-1,41866,0,-41866
T0601,C194,2024-01-01,S002,West,I032,Phone,electronics,2,27414,0,54828
T0957,C008,2024-02-05,S001,West,I073,Chair,electronics,1,49583,1000,48583
T0219,C059,01-03-2024,S004,South,I072,Table,electronics,4,46741,1000,185964
T0961,C077,2024/01/02,S003,North,I048,Table,Electronics,4,40013,500,159552
T0703,C076,2024/01/02,S001,West,I032,Chair,,2,42594,1000,84188
T0965,C070,2024-02-05,S004,North,I096,TV,,3,30388,0,91164
T0574,C014,2024/01/02,S002,South,I070,Phone,Electronics,2,47444,1000,93888
T0584,C070,2024-02-05,S001,South,I067,Phone,Electronics,4,25992,,103968
T0160,C101,2024-01-01,S003,South,I027,Table,,-1,25782,500,-26282
T0680,C168,2024-01-01,S003,South,I086,Chair,Furniture,3,1689,0,5067
T0088,C021,01-03-2024,S002,East,I052,TV,electronics,2,30909,500,61318
T0687,C151,2024-02-05,S001,West,I095,Chair,,0,18970,1000,-1000
T0780,C112,01-03-2024,S003,East,I043,Table,Electronics,0,8779,500,-500
T0584,C171,01-03-2024,S001,South,I079,Table,,-1,8903,500,-9403
T0756,C000,2024-01-01,S003,West,I054,Phone,electronics,0,48158,1000,-1000
T0588,C009,01-03-2024,S002,West,I009,Laptop,,1,42457,500,41957
T0158,C109,2024/01/02,S002,North,I013,TV,Electronics,3,40082,1000,119246
T0488,C199,01-03-2024,S001,South,I035,TV,Furniture,-1,43253,0,-43253
T0970,C183,2024-02-05,S004,East,I033,Laptop,Electronics,3,27750,500,82750
T0323,C112,2024/01/02,S004,North,I087,Table,Furniture,4,48757,,195028
T0609,C049,2024-01-01,S002,West,I017,Chair,electronics,2,9629,,19258
T0380,C011,2024-02-05,S003,East,I015,TV,Electronics,1,29098,0,29098
T0101,C088,2024/01/02,S004,South,I036,Laptop,,-1,48191,1000,-49191
T0493,C187,2024-02-05,S002,East,I040,Phone,Electronics,2,48308,1000,95616
T0643,C153,2024/01/02,S003,East,I024,Phone,Electronics,2,10492,500,20484
T0613,C111,2024-02-05,S003,East,I007,Table,electronics,2,37365,500,74230
T0018,C077,2024-02-05,S004,North,I087,TV,Furniture,2,4683,,9366
T0453,C168,2024/01/02,S002,West,I083,Chair,Furniture,2,26790,,53580
T0481,C163,2024-01-01,S003,East,I093,TV,,-1,10428,1000,-11428
T0593,C120,2024-01-01,S003,West,I083,Phone,Electronics,0,21738,,0
T0396,C022,2024-02-05,S001,North,I017,TV,electronics,2,16338,1000,31676
T0278,C170,2024-02-05,S001,South,I067,Phone,Furniture,4,39213,0,156852
T0850,C133,2024-01-01,S004,South,I047,Laptop,,4,23055,0,92220
T0364,C196,2024-01-01,S001,East,I099,Laptop,Furniture,1,21782,,21782
T0330,C170,01-03-2024,S002,North,I069,Phone,,-1,47542,500,-48042
T0640,C024,2024-01-01,S004,South,I066,Chair,Furniture,-2,16562,,-33124
T0343,C017,2024-02-05,S004,North,I017,Chair,,0,5752,,0
T0821,C189,2024/01/02,S001,North,I017,TV,Furniture,1,16861,,16861
T0454,C140,2024-01-01,S003,East,I055,Phone,Furniture,4,49416,500,197164
T0600,C042,01-03-2024,S002,East,I022,Table,Electronics,2,30335,,60670
T0724,C077,01-03-2024,S002,North,I034,Chair,,-1,24451,500,-24951
T0654,C027,01-03-2024,S002,North,I005,Chair,,-1,11276,,-11276
T0064,C145,2024/01/02,S004,East,I025,Laptop,Electronics,2,38809,500,77118
T0075,C058,2024-01-01,S002,North,I084,Chair,Electronics,4,34014,500,135556
T0710,C187,2024-01-01,S003,East,I060,Chair,Furniture,1,48826,500,48326
T0142,C062,2024-01-01,S003,West,I087,Chair,Furniture,-1,48429,500,-48929
T0916,C184,2024/01/02,S001,North,I014,Phone,Furniture,3,25739,500,76717
T0914,C091,2024/01/02,S002,East,I090,Phone,Electronics,4,2316,0,9264
T0827,C178,2024-02-05,S004,North,I031,Laptop,Furniture,4,48297,1000,192188
T0604,C055,01-03-2024,S001,East,I011,TV,Electronics,0,27515,1000,-1000
T0472,C154,01-03-2024,S003,North,I004,Chair,Furniture,1,32757,500,32257
T0416,C159,2024-01-01,S002,South,I063,TV,Electronics,4,38317,1000,152268
T0304,C110,2024/01/02,S003,South,I070,Phone,,2,17947,500,35394
T0735,C136,2024/01/02,S001,North,I085,Chair,electronics,4,18000,,72000
T0496,C067,2024-01-01,S003,South,I026,TV,Furniture,1,11342,0,11342
T0290,C045,2024-01-01,S002,North,I078,TV,Furniture,3,31173,,93519
T0939,C066,2024-02-05,S002,North,I044,Table,Electronics,4,37291,,149164
T0101,C153,01-03-2024,S001,West,I034,Phone,,1,47701,500,47201
T0985,C135,01-03-2024,S002,West,I025,Laptop,,4,18010,,72040
T0266,C005,01-03-2024,S003,South,I022,Laptop,Furniture,-2,28286,0,-56572
T0866,C023,2024-02-05,S003,West,I012,Table,Electronics,2,15078,,30156
T0967,C175,2024-01-01,S004,West,I089,TV,Electronics,0,13706,0,0
T0621,C093,2024-01-01,S004,North,I002,Table,electronics,2,32131,0,64262
T0973,C172,01-03-2024,S004,East,I028,Table,,-2,7521,500,-15542
T0841,C012,01-03-2024,S003,North,I065,Phone,electronics,2,2648,0,5296
T0961,C196,2024-02-05,S003,West,I063,Chair,,2,7352,,14704
T0941,C024,2024/01/02,S001,North,I027,TV,Furniture,0,47724,500,-500
T0776,C147,2024/01/02,S004,South,I086,Laptop,Furniture,-2,12949,0,-25898
T0002,C117,01-03-2024,S003,East,I035,Laptop,Electronics,2,4708,0,9416
T0084,C081,2024-02-05,S001,West,I005,Table,Electronics,3,25191,1000,74573
T0793,C110,01-03-2024,S003,West,I010,Table,Electronics,4,46695,500,186280
T0327,C081,2024/01/02,S001,North,I037,Table,,2,6845,1000,12690
T0815,C065,01-03-2024,S004,North,I033,TV,Electronics,-1,35930,0,-35930
T0449,C044,2024/01/02,S004,North,I080,Table,Furniture,2,38149,1000,75298
T0453,C113,2024/01/02,S004,North,I066,Table,electronics,0,37630,,0
T0923,C174,2024/01/02,S003,West,I045,Chair,Furniture,-1,30322,,-30322
T0628,C062,2024-01-01,S003,North,I097,TV,Furniture,3,9740,0,29220
T0220,C075,2024-01-01,S001,West,I085,Phone,Furniture,4,33834,1000,134336
T0153,C113,01-03-2024,S002,North,I028,Phone,electronics,3,22178,1000,65534
T0664,C110,2024/01/02,S002,East,I059,Chair,Furniture,3,32975,500,98425
T0011,C182,2024-01-01,S004,East,I053,Laptop,,-2,23665,,-47330
T0132,C146,01-03-2024,S002,North,I092,Phone,,3,44154,,132462
T0993,C034,01-03-2024,S004,North,I068,TV,electronics,1,41682,500,41182
T0303,C052,01-03-2024,S001,South,I073,Laptop,,0,609,,0
T0292,C025,01-03-2024,S002,East,I073,Table,Electronics,-2,6915,1000,-14830
T0974,C013,01-03-2024,S002,West,I008,TV,,-1,42124,1000,-43124
T0299,C117,2024-02-05,S004,East,I084,Laptop,Furniture,1,48883,,48883
T0739,C044,2024/01/02,S001,West,I076,Phone,,-2,42498,500,-85496
T0782,C171,01-03-2024,S002,North,I009,Table,Electronics,0,36739,0,0
T0042,C192,2024-02-05,S002,East,I074,Table,Electronics,-1,32508,0,-32508
T0943,C050,2024/01/02,S002,East,I067,TV,Electronics,0,48821,0,0
T0342,C170,2024-01-01,S001,South,I057,Table,Furniture,0,22992,0,0
T0325,C118,01-03-2024,S001,South,I094,Laptop,Electronics,-1,13376,1000,-14376
T0813,C150,2024-02-05,S002,East,I051,Chair,Furniture,3,40032,0,120096
T0497,C183,2024-01-01,S004,East,I033,Phone,Electronics,2,3600,1000,6200
T0363,C018,2024-02-05,S004,East,I034,TV,Furniture,0,12646,1000,-1000
T0890,C081,2024/01/02,S002,West,I032,Chair,Furniture,3,40626,0,121878
T0426,C075,2024/01/02,S001,North,I071,Chair,Furniture,4,15142,0,60568
T0020,C182,2024-01-01,S002,South,I031,TV,,-1,38938,0,-38938
T0406,C091,2024-02-05,S001,North,I054,Laptop,Electronics,0,38253,,0
T0618,C187,01-03-2024,S002,South,I096,Phone,Furniture,2,329,,658
T0335,C186,01-03-2024,S001,South,I007,TV,Electronics,4,24825,500,98800
T0814,C032,2024-01-01,S003,South,I045,Chair,,-1,33777,1000,-34777
T0116,C146,2024-01-01,S004,East,I013,Chair,electronics,-2,11820,0,-23640
T0123,C027,2024-01-01,S003,South,I097,TV,Electronics,-2,31979,,-63958
T0398,C122,2024-02-05,S004,North,I007,Chair,Electronics,3,17118,500,50854
T0792,C179,01-03-2024,S001,South,I070,TV,,-2,31218,1000,-63436
T0803,C125,01-03-2024,S003,North,I076,TV,Furniture,1,4817,1000,3817
T0714,C176,01-03-2024,S004,South,I053,Phone,Electronics,0,18674,1000,-1000
T0050,C036,2024-01-01,S002,South,I020,TV,electronics,0,13335,,0
T0782,C153,01-03-2024,S001,East,I095,Chair,,-1,5289,0,-5289
T0323,C098,2024/01/02,S001,North,I074,Table,Furniture,1,21423,0,21423
T0788,C097,2024-01-01,S002,South,I013,Phone,Electronics,0,23565,1000,-1000
T0140,C126,01-03-2024,S002,South,I074,Chair,Electronics,-1,36342,1000,-37342
T0469,C167,2024-02-05,S004,North,I001,Chair,,2,12072,500,23644
T0786,C079,2024-01-01,S001,South,I097,Phone,Furniture,0,40062,500,-500
T0801,C037,2024/01/02,S004,West,I060,Phone,Furniture,3,1965,1000,4895
T0333,C076,2024/01/02,S002,East,I016,Chair,,0,33166,500,-500
T0892,C125,2024-02-05,S001,North,I077,Table,Electronics,2,36593,,73186
T0963,C086,2024-02-05,S002,East,I088,Laptop,Electronics,2,28067,1000,55134
T0372,C053,2024-01-01,S004,West,I047,Chair,Furniture,0,4640,500,-500
T0563,C149,2024-01-01,S004,West,I090,Phone,Furniture,2,27873,1000,54746
T0493,C015,2024/01/02,S004,West,I007,TV,electronics,-1,43165,0,-43165
T0538,C027,2024-02-05,S001,North,I055,TV,electronics,0,12564,,0
T0668,C162,2024-01-01,S002,West,I016,Phone,electronics,0,37682,1000,-1000
T0750,C187,2024/01/02,S002,North,I068,Phone,Furniture,-2,13696,0,-27392
T0155,C172,2024-02-05,S004,North,I011,Laptop,Furniture,3,31485,1000,93455
T0290,C045,2024/01/02,S004,South,I037,Phone,Furniture,0,15486,0,0
T0647,C071,01-03-2024,S004,North,I017,TV,Electronics,4,20006,500,79524
T0143,C182,2024-02-05,S004,West,I025,Table,,-2,20902,0,-41804
T0105,C084,2024-01-01,S003,North,I094,Phone,Furniture,2,6918,,13836
T0419,C025,2024-01-01,S003,North,I036,Laptop,Electronics,3,41030,,123090
T0669,C084,01-03-2024,S003,East,I069,Table,Furniture,3,38357,500,114571
T0657,C152,2024-02-05,S004,West,I040,Laptop,,2,38953,1000,76906
T0001,C064,2024/01/02,S004,North,I078,Table,Furniture,-1,9137,,-9137
T0944,C133,2024-01-01,S002,South,I041,Phone,Electronics,-2,4285,500,-9070
T0588,C150,01-03-2024,S001,North,I089,TV,Furniture,0,37094,,0
T0643,C114,01-03-2024,S002,North,I075,Table,Furniture,-2,24580,500,-49660
T0089,C063,2024-02-05,S003,East,I040,Chair,Furniture,2,7792,,15584
T0344,C086,2024-02-05,S002,West,I046,Laptop,electronics,2,20099,500,39698
T0349,C170,2024-01-01,S004,West,I013,Table,Furniture,4,6905,,27620
T0458,C106,01-03-2024,S003,South,I000,Laptop,Electronics,-1,3257,1000,-4257
T0262,C150,2024/01/02,S003,South,I016,TV,Electronics,3,34973,0,104919
T0350,C095,01-03-2024,S001,South,I096,Laptop,Electronics,3,38044,,114132
T0107,C157,2024/01/02,S001,North,I054,Laptop,Furniture,2,33861,500,67222
T0585,C076,2024/01/02,S003,North,I092,Chair,,-2,13805,1000,-28610
T0038,C145,2024-01-01,S003,South,I052,Laptop,Electronics,3,19580,,58740
T0908,C086,01-03-2024,S002,West,I030,Table,electronics,4,33057,500,131728
T0158,C148,2024/01/02,S003,West,I061,Laptop,,4,31778,0,127112
T0582,C056,2024-02-05,S004,South,I007,Phone,Electronics,0,26799,500,-500
T0958,C102,2024/01/02,S002,East,I029,Laptop,Furniture,0,27094,,0
T0311,C150,2024-02-05,S004,West,I076,Phone,electronics,-2,29670,500,-59840
T0240,C090,2024-02-05,S004,West,I079,Laptop,Electronics,-1,19382,500,-19882
T0937,C044,01-03-2024,S004,South,I065,Laptop,electronics,0,12893,0,0
T0444,C171,2024-02-05,S003,West,I044,Table,,-2,26642,,-53284
T0297,C087,2024/01/02,S001,North,I017,Phone,Electronics,-2,45338,,-90676
T0951,C114,2024-02-05,S001,North,I098,Phone,Furniture,2,20733,0,41466
T0035,C046,01-03-2024,S004,West,I044,Chair,electronics,3,39914,1000,118742
T0083,C167,2024-01-01,S003,North,I018,Laptop,Electronics,2,15737,500,30974
T0451,C178,2024/01/02,S002,East,I076,Laptop,,3,19895,500,59185
T0885,C169,2024/01/02,S004,West,I067,Table,,-1,28622,500,-29122
T0774,C134,01-03-2024,S002,South,I082,Chair,Electronics,-1,9338,,-9338
T0821,C049,01-03-2024,S002,North,I049,Chair,,-1,27249,,-27249
T0384,C175,01-03-2024,S003,East,I024,Table,electronics,-2,49857,500,-100214
T0171,C083,01-03-2024,S003,East,I037,Phone,electronics,-2,43986,,-87972
T0375,C090,2024/01/02,S001,North,I094,TV,electronics,2,48279,0,96558
T0684,C133,2024-01-01,S001,East,I035,Table,electronics,0,26634,0,0
T0361,C090,2024-02-05,S003,West,I067,Phone,,4,9356,,37424
T0558,C136,2024-02-05,S004,East,I055,Chair,Electronics,3,617,500,1351
T0890,C108,2024-01-01,S001,North,I038,Table,,3,12525,500,37075
T0140,C056,2024-01-01,S002,East,I062,TV,,-1,21702,500,-22202
T0886,C030,2024-01-01,S004,North,I006,Laptop,Electronics,3,14776,500,43828
T0917,C020,01-03-2024,S002,North,I057,Table,Electronics,1,21919,,21919
T0117,C089,2024/01/02,S003,East,I079,TV,Furniture,-1,10881,1000,-11881
T0276,C039,2024/01/02,S002,North,I058,TV,electronics,4,18756,1000,74024
T0725,C111,2024/01/02,S004,North,I047,Table,Electronics,3,49065,500,146695
T0219,C044,01-03-2024,S003,South,I004,Phone,,2,35176,500,69852
T0904,C076,2024/01/02,S004,West,I086,Table,electronics,3,25778,500,76834
T0025,C176,01-03-2024,S002,North,I035,Chair,electronics,-2,4892,1000,-10784
T0520,C086,2024/01/02,S004,West,I095,TV,,2,12055,0,24110
T0782,C147,2024-01-01,S003,South,I087,TV,Electronics,2,45628,1000,90256
T0009,C100,2024-02-05,S002,South,I024,Laptop,electronics,2,8368,,16736
T0983,C116,2024-02-05,S002,South,I044,TV,electronics,1,18793,1000,17793
T0377,C091,01-03-2024,S001,South,I091,Laptop,electronics,1,40776,,40776
T0632,C144,2024/01/02,S001,West,I018,TV,electronics,3,25701,500,76603
T0636,C027,2024-02-05,S004,East,I006,TV,electronics,-1,26740,,-26740
T0681,C168,2024-01-01,S001,East,I057,Table,,3,4539,500,13117
T0583,C193,2024-01-01,S001,West,I080,Table,Electronics,3,48239,0,144717
T0151,C024,2024-01-01,S001,North,I065,Chair,Electronics,3,13327,500,39481
T0719,C057,01-03-2024,S001,West,I079,Phone,electronics,4,43801,500,174704
T0048,C040,01-03-2024,S003,North,I038,Chair,electronics,-2,29617,0,-59234
T0153,C133,2024/01/02,S003,North,I017,TV,electronics,2,29802,500,59104
T0858,C074,2024-01-01,S001,East,I000,Chair,,0,6489,500,-500
T0292,C037,2024/01/02,S004,South,I062,Table,,4,28675,500,114200
T0579,C133,2024/01/02,S003,East,I002,TV,Furniture,-1,44288,1000,-45288
T0049,C172,2024-01-01,S001,East,I020,TV,electronics,-1,45329,,-45329
T0663,C074,2024/01/02,S003,West,I029,Chair,Furniture,2,20042,500,39584
T0530,C141,2024-02-05,S002,West,I010,Laptop,Furniture,-1,24492,1000,-25492
T0611,C065,01-03-2024,S003,North,I021,Phone,Furniture,2,17329,500,34158
T0059,C167,2024/01/02,S003,West,I056,Chair,Electronics,-1,25368,,-25368
T0166,C002,2024-01-01,S004,North,I088,Chair,Furniture,3,12340,500,36520
T0201,C116,01-03-2024,S003,North,I002,Phone,electronics,-2,31100,,-62200
T0856,C098,01-03-2024,S004,South,I029,TV,,4,1432,1000,4728
T0145,C151,2024/01/02,S002,South,I087,TV,electronics,4,11329,1000,44316
T0914,C018,2024-02-05,S001,East,I044,Laptop,,-1,45392,500,-45892
T0675,C145,2024/01/02,S004,South,I035,Chair,Electronics,4,6400,0,25600
T0969,C191,2024-02-05,S003,North,I086,Phone,Electronics,-1,17758,,-17758
T0992,C115,01-03-2024,S003,West,I071,Chair,electronics,0,40034,500,-500
T0438,C124,2024/01/02,S004,South,I063,Table,Electronics,4,25920,1000,102680
T0241,C087,2024-01-01,S002,South,I053,Chair,,-2,437,500,-1374
T0580,C034,2024/01/02,S001,South,I067,Chair,Electronics,4,36162,,144648
T0686,C189,2024-02-05,S003,South,I049,Table,Furniture,3,30006,500,89518
T0560,C000,2024-02-05,S002,North,I030,Table,Furniture,-2,49588,,-99176
T0482,C152,2024/01/02,S001,North,I028,Phone,Electronics,4,13545,1000,53180
T0107,C172,2024-02-05,S001,East,I058,TV,electronics,-2,1967,0,-3934
T0225,C176,01-03-2024,S003,West,I035,Laptop,Furniture,4,28681,0,114724
T0672,C125,2024/01/02,S004,East,I076,Table,,-1,23398,1000,-24398
T0630,C088,2024-02-05,S003,East,I072,TV,electronics,1,594,1000,-406
T0660,C143,2024/01/02,S003,South,I084,Phone,Electronics,-1,4742,500,-5242
T0976,C146,2024/01/02,S003,West,I066,Chair,electronics,2,36754,1000,72508
T0661,C150,2024-01-01,S002,South,I088,Phone,electronics,4,8452,1000,32808
T0431,C024,2024/01/02,S004,North,I088,Phone,electronics,0,2136,,0
T0804,C015,2024-01-01,S002,East,I075,Table,electronics,-2,14822,500,-30144
T0654,C181,2024-02-05,S003,West,I092,Laptop,Electronics,2,48424,,96848
T0418,C072,2024-01-01,S004,North,I010,Table,Electronics,3,16286,500,48358
T0987,C128,2024-01-01,S001,East,I010,Chair,Furniture,2,42567,500,84634
T0454,C041,2024-01-01,S004,West,I025,Table,Furniture,1,21567,0,21567
T0159,C146,01-03-2024,S003,East,I052,Chair,,4,26051,0,104204
T0522,C161,2024-01-01,S004,West,I013,Table,,-2,2381,1000,-5762
T0649,C079,2024/01/02,S001,East,I063,Laptop,Furniture,-1,30795,500,-31295
T0968,C103,2024-01-01,S001,South,I079,TV,Furniture,-2,42928,1000,-86856
T0589,C182,2024/01/02,S004,East,I009,Laptop,electronics,0,1701,,0
T0076,C145,2024-01-01,S001,East,I030,Table,Furniture,-2,44887,1000,-90774
T0508,C033,01-03-2024,S002,West,I094,Phone,,2,44540,,89080
T0440,C088,2024-02-05,S004,West,I035,TV,Furniture,2,1399,0,2798
T0253,C124,2024-01-01,S001,South,I009,Phone,electronics,-1,14894,0,-14894
T0920,C044,2024-01-01,S001,West,I025,Laptop,,-1,30248,,-30248
T0769,C133,01-03-2024,S004,East,I019,TV,Electronics,-1,47616,,-47616
T0319,C020,2024-01-01,S002,West,I043,Table,Furniture,3,29813,,89439
T0802,C121,2024/01/02,S004,West,I061,Phone,Electronics,4,16126,1000,63504
T0262,C069,2024-01-01,S001,West,I072,Table,,0,31197,,0
T0596,C095,2024-01-01,S004,South,I078,Chair,Furniture,3,18530,500,55090
T0657,C104,2024-02-05,S001,South,I008,TV,Electronics,3,47885,,143655
T0834,C047,2024-02-05,S003,North,I070,Phone,Furniture,3,35749,0,107247
T0553,C038,2024-01-01,S004,South,I089,Laptop,Electronics,-2,21958,,-43916
T0373,C030,01-03-2024,S004,South,I023,Laptop,Electronics,1,18682,0,18682
T0636,C009,2024-02-05,S001,South,I011,Laptop,,4,3432,0,13728
T0166,C029,2024-01-01,S001,East,I059,Laptop,Furniture,-2,33971,1000,-68942
T0936,C017,2024-02-05,S001,North,I083,Phone,Electronics,-1,3277,,-3277
T0752,C187,2024-01-01,S001,East,I077,Chair,Furniture,0,28270,0,0
T0458,C087,2024-02-05,S004,South,I085,Laptop,Furniture,3,44534,500,133102
T0998,C124,2024-02-05,S001,South,I015,Laptop,electronics,-2,30703,,-61406
T0279,C072,2024/01/02,S004,North,I028,Laptop,,4,35045,,140180
T0699,C014,2024-01-01,S002,North,I031,Chair,Furniture,2,20985,0,41970
T0301,C003,2024-01-01,S004,West,I082,TV,Furniture,4,38909,1000,154636
T0530,C190,2024-01-01,S001,South,I034,Laptop,Furniture,3,29828,1000,88484
T0579,C167,2024-01-01,S001,South,I042,Laptop,,4,8827,,35308
T0217,C008,2024-02-05,S002,East,I095,Laptop,,-2,14632,,-29264
T0101,C108,2024/01/02,S004,West,I052,TV,Furniture,2,39928,1000,78856
T0553,C136,2024/01/02,S002,South,I019,Laptop,,-2,25745,1000,-52490
T0287,C153,01-03-2024,S004,East,I083,TV,electronics,-2,45429,500,-91358
T0166,C131,2024-01-01,S001,North,I007,TV,,3,24808,,74424
T0620,C015,01-03-2024,S004,East,I098,Table,electronics,-2,16747,,-33494
T0035,C142,2024-02-05,S001,South,I041,Table,electronics,-1,16056,,-16056
T0743,C098,01-03-2024,S001,East,I076,Laptop,electronics,4,39836,1000,158344
T0740,C120,2024-01-01,S003,East,I069,Phone,Electronics,2,18536,0,37072
T0352,C051,2024/01/02,S003,West,I015,Table,,0,37814,500,-500
T0675,C068,2024/01/02,S004,West,I068,Table,Furniture,1,15168,1000,14168
T0898,C004,2024-01-01,S001,North,I052,Phone,electronics,4,22309,1000,88236
T0072,C019,2024-02-05,S002,West,I044,Chair,Furniture,3,13832,500,40996
T0647,C078,2024-01-01,S001,East,I050,Laptop,electronics,2,22528,,45056
T0352,C145,2024-02-05,S002,West,I097,Chair,Furniture,-1,4189,0,-4189
T0890,C110,2024/01/02,S004,South,I005,Chair,Electronics,2,30888,500,61276
T0069,C001,2024-02-05,S004,East,I032,TV,electronics,0,27523,0,0
T0424,C092,2024-01-01,S002,East,I078,TV,Electronics,3,33225,,99675
T0998,C012,2024-01-01,S002,East,I014,Laptop,Electronics,2,14099,0,28198
T0707,C003,2024-01-01,S001,South,I013,Phone,,4,38373,,153492
T0780,C169,2024-02-05,S004,East,I038,TV,Furniture,-1,9042,1000,-10042
T0560,C108,2024-02-05,S001,West,I062,Table,electronics,3,15940,,47820
T0827,C073,2024-02-05,S002,South,I004,Laptop,Electronics,-1,3350,500,-3850
T0641,C188,2024/01/02,S003,East,I089,Chair,Furniture,3,2358,500,6574
T0955,C094,01-03-2024,S003,West,I080,Laptop,,1,41970,,41970
T0516,C104,01-03-2024,S003,West,I051,TV,Furniture,0,33451,,0
T0427,C007,2024-01-01,S002,North,I015,Phone,Furniture,1,19922,1000,18922
T0538,C066,2024/01/02,S001,West,I098,Chair,,4,14601,1000,57404
T0159,C190,2024-02-05,S004,West,I037,Phone,,4,10868,,43472
T0148,C109,2024-01-01,S002,North,I052,Laptop,,4,25828,0,103312
T0775,C008,2024/01/02,S003,North,I086,Phone,Electronics,-2,48099,1000,-97198
T0229,C116,2024-01-01,S001,South,I076,Phone,Furniture,4,18267,500,72568
T0711,C010,2024/01/02,S004,West,I096,Laptop,,-1,21016,1000,-22016
T0561,C098,2024/01/02,S004,South,I092,Chair,Furniture,1,48605,1000,47605
T0066,C041,01-03-2024,S002,South,I052,Phone,Furniture,-1,5217,1000,-6217
T0811,C140,2024-01-01,S002,East,I045,Phone,Electronics,3,40806,1000,121418
T0380,C163,2024-02-05,S004,South,I097,Laptop,Furniture,-1,10433,,-10433
T0057,C119,01-03-2024,S004,South,I097,Table,Electronics,-2,32402,1000,-65804
T0258,C140,01-03-2024,S003,South,I090,Phone,,-1,15022,0,-15022
T0341,C011,2024-02-05,S004,South,I014,TV,,3,39614,1000,117842
T0837,C036,2024/01/02,S002,North,I058,Chair,Furniture,3,18617,1000,54851
T0129,C073,2024-02-05,S001,West,I049,Phone,Electronics,1,25417,500,24917
T0726,C072,2024-01-01,S003,East,I008,Laptop,Electronics,4,6220,1000,23880
T0171,C051,2024-02-05,S003,North,I025,TV,electronics,0,2577,500,-500
T0769,C198,2024/01/02,S004,East,I002,Laptop,electronics,2,21442,500,42384
T0613,C129,2024-02-05,S001,East,I099,Phone,,1,6237,,6237
T0208,C055,2024/01/02,S003,North,I046,TV,,-2,35744,500,-71988
T0802,C059,2024/01/02,S002,South,I004,Chair,electronics,2,32910,500,65320
T0353,C022,2024-01-01,S004,North,I061,Chair,Electronics,-1,38697,0,-38697
T0470,C102,2024-02-05,S002,East,I083,Chair,Furniture,1,8695,0,8695
T0797,C039,2024-02-05,S004,East,I083,Table,Furniture,2,26002,500,51504
T0115,C063,2024-01-01,S003,South,I004,Laptop,Electronics,4,46361,,185444
T0263,C084,2024/01/02,S004,North,I009,Phone,,4,43276,0,173104
T0661,C150,2024-02-05,S001,West,I079,TV,Furniture,1,22830,0,22830
T0811,C156,2024-01-01,S002,East,I062,Laptop,Electronics,4,39717,,158868
T0441,C178,2024/01/02,S001,North,I024,Phone,Furniture,-1,6786,1000,-7786
T0547,C196,2024-01-01,S002,South,I043,Table,Electronics,3,43209,0,129627
T0452,C088,2024-02-05,S002,South,I024,Phone,electronics,1,29213,500,28713
T0844,C030,2024-01-01,S004,West,I029,Laptop,electronics,-2,32026,500,-64552
T0476,C177,01-03-2024,S003,East,I013,Phone,Furniture,2,15761,500,31022
T0286,C019,2024/01/02,S003,West,I085,TV,Furniture,2,34754,,69508
T0302,C182,01-03-2024,S001,West,I042,Table,Furniture,2,1403,500,2306
T0310,C129,01-03-2024,S004,West,I027,TV,Furniture,1,17596,1000,16596
T0207,C152,2024/01/02,S003,West,I093,Table,electronics,-1,22524,,-22524
T0617,C012,2024/01/02,S002,South,I018,Table,electronics,1,7552,0,7552
T0445,C121,2024-01-01,S002,East,I041,Phone,Electronics,1,26574,,26574
T0669,C102,2024/01/02,S004,West,I019,TV,Furniture,4,38986,500,155444
T0632,C105,01-03-2024,S001,East,I098,Table,electronics,3,31973,,95919
T0054,C118,01-03-2024,S004,South,I085,Table,,2,41307,,82614
T0911,C069,2024-02-05,S001,South,I078,Phone,Electronics,-1,44320,,-44320
T0011,C194,2024/01/02,S004,North,I010,Laptop,Electronics,0,14526,,0
T0656,C185,01-03-2024,S002,North,I053,Laptop,Electronics,-1,33435,1000,-34435
T0399,C098,2024-02-05,S004,East,I097,Chair,,4,30641,,122564
T0907,C081,2024-02-05,S003,North,I023,Chair,,1,9480,500,8980
T0647,C074,2024-01-01,S003,West,I069,Table,,-2,34221,0,-68442
T0979,C117,01-03-2024,S004,East,I016,Laptop,electronics,-1,11904,1000,-12904
T0514,C083,2024-01-01,S001,South,I027,Table,,2,47283,,94566
T0655,C191,01-03-2024,S001,South,I049,TV,Electronics,-2,25656,0,-51312
T0541,C068,2024-01-01,S002,West,I094,Laptop,Furniture,0,5065,1000,-1000
T0236,C058,2024-01-01,S002,North,I099,Laptop,Electronics,0,268,500,-500
T0278,C187,2024/01/02,S001,East,I054,Laptop,Electronics,-2,44224,500,-88948
T0347,C125,2024-01-01,S004,East,I072,Chair,electronics,4,2771,0,11084
T0626,C110,2024/01/02,S002,West,I009,Phone,Electronics,0,16862,,0
T0103,C061,2024-02-05,S001,North,I020,Phone,electronics,-2,30004,0,-60008
T0629,C143,01-03-2024,S001,East,I057,Chair,electronics,1,2032,1000,1032
T0516,C127,2024-02-05,S004,West,I033,Chair,Furniture,-2,14313,0,-28626
T0979,C104,01-03-2024,S003,East,I094,Chair,Electronics,1,33061,0,33061
T0871,C067,2024-02-05,S001,South,I092,Phone,Furniture,4,24939,,99756
T0247,C014,01-03-2024,S002,East,I042,Table,Furniture,2,30042,500,59584
T0363,C182,2024-01-01,S004,East,I010,Chair,Electronics,2,30425,,60850
T0320,C034,01-03-2024,S004,East,I032,Table,Electronics,0,26147,500,-500
T0632,C182,01-03-2024,S004,North,I057,Table,,3,10307,,30921
T0285,C013,2024-02-05,S003,North,I045,TV,,3,30535,500,91105
T0148,C176,2024-02-05,S003,West,I060,Phone,electronics,-2,4716,,-9432
T0083,C101,2024-02-05,S002,North,I061,Table,Electronics,4,37882,500,151028
T0965,C099,2024/01/02,S002,East,I000,Phone,electronics,1,7978,500,7478
T0405,C006,2024/01/02,S004,East,I020,Phone,Furniture,2,14914,500,29328
T0977,C029,01-03-2024,S002,North,I061,TV,Furniture,4,17784,500,70636
T0455,C048,01-03-2024,S001,North,I063,Phone,,2,36068,,72136
T0742,C143,2024-01-01,S003,East,I086,Table,electronics,2,3473,1000,5946
T0799,C110,2024-01-01,S004,East,I072,Laptop,Electronics,0,25249,500,-500
T0160,C178,01-03-2024,S004,South,I055,Table,Electronics,2,42597,500,84694
T0783,C071,2024/01/02,S001,West,I000,Table,,3,34251,500,102253
T0459,C079,01-03-2024,S001,North,I020,Phone,,-1,15278,500,-15778
T0549,C082,2024-01-01,S001,West,I021,Table,electronics,0,26056,500,-500
T0499,C041,2024/01/02,S001,East,I053,Laptop,,-2,40792,0,-81584
T0737,C016,2024/01/02,S004,West,I003,Phone,,-1,44219,0,-44219
T0508,C190,2024-01-01,S003,North,I064,Chair,,0,26199,500,-500
T0653,C172,01-03-2024,S003,North,I050,Table,Furniture,4,5091,500,19864
T0803,C006,2024-02-05,S001,West,I073,Table,electronics,0,5302,500,-500
T0480,C154,01-03-2024,S002,North,I062,TV,Electronics,1,20416,1000,19416
T0662,C009,01-03-2024,S004,South,I014,Chair,Electronics,-1,29795,,-29795
T0113,C033,2024-01-01,S003,East,I035,Chair,electronics,-1,3722,500,-4222
T0748,C035,2024/01/02,S001,East,I028,Laptop,,3,41955,1000,124865
T0577,C152,2024-01-01,S002,North,I051,Chair,,-1,49716,1000,-50716
T0360,C005,01-03-2024,S002,East,I045,TV,Electronics,2,1710,500,2920
T0340,C151,2024-02-05,S001,South,I068,Laptop,Furniture,3,41672,,125016
T0769,C145,2024-02-05,S004,North,I028,Chair,electronics,4,17088,0,68352
T0986,C133,2024-02-05,S003,South,I046,Laptop,,2,30426,500,60352
T0760,C028,2024-01-01,S002,South,I090,Chair,Furniture,3,720,500,1660
T0968,C125,2024/01/02,S003,East,I024,Chair,Furniture,-2,15435,0,-30870
T0448,C152,2024-01-01,S003,East,I079,Chair,,4,2702,,10808
T0842,C182,2024-02-05,S002,West,I015,Table,electronics,3,26859,0,80577
T0834,C080,01-03-2024,S001,South,I099,Chair,electronics,-2,20284,500,-41068
T0179,C173,2024/01/02,S002,East,I088,Table,Electronics,3,39966,500,119398
T0701,C151,2024-01-01,S002,South,I040,Phone,Electronics,-2,23022,1000,-47044
T0406,C074,2024-01-01,S004,West,I064,TV,electronics,2,33023,0,66046
T0665,C025,2024/01/02,S003,South,I068,Laptop,,4,41028,1000,163112
T0195,C126,2024/01/02,S001,North,I019,Laptop,electronics,4,15498,1000,60992
T0465,C114,01-03-2024,S003,West,I068,Phone,Electronics,3,28029,1000,83087
T0310,C125,2024/01/02,S002,West,I035,Chair,Electronics,1,39549,1000,38549
T0261,C027,01-03-2024,S001,South,I092,TV,Electronics,3,16003,0,48009
T0418,C130,2024-02-05,S001,South,I097,Phone,electronics,-2,11409,0,-22818
T0405,C074,2024-02-05,S001,East,I057,Phone,electronics,4,35583,0,142332
T0938,C165,2024-01-01,S001,North,I047,Laptop,,0,37207,500,-500
T0142,C188,2024-02-05,S004,West,I081,Table,Electronics,2,8170,,16340
T0341,C077,2024-02-05,S001,West,I001,Table,Furniture,1,33317,1000,32317
T0315,C178,01-03-2024,S002,West,I079,Chair,Furniture,0,29525,500,-500
T0100,C089,2024-01-01,S004,East,I028,Chair,,0,15206,0,0
T0243,C175,2024/01/02,S002,North,I096,Phone,,2,33937,0,67874
T0489,C020,2024-01-01,S002,West,I015,Chair,Electronics,3,4117,500,11851
T0011,C053,2024-02-05,S003,West,I034,Table,electronics,-1,29520,1000,-30520
T0238,C183,2024/01/02,S001,East,I061,TV,electronics,1,28267,0,28267
T0560,C102,2024-01-01,S001,South,I080,Laptop,Furniture,3,35687,1000,106061
T0041,C058,2024-01-01,S002,West,I003,Table,Electronics,2,13682,1000,26364
T0677,C071,2024-01-01,S001,North,I067,Chair,Furniture,-1,13967,,-13967
T0593,C178,2024-01-01,S004,North,I050,Laptop,Furniture,2,18769,0,37538
T0428,C019,01-03-2024,S003,North,I088,Laptop,Electronics,2,10327,500,20154
T0802,C111,2024-01-01,S001,North,I032,Phone,,0,42250,,0
T0157,C058,2024-02-05,S001,East,I077,Chair,Furniture,4,16047,1000,63188
T0215,C070,2024-02-05,S004,West,I023,Phone,,3,12032,500,35596
T0669,C136,01-03-2024,S003,East,I074,Laptop,electronics,2,11085,,22170
T0461,C108,2024/01/02,S004,North,I024,Phone,Furniture,3,6475,,19425
T0133,C128,2024/01/02,S002,North,I027,Chair,Electronics,-1,15905,,-15905
T0066,C156,2024-02-05,S002,North,I006,Table,,0,17207,1000,-1000
T0847,C190,2024-02-05,S001,East,I035,TV,electronics,-1,42501,1000,-43501
T0006,C199,01-03-2024,S003,North,I009,Table,electronics,-1,38141,0,-38141
T0947,C055,2024/01/02,S002,West,I035,Laptop,Furniture,0,7635,,0
T0525,C195,2024/01/02,S004,North,I094,Table,electronics,3,37688,500,112564
T0072,C034,2024-01-01,S002,West,I082,Phone,Electronics,-1,16570,1000,-17570
T0398,C122,2024-01-01,S002,West,I017,Chair,Furniture,-2,24181,,-48362
T0404,C130,2024-01-01,S004,North,I005,Table,electronics,3,6946,500,20338
T0674,C103,01-03-2024,S001,East,I091,Table,Electronics,4,48023,1000,191092
T0577,C006,2024-02-05,S003,South,I006,Chair,,4,4249,500,16496
T0858,C026,01-03-2024,S001,South,I011,Phone,,2,38029,500,75558
T0129,C000,2024/01/02,S004,West,I040,TV,Furniture,0,36288,0,0
T0930,C198,2024-02-05,S002,East,I062,Table,Electronics,4,30025,1000,119100
T0465,C171,2024-01-01,S003,South,I097,Laptop,electronics,0,47897,1000,-1000
T0205,C086,01-03-2024,S001,North,I024,Phone,Furniture,3,3312,1000,8936
T0787,C040,01-03-2024,S004,North,I080,Phone,Furniture,-2,48515,1000,-98030
T0977,C122,2024-01-01,S002,West,I052,Table,electronics,-2,4022,0,-8044
T0767,C074,01-03-2024,S002,East,I032,Chair,Electronics,-2,30644,0,-61288
T0265,C041,2024-01-01,S001,East,I086,Table,electronics,-2,32165,,-64330
T0536,C116,2024/01/02,S004,South,I072,Table,,1,47797,1000,46797
T0961,C160,2024-02-05,S002,South,I005,Chair,Furniture,0,27165,500,-500
T0792,C177,2024/01/02,S002,North,I061,Laptop,,-1,22794,0,-22794
T0252,C062,2024/01/02,S003,West,I065,Chair,Furniture,0,6142,500,-500
T0821,C164,2024-01-01,S002,East,I008,Table,electronics,4,8113,500,31952
T0288,C186,01-03-2024,S001,South,I066,TV,Electronics,0,31385,500,-500
T0163,C126,2024/01/02,S004,South,I015,Chair,electronics,0,42546,,0
T0094,C175,2024/01/02,S004,West,I088,Laptop,,-2,24748,,-49496
T0781,C132,2024/01/02,S003,West,I087,Chair,Electronics,-2,3854,1000,-8708
T0832,C047,01-03-2024,S004,North,I092,Chair,Electronics,1,11287,0,11287
T0109,C002,01-03-2024,S001,West,I054,Phone,Furniture,3,37233,1000,110699
T0335,C115,2024-01-01,S002,North,I039,Phone,Electronics,0,48875,,0
T0821,C174,2024/01/02,S003,North,I025,Table,Furniture,2,646,,1292
T0237,C189,2024-02-05,S004,West,I037,Table,Electronics,3,36597,500,109291
T0380,C098,01-03-2024,S003,West,I034,Chair,Electronics,4,40218,1000,159872
T0435,C115,2024-01-01,S003,West,I086,TV,Furniture,1,46257,500,45757
T0898,C013,2024/01/02,S004,West,I067,Table,Electronics,4,47511,,190044
T0482,C190,2024-02-05,S003,West,I058,Chair,electronics,-2,48555,1000,-98110
T0936,C111,01-03-2024,S004,North,I013,Chair,Electronics,4,34836,1000,138344
T0901,C060,2024-02-05,S001,South,I046,Chair,,0,30699,0,0
T0024,C158,01-03-2024,S004,East,I070,Chair,Furniture,-2,4616,,-9232
T0652,C094,2024-01-01,S002,East,I071,Chair,Furniture,3,1359,,4077
T0116,C016,2024-02-05,S004,North,I041,Phone,electronics,-1,47013,0,-47013
T0481,C123,2024/01/02,S002,North,I050,Laptop,,-2,23476,,-46952
T0391,C023,2024/01/02,S003,South,I018,Laptop,Electronics,-2,24240,500,-48980
T0916,C115,01-03-2024,S004,West,I065,Chair,electronics,1,19417,500,18917
T0993,C150,2024/01/02,S002,North,I046,Table,Electronics,-1,2609,500,-3109
T0963,C081,2024-02-05,S004,East,I064,TV,electronics,3,45068,1000,134204
T0536,C049,2024-01-01,S004,West,I041,Chair,Furniture,2,12364,500,24228
T0078,C078,01-03-2024,S004,North,I037,TV,,2,18046,,36092
T0579,C078,2024-02-05,S001,West,I012,Phone,Furniture,2,31735,0,63470
T0172,C069,01-03-2024,S002,East,I043,Laptop,electronics,0,10377,500,-500
T0955,C026,2024-01-01,S001,West,I023,Phone,Electronics,2,26465,500,52430
T0011,C014,01-03-2024,S001,North,I095,Table,,0,24559,1000,-1000
T0799,C049,2024/01/02,S002,North,I029,Table,Electronics,3,3769,,11307
T0127,C035,2024/01/02,S004,East,I069,Chair,Furniture,3,30664,0,91992
T0607,C007,01-03-2024,S001,South,I037,Table,Electronics,-2,18965,,-37930
T0091,C078,2024-01-01,S001,South,I096,Table,electronics,2,44490,500,88480
T0652,C130,2024-01-01,S001,West,I022,Phone,,1,16688,,16688
T0542,C189,2024/01/02,S004,North,I073,TV,,3,15140,0,45420
T0845,C046,2024-01-01,S001,North,I056,Laptop,,-1,17225,500,-17725
T0531,C104,01-03-2024,S003,East,I078,Table,electronics,-1,30859,,-30859
T0657,C097,2024-02-05,S002,East,I022,Table,Electronics,3,43948,0,131844
T0988,C095,01-03-2024,S003,North,I035,Phone,,-2,28170,500,-56840
T0827,C188,2024/01/02,S004,East,I056,Laptop,Furniture,4,7149,500,28096
T0446,C159,2024/01/02,S001,South,I000,Phone,Furniture,-1,15616,,-15616
T0389,C115,2024/01/02,S002,South,I071,TV,Furniture,-1,37131,1000,-38131
T0671,C012,2024-01-01,S001,West,I002,Phone,Furniture,4,4837,1000,18348
T0860,C000,01-03-2024,S004,East,I013,Laptop,Furniture,-2,16127,0,-32254
T0042,C033,2024-02-05,S002,West,I080,Laptop,electronics,4,39698,,158792
T0253,C189,01-03-2024,S003,East,I033,Table,Electronics,-2,10115,0,-20230
T0129,C078,2024-02-05,S002,East,I069,TV,electronics,-2,37065,,-74130
T0059,C077,01-03-2024,S001,South,I068,Chair,Furniture,1,15195,0,15195
T0662,C120,2024/01/02,S002,North,I050,Table,Furniture,-2,15153,0,-30306
T0466,C092,2024-02-05,S004,East,I028,Phone,,-2,49340,,-98680
T0286,C097,01-03-2024,S004,East,I098,Phone,,-2,22972,1000,-46944
T0516,C081,2024-01-01,S002,East,I081,Laptop,Electronics,3,31619,0,94857
T0466,C198,2024-01-01,S004,North,I047,Laptop,Electronics,2,44571,,89142
T0929,C158,01-03-2024,S004,West,I093,Laptop,Electronics,3,43266,,129798
T0777,C191,2024/01/02,S004,West,I078,Chair,electronics,2,23163,,46326
T0344,C152,2024-02-05,S003,East,I078,Chair,,1,6406,500,5906
T0641,C037,01-03-2024,S001,East,I015,Table,Electronics,1,12673,,12673
T0381,C013,2024-01-01,S004,West,I056,Chair,,-1,17348,,-17348
T0778,C135,2024-02-05,S002,West,I096,Laptop,,4,41114,500,163956
T0689,C090,2024-01-01,S004,South,I009,Table,,4,26756,500,106524
T0252,C053,2024-01-01,S003,East,I018,Table,,3,17041,1000,50123
T0926,C129,01-03-2024,S002,West,I066,TV,,2,13118,,26236
T0055,C100,2024-01-01,S001,South,I035,Chair,,1,13188,0,13188
T0462,C088,2024-02-05,S002,North,I003,Phone,electronics,1,20775,500,20275
T0456,C055,2024/01/02,S002,East,I074,Phone,Furniture,3,16224,500,48172
T0982,C093,01-03-2024,S002,West,I032,TV,,-1,16931,1000,-17931
T0082,C092,2024-02-05,S002,East,I027,Laptop,electronics,-2,34689,1000,-70378
T0904,C083,01-03-2024,S004,South,I095,TV,Electronics,0,3919,1000,-1000
T0098,C084,2024-01-01,S001,West,I079,Laptop,electronics,-1,30386,,-30386
T0148,C188,2024-01-01,S004,North,I008,Chair,electronics,4,11264,,45056
T0328,C021,2024-02-05,S003,North,I074,Chair,electronics,4,32801,,131204
T0155,C034,2024-02-05,S003,South,I005,Table,,0,16575,500,-500
T0189,C015,2024/01/02,S002,North,I048,Table,Electronics,-1,49859,1000,-50859
T0493,C049,2024-02-05,S004,North,I090,Table,electronics,-1,42311,500,-42811
T0882,C121,2024-02-05,S004,North,I075,Table,Electronics,-2,49537,0,-99074
T0262,C127,01-03-2024,S001,North,I021,Phone,electronics,1,19405,,19405
T0079,C112,2024-01-01,S001,North,I047,Table,,2,11598,500,22696
T0399,C170,2024-02-05,S001,North,I020,Table,electronics,-1,32969,0,-32969
T0763,C016,2024/01/02,S004,North,I032,Table,electronics,-2,36703,500,-73906
T0608,C079,2024-02-05,S001,West,I080,Laptop,Electronics,4,4335,0,17340
T0259,C185,2024-01-01,S001,North,I055,Table,Electronics,0,45990,500,-500
T0771,C129,2024-02-05,S001,West,I028,TV,Electronics,3,12115,500,35845
T0614,C131,01-03-2024,S002,East,I052,Table,Furniture,4,14701,,58804
T0551,C084,2024-01-01,S003,South,I039,Table,Electronics,3,7609,500,22327
T0784,C166,2024-02-05,S003,North,I073,Phone,electronics,1,39584,500,39084
T0100,C093,01-03-2024,S004,South,I017,Table,Furniture,3,17018,1000,50054
T0358,C133,2024-01-01,S004,North,I046,Laptop,Electronics,-1,41075,500,-41575
T0379,C080,2024-02-05,S002,West,I012,Chair,,0,41620,,0
T0819,C068,01-03-2024,S003,North,I026,Table,Electronics,-1,35793,500,-36293
T0220,C068,2024/01/02,S001,East,I061,Table,,3,27059,,81177
T0819,C147,01-03-2024,S001,South,I073,Table,Furniture,2,1009,1000,1018
T0419,C191,2024/01/02,S004,South,I095,Phone,,4,9705,,38820
T0123,C015,2024-02-05,S003,East,I044,Chair,Furniture,3,14605,1000,42815
T0421,C050,01-03-2024,S004,West,I002,Phone,,2,37876,1000,74752
T0230,C104,2024/01/02,S004,West,I021,Phone,Electronics,3,218,1000,-346
T0689,C164,2024-01-01,S001,East,I026,Phone,Furniture,1,28738,1000,27738
T0062,C196,01-03-2024,S001,South,I054,Laptop,electronics,0,3213,1000,-1000
T0484,C169,2024-02-05,S003,North,I066,Chair,electronics,2,44120,,88240
T0627,C184,2024-01-01,S004,West,I032,Laptop,electronics,-2,39021,1000,-79042
T0702,C065,2024/01/02,S002,North,I001,Laptop,Electronics,1,14865,1000,13865
T0573,C008,01-03-2024,S003,South,I074,Chair,electronics,-1,17975,1000,-18975
T0767,C106,01-03-2024,S004,North,I045,Laptop,Furniture,3,18580,1000,54740
T0482,C099,2024-02-05,S003,East,I073,Chair,electronics,0,8044,1000,-1000
T0518,C085,2024-01-01,S003,West,I032,Table,Furniture,0,35122,0,0
T0154,C063,01-03-2024,S003,West,I057,Phone,electronics,3,48906,500,146218
T0091,C021,01-03-2024,S002,East,I006,Laptop,,-2,25189,500,-50878
T0981,C161,2024-01-01,S002,East,I014,Chair,Furniture,4,48807,1000,194228
T0525,C182,01-03-2024,S001,West,I025,TV,electronics,4,32663,1000,129652
T0454,C156,2024-01-01,S001,West,I010,Laptop,electronics,2,1333,0,2666
T0740,C165,2024-01-01,S004,West,I037,Laptop,electronics,3,21742,1000,64226
T0597,C109,2024-01-01,S003,South,I026,Chair,Furniture,0,28808,0,0
T0644,C096,2024-02-05,S004,South,I006,TV,Furniture,-2,31037,500,-62574
T0509,C017,2024-01-01,S001,South,I000,TV,electronics,4,38499,,153996
T0182,C070,2024-01-01,S002,North,I073,Table,,-2,47383,500,-95266
T0385,C192,2024/01/02,S001,South,I020,Laptop,Furniture,4,229,,916
T0573,C126,2024/01/02,S004,West,I078,Phone,Furniture,-1,36584,,-36584
T0730,C096,2024-02-05,S001,South,I029,Laptop,,-2,18255,,-36510
T0404,C000,2024-01-01,S004,West,I093,Phone,Electronics,1,20938,1000,19938
T0245,C131,2024/01/02,S004,East,I007,Phone,,0,23254,0,0
T0741,C003,2024/01/02,S004,North,I087,Chair,electronics,1,44135,,44135
T0590,C124,01-03-2024,S004,North,I082,Laptop,Furniture,4,30394,0,121576
T0660,C081,2024-01-01,S001,East,I002,Chair,Furniture,-2,5373,500,-11246
T0649,C026,2024/01/02,S004,West,I054,Table,Furniture,-2,8797,,-17594
T0470,C170,2024-02-05,S004,North,I014,Phone,Furniture,1,5728,500,5228
T0825,C058,01-03-2024,S003,South,I035,TV,Electronics,-1,37781,0,-37781
T0887,C031,01-03-2024,S004,West,I005,Phone,Furniture,-2,45949,0,-91898
T0422,C160,2024-01-01,S001,North,I041,Table,Furniture,1,25514,500,25014
T0900,C027,2024-01-01,S004,East,I049,Phone,Electronics,1,44931,0,44931
T0064,C105,01-03-2024,S002,West,I017,Chair,electronics,0,4818,500,-500
T0012,C104,2024-02-05,S002,North,I082,Laptop,electronics,-1,19160,0,-19160
T0212,C182,2024-01-01,S004,East,I049,TV,Electronics,2,196,1000,-608
T0985,C187,2024-01-01,S002,West,I029,Chair,electronics,1,18447,500,17947
T0241,C069,01-03-2024,S002,South,I076,Laptop,electronics,0,38269,,0
T0492,C061,01-03-2024,S001,West,I038,TV,,2,30496,,60992
T0212,C033,2024-01-01,S003,South,I011,Table,,0,11158,,0
T0692,C086,2024/01/02,S002,West,I097,Phone,,0,12318,0,0
T0337,C113,2024-01-01,S002,East,I058,TV,Electronics,3,17082,500,50746
T0996,C105,2024/01/02,S003,South,I075,Table,Furniture,-1,32381,0,-32381
T0172,C055,01-03-2024,S003,South,I043,Laptop,Electronics,-2,4063,,-8126
T0671,C112,2024/01/02,S002,West,I087,TV,Electronics,-1,25104,1000,-26104
T0163,C012,2024-02-05,S004,North,I003,Table,Electronics,2,46722,,93444
T0464,C183,01-03-2024,S002,South,I035,Laptop,Electronics,3,23777,,71331
T0994,C017,2024-01-01,S004,West,I047,Chair,,-1,44841,,-44841
T0496,C181,2024-01-01,S004,East,I013,Phone,Electronics,-2,1424,1000,-3848
T0699,C112,01-03-2024,S004,West,I080,Table,,-1,27266,1000,-28266
T0394,C170,01-03-2024,S003,West,I048,Chair,Furniture,-1,43474,500,-43974
T0702,C038,2024-02-05,S002,South,I066,Laptop,electronics,-1,47008,1000,-48008
T0916,C188,01-03-2024,S002,North,I086,TV,,1,24595,500,24095
T0307,C169,2024-01-01,S001,East,I076,Phone,Electronics,1,38032,1000,37032
T0767,C078,2024-02-05,S003,South,I008,Laptop,Furniture,-1,26192,500,-26692
T0182,C145,2024-01-01,S001,South,I020,Table,Electronics,-2,1439,,-2878
T0628,C150,2024/01/02,S001,South,I071,Phone,Furniture,4,48416,1000,192664
T0793,C181,01-03-2024,S004,East,I080,Chair,electronics,-2,12386,0,-24772
T0509,C029,2024/01/02,S003,North,I015,Phone,Furniture,-2,29335,0,-58670
T0707,C097,2024-01-01,S001,East,I015,Chair,Furniture,-2,11695,500,-23890
T0545,C057,2024/01/02,S002,East,I027,Laptop,electronics,3,25652,1000,75956
T0563,C195,2024/01/02,S001,North,I050,TV,electronics,3,13729,1000,40187
T0623,C066,2024-01-01,S003,East,I055,Phone,Furniture,0,46589,0,0
T0763,C070,2024-01-01,S002,West,I079,TV,Electronics,-1,39334,1000,-40334
T0593,C145,01-03-2024,S002,East,I056,TV,,4,30025,1000,119100
T0743,C105,2024/01/02,S002,South,I051,Phone,Electronics,4,38331,500,152824
T0226,C006,2024-02-05,S004,East,I045,Phone,,-1,38358,,-38358
T0744,C039,2024-02-05,S002,South,I077,TV,electronics,0,12943,0,0
T0732,C069,2024-01-01,S004,East,I037,Table,Electronics,-2,32135,,-64270
T0435,C192,2024-01-01,S004,South,I083,Table,electronics,2,24088,1000,47176
T0924,C067,2024/01/02,S001,South,I047,Phone,Furniture,2,32783,1000,64566
T0421,C048,2024-01-01,S001,South,I040,TV,Furniture,0,33086,500,-500
T0553,C051,2024-02-05,S002,North,I097,TV,Electronics,4,33401,,133604
T0020,C113,01-03-2024,S003,East,I058,Laptop,electronics,2,15077,,30154
T0553,C106,01-03-2024,S002,East,I092,TV,Electronics,1,47722,500,47222
T0396,C028,2024/01/02,S001,West,I066,Table,Electronics,-1,8051,,-8051
T0624,C148,01-03-2024,S002,West,I073,Laptop,,2,26171,500,51842
T0104,C077,2024-01-01,S001,West,I083,Table,Furniture,3,9665,500,28495
T0191,C008,2024-01-01,S002,East,I065,Chair,Electronics,3,28815,1000,85445
T0016,C174,2024-01-01,S003,North,I026,Phone,Furniture,4,49316,1000,196264
T0119,C075,2024-01-01,S002,South,I031,Chair,,4,37209,1000,147836
T0392,C041,2024/01/02,S003,East,I055,Phone,electronics,1,37950,500,37450
T0424,C178,01-03-2024,S003,North,I009,Table,Electronics,-1,46764,1000,-47764
T0128,C183,2024-02-05,S002,North,I039,Table,Furniture,1,11434,0,11434
T0129,C178,01-03-2024,S003,East,I016,Chair,Electronics,-1,48936,0,-48936
T0571,C197,2024-01-01,S003,South,I057,Phone,electronics,-1,26400,1000,-27400
T0559,C127,2024-02-05,S001,North,I096,Phone,Electronics,4,19469,500,77376
T0028,C019,2024/01/02,S001,East,I005,Laptop,Electronics,2,38462,0,76924
T0096,C154,2024-01-01,S003,South,I038,TV,Furniture,3,24501,1000,72503
T0009,C165,2024-01-01,S004,West,I017,Laptop,electronics,0,44714,0,0
T0241,C071,2024-02-05,S002,North,I072,Table,,2,48450,0,96900
T0825,C064,2024/01/02,S003,North,I071,Chair,electronics,4,20739,0,82956
T0955,C181,2024-02-05,S002,East,I088,Phone,electronics,-2,17488,,-34976
T0231,C112,2024/01/02,S001,East,I094,Laptop,,1,18606,0,18606
T0788,C023,2024-01-01,S002,South,I041,Chair,Electronics,4,12866,1000,50464
T0283,C127,01-03-2024,S003,West,I003,Chair,Furniture,-2,6796,0,-13592
T0714,C174,2024-01-01,S003,West,I019,TV,Electronics,-1,4081,1000,-5081
T0758,C198,01-03-2024,S003,East,I027,Phone,Electronics,4,16955,0,67820
T0801,C082,01-03-2024,S003,East,I039,Chair,,2,19889,0,39778
T0775,C062,2024/01/02,S004,South,I064,Phone,,-2,408,,-816
T0954,C184,2024-02-05,S004,East,I043,Laptop,Electronics,-2,40563,0,-81126
T0725,C182,2024/01/02,S004,South,I022,Chair,electronics,3,27610,1000,81830
T0199,C059,2024-01-01,S003,South,I056,Chair,Furniture,4,29472,,117888
T0944,C098,2024-02-05,S004,West,I046,Laptop,electronics,-2,7807,,-15614
T0078,C061,01-03-2024,S002,South,I012,Phone,Electronics,3,15622,0,46866
T0912,C029,01-03-2024,S003,West,I015,Phone,Electronics,3,35915,0,107745
T0955,C021,2024-01-01,S001,West,I089,Chair,Furniture,-1,26597,500,-27097
T0854,C125,2024-02-05,S003,West,I054,Laptop,electronics,3,30624,0,91872
T0855,C156,2024-01-01,S002,East,I094,Table,Electronics,-1,44059,500,-44559
T0172,C168,2024-01-01,S004,West,I064,Phone,Electronics,3,34885,1000,103655
T0466,C041,2024/01/02,S003,South,I080,Table,,3,13466,0,40398
T0580,C097,2024-01-01,S004,East,I015,Chair,Furniture,4,37749,0,150996
T0415,C192,2024-02-05,S003,South,I036,Table,,4,34346,500,136884
T0939,C030,2024-01-01,S002,East,I051,Table,,-1,27028,500,-27528
T0448,C157,2024-02-05,S003,South,I009,Phone,,-2,20681,,-41362
T0086,C111,01-03-2024,S004,North,I037,Chair,Electronics,1,24205,,24205
T0100,C145,2024-01-01,S004,North,I043,Table,electronics,2,37738,0,75476
T0007,C121,2024-02-05,S002,North,I094,Phone,,2,19943,1000,38886
T0844,C016,01-03-2024,S003,South,I073,Table,electronics,-1,44814,,-44814
T0199,C037,2024-02-05,S001,East,I053,Phone,Electronics,-2,42291,,-84582
T0504,C141,01-03-2024,S003,West,I097,Chair,,4,5534,,22136
T0086,C109,2024/01/02,S002,West,I050,Laptop,Electronics,4,33439,500,133256
T0042,C183,2024-01-01,S001,South,I051,Phone,,1,20073,0,20073
T0384,C021,2024-01-01,S002,South,I069,Phone,,0,41207,500,-500
T0620,C194,01-03-2024,S003,South,I091,Table,Electronics,4,11735,1000,45940
T0434,C055,2024/01/02,S001,South,I091,Chair,Furniture,-1,696,500,-1196
T0407,C118,2024-02-05,S002,West,I058,TV,Furniture,0,21557,0,0
T0482,C146,2024/01/02,S004,East,I012,TV,electronics,2,32515,500,64530
T0663,C056,2024-02-05,S001,West,I040,Laptop,electronics,2,28421,1000,55842
T0016,C171,2024-02-05,S001,South,I011,Chair,Electronics,4,14934,0,59736
T0644,C034,2024-01-01,S002,North,I049,Phone,Electronics,1,37118,0,37118
T0147,C113,01-03-2024,S004,West,I056,TV,Electronics,1,20809,0,20809
T0276,C124,2024-01-01,S001,North,I049,Laptop,Furniture,0,3471,0,0
T0231,C128,2024-01-01,S002,North,I056,Chair,Furniture,4,257,1000,28
T0825,C051,2024-01-01,S001,South,I053,Laptop,,2,16132,0,32264
T0926,C084,2024-02-05,S001,West,I065,TV,,1,3418,1000,2418
T0365,C197,2024-01-01,S001,East,I007,Table,Electronics,1,13562,1000,12562
T0227,C164,2024-02-05,S004,West,I062,Table,Electronics,2,45110,500,89720
T0650,C064,01-03-2024,S003,East,I008,Chair,electronics,4,40089,500,159856
T0435,C178,2024-02-05,S003,East,I059,Laptop,Furniture,2,9057,0,18114
T0398,C128,2024-02-05,S004,South,I062,Phone,Electronics,-2,11943,,-23886
T0210,C020,2024/01/02,S004,East,I071,TV,Furniture,3,2712,,8136
T0390,C180,2024-01-01,S002,West,I002,Table,Electronics,1,21046,0,21046
T0498,C015,2024-01-01,S001,West,I072,Table,,0,12120,1000,-1000
T0539,C122,2024-01-01,S004,North,I012,Laptop,Electronics,4,12873,500,50992
T0562,C060,2024-01-01,S002,East,I008,Table,,-1,30347,0,-30347
T0490,C053,2024/01/02,S003,South,I094,Laptop,electronics,-1,543,0,-543
T0441,C167,2024/01/02,S003,South,I088,TV,electronics,2,38841,1000,76682
T0260,C025,2024/01/02,S003,West,I051,Laptop,electronics,3,17388,500,51664
T0772,C079,2024/01/02,S003,East,I061,Table,Electronics,4,3010,,12040
T0349,C064,2024-01-01,S002,South,I007,Laptop,electronics,4,44269,,177076
T0351,C099,2024-02-05,S001,East,I094,Table,Electronics,0,34669,0,0
T0519,C073,01-03-2024,S002,East,I044,Chair,Furniture,-2,17409,0,-34818
T0319,C191,2024/01/02,S001,North,I052,Table,,1,12013,0,12013
T0137,C170,2024-02-05,S003,South,I062,Table,Furniture,-2,14365,0,-28730
T0549,C016,2024/01/02,S004,North,I094,Table,Electronics,4,29063,0,116252
T0622,C120,2024-01-01,S004,South,I080,Chair,electronics,0,30005,,0
T0991,C186,2024-01-01,S004,East,I056,Phone,,-2,24335,0,-48670
T0367,C022,2024-02-05,S001,South,I053,Table,electronics,2,48924,500,97348
T0219,C134,2024-02-05,S003,West,I018,Phone,Furniture,-1,9526,1000,-10526
T0336,C171,2024-02-05,S002,East,I066,TV,Electronics,2,3022,,6044
T0222,C180,2024-01-01,S004,South,I045,Laptop,,1,40423,1000,39423
T0647,C070,2024-01-01,S001,North,I093,Phone,,2,30191,1000,59382
T0767,C107,01-03-2024,S004,North,I009,TV,Electronics,0,27871,0,0
T0359,C078,2024-02-05,S002,East,I092,Laptop,Electronics,4,9876,1000,38504
T0920,C161,01-03-2024,S003,North,I017,Table,,0,1019,500,-500
T0328,C045,2024/01/02,S002,East,I011,Table,Furniture,1,37872,0,37872
T0961,C195,01-03-2024,S003,East,I048,Table,Furniture,1,21054,,21054
T0462,C077,2024/01/02,S003,East,I022,Chair,electronics,-1,20937,500,-21437
T0945,C015,2024/01/02,S003,South,I061,Chair,,-2,10058,,-20116
T0962,C070,01-03-2024,S004,East,I010,Chair,Electronics,-1,5675,0,-5675
T0560,C095,2024-02-05,S002,North,I072,Chair,Electronics,2,8045,0,16090
T0803,C146,2024/01/02,S004,West,I055,TV,Electronics,-2,47062,,-94124
T0381,C001,2024-02-05,S002,South,I087,TV,Electronics,1,10963,1000,9963
T0835,C009,2024-01-01,S001,North,I088,Table,,0,15957,,0
T0589,C177,2024/01/02,S001,East,I054,Laptop,Furniture,2,32409,500,64318
T0616,C124,2024-01-01,S002,East,I024,Chair,electronics,-1,23054,1000,-24054
T0168,C080,01-03-2024,S002,West,I008,Laptop,Furniture,4,49694,0,198776
T0216,C139,2024-02-05,S002,North,I011,TV,electronics,3,33468,500,99904
T0377,C069,01-03-2024,S002,South,I010,Chair,Electronics,3,27842,500,83026
T0118,C149,2024/01/02,S003,North,I037,TV,Electronics,1,12234,0,12234
T0189,C031,2024-01-01,S004,East,I027,TV,,4,48158,1000,191632
T0766,C104,2024/01/02,S003,South,I007,Phone,Electronics,-2,11680,0,-23360
T0369,C083,01-03-2024,S004,East,I073,TV,,3,21066,500,62698
T0777,C128,2024-02-05,S004,East,I088,Table,,-2,16137,500,-32774
T0148,C181,2024-02-05,S004,North,I046,TV,,0,2886,500,-500
T0675,C057,2024/01/02,S003,West,I035,Chair,Electronics,1,19179,0,19179
T0651,C197,2024/01/02,S002,East,I049,Table,Electronics,1,15331,,15331
T0858,C145,2024-01-01,S003,North,I008,TV,Furniture,2,11940,500,23380
T0487,C133,01-03-2024,S003,South,I059,Table,electronics,2,2152,500,3804
T0769,C044,2024/01/02,S004,West,I071,TV,Furniture,4,33499,1000,132996
T0373,C096,2024-01-01,S001,East,I066,Table,Electronics,-2,3542,,-7084
T0780,C022,2024/01/02,S001,East,I052,Laptop,electronics,3,1854,1000,4562
T0692,C022,2024-02-05,S003,South,I081,Phone,,3,44093,500,131779
T0159,C153,2024-01-01,S004,North,I098,Table,electronics,-1,9870,,-9870
T0350,C134,2024-01-01,S003,East,I016,Chair,,-2,13599,1000,-28198
T0911,C078,2024/01/02,S003,South,I099,Phone,Electronics,3,125,0,375
T0287,C043,01-03-2024,S002,East,I052,Phone,electronics,2,24430,1000,47860
T0287,C026,2024-02-05,S004,North,I027,TV,,2,10501,,21002
T0891,C025,01-03-2024,S001,West,I062,Table,Furniture,2,40165,1000,79330
T0225,C096,2024-01-01,S001,North,I014,Phone,Furniture,-2,47736,,-95472
T0522,C035,01-03-2024,S001,North,I018,Chair,,1,6653,,6653
T0521,C108,2024-01-01,S003,North,I085,Chair,Furniture,4,5859,1000,22436
T0782,C054,01-03-2024,S004,South,I069,Chair,Furniture,-1,7855,1000,-8855
T0272,C191,2024/01/02,S002,East,I046,TV,electronics,-1,13484,0,-13484
T0935,C184,01-03-2024,S001,West,I070,Laptop,Furniture,2,30028,1000,59056
T0401,C068,2024-01-01,S004,South,I047,Table,electronics,0,27578,,0
T0182,C060,2024-02-05,S001,North,I072,Phone,Electronics,-2,33997,500,-68494
T0968,C129,2024-02-05,S002,West,I019,Table,Furniture,3,37864,1000,112592
T0664,C054,2024-02-05,S004,North,I036,Phone,Electronics,3,45164,1000,134492
T0487,C121,2024-01-01,S003,North,I074,TV,Furniture,4,32474,,129896
T0826,C096,01-03-2024,S003,North,I001,Table,,1,20629,500,20129
T0845,C079,2024-02-05,S001,West,I063,TV,,2,38509,0,77018
T0123,C086,2024-02-05,S001,East,I085,TV,Electronics,0,32468,500,-500
T0984,C037,2024-02-05,S004,North,I035,Table,Electronics,2,46769,,93538
T0625,C118,2024/01/02,S002,East,I004,Table,Electronics,0,14471,,0
T0789,C077,2024-01-01,S001,West,I063,Phone,,-1,7469,,-7469
T0413,C156,2024-01-01,S004,West,I006,Chair,Electronics,0,3995,,0
T0979,C153,2024-01-01,S002,North,I069,TV,,-1,14553,500,-15053
T0724,C034,2024-01-01,S001,East,I021,Laptop,Electronics,-1,4897,500,-5397
T0171,C078,2024-01-01,S001,East,I073,Phone,electronics,-2,45909,500,-92318
T0287,C066,2024/01/02,S004,North,I045,Phone,electronics,4,1928,1000,6712
T0434,C086,01-03-2024,S001,South,I039,Chair,Furniture,0,9827,,0
T0685,C156,2024/01/02,S003,South,I060,Chair,electronics,1,12617,1000,11617
T0112,C033,2024-02-05,S002,West,I045,TV,Electronics,1,17043,1000,16043
T0887,C096,2024/01/02,S002,West,I083,Phone,electronics,0,42938,1000,-1000
T0916,C168,2024-01-01,S003,South,I027,Phone,electronics,4,26931,0,107724
T0994,C168,2024/01/02,S004,South,I086,Laptop,Electronics,-2,42144,1000,-85288
T0121,C150,2024-01-01,S003,South,I034,TV,electronics,1,24914,,24914
T0543,C070,2024/01/02,S003,North,I000,TV,Electronics,2,8150,1000,15300
T0221,C002,2024-01-01,S002,North,I028,Chair,electronics,1,9763,,9763
T0630,C057,2024-02-05,S004,North,I008,TV,Electronics,-2,7000,0,-14000
T0038,C031,2024-01-01,S001,North,I008,Laptop,,-1,38455,500,-38955
T0496,C030,2024/01/02,S003,North,I021,TV,,-1,21896,,-21896
T0779,C081,2024-02-05,S003,North,I062,Table,Furniture,-1,15884,1000,-16884
T0232,C042,2024/01/02,S004,West,I065,Table,electronics,-2,37480,,-74960
T0942,C134,2024-02-05,S003,East,I079,Laptop,Furniture,-1,3783,1000,-4783
T0529,C104,01-03-2024,S004,West,I057,Chair,Electronics,4,8496,500,33484
T0148,C000,01-03-2024,S001,East,I069,Phone,,-1,7447,,-7447
T0396,C060,01-03-2024,S004,West,I054,TV,Electronics,-2,20084,1000,-41168
T0660,C013,2024/01/02,S001,West,I012,Chair,Furniture,2,43197,,86394
T0637,C179,2024/01/02,S004,North,I096,Chair,Electronics,1,23127,500,22627
T0903,C005,2024-02-05,S003,North,I018,TV,Electronics,-2,17697,500,-35894
T0301,C102,2024-02-05,S001,East,I078,Phone,Electronics,-2,14172,500,-28844
T0359,C009,2024-02-05,S003,East,I032,TV,Electronics,0,12126,,0
T0237,C070,2024-02-05,S001,North,I073,Phone,,-1,35959,,-35959
T0646,C089,2024-01-01,S004,West,I064,Laptop,Electronics,3,46913,1000,139739
T0662,C157,01-03-2024,S004,East,I059,Phone,Electronics,2,41066,500,81632
T0235,C148,2024-01-01,S004,South,I011,Chair,,3,31141,1000,92423
T0735,C125,2024-01-01,S002,South,I042,Laptop,Electronics,0,31087,,0
T0202,C187,2024-01-01,S002,South,I092,Table,Electronics,2,3598,0,7196
T0255,C096,2024-01-01,S001,East,I016,Laptop,Furniture,-1,32356,500,-32856
T0597,C073,01-03-2024,S002,North,I067,Phone,,3,15005,1000,44015
T0661,C114,2024-01-01,S004,North,I028,Laptop,electronics,-1,38374,500,-38874
T0234,C190,2024-02-05,S002,North,I054,Laptop,Electronics,-1,24939,1000,-25939
T0344,C169,2024/01/02,S002,East,I006,Table,Furniture,1,2237,1000,1237
T0533,C050,2024-02-05,S003,East,I043,Phone,,2,16046,0,32092
T0859,C191,2024/01/02,S001,South,I076,Chair,Electronics,2,24608,,49216
T0796,C055,2024-02-05,S001,East,I004,Laptop,electronics,0,15720,500,-500
T0780,C040,2024-02-05,S001,South,I059,TV,Electronics,-2,14923,,-29846
T0465,C031,2024/01/02,S002,South,I005,Chair,Furniture,-1,36733,1000,-37733
T0769,C014,01-03-2024,S004,North,I097,Laptop,,-1,5560,,-5560
T0540,C061,2024-01-01,S003,East,I006,Chair,Furniture,3,37364,0,112092
T0212,C154,2024-02-05,S001,North,I045,TV,,0,39766,,0
T0462,C027,01-03-2024,S002,North,I056,Chair,electronics,2,35414,1000,69828
T0435,C063,2024-01-01,S004,East,I053,Chair,Electronics,1,37797,1000,36797
T0282,C186,01-03-2024,S003,East,I091,TV,Furniture,2,12822,0,25644
T0561,C185,01-03-2024,S003,West,I045,TV,electronics,1,24794,500,24294
T0606,C129,2024-01-01,S001,South,I009,TV,electronics,1,7314,0,7314
T0462,C126,2024-02-05,S001,West,I003,Table,Electronics,2,32011,500,63522
T0406,C035,01-03-2024,S004,South,I066,TV,Furniture,3,13410,1000,39230
T0087,C113,2024-02-05,S002,South,I024,Chair,Electronics,-1,35263,,-35263
T0043,C198,2024-02-05,S004,South,I086,TV,Electronics,1,24155,1000,23155
T0460,C012,2024-02-05,S001,North,I090,Laptop,,3,14974,0,44922
T0277,C014,2024-01-01,S004,North,I077,TV,,0,28043,0,0
T0682,C088,2024/01/02,S002,East,I060,TV,Electronics,0,32017,,0
T0420,C187,2024-02-05,S003,South,I037,Phone,,1,1802,0,1802
T0700,C021,2024/01/02,S003,South,I031,Chair,Furniture,-1,20158,1000,-21158
T0352,C190,2024/01/02,S003,South,I022,Chair,,1,41362,,41362
T0695,C073,01-03-2024,S003,North,I036,Laptop,electronics,0,14637,500,-500
T0514,C024,2024-02-05,S001,East,I002,Table,Electronics,4,12359,0,49436
T0702,C100,2024-02-05,S001,North,I098,Phone,Electronics,0,15992,500,-500
T0629,C175,2024-02-05,S002,West,I012,Laptop,Furniture,2,20735,,41470
T0018,C170,2024/01/02,S002,West,I033,Laptop,Electronics,4,28644,0,114576
T0022,C116,2024-01-01,S002,West,I087,Chair,,-1,113,,-113
T0412,C165,2024/01/02,S002,East,I064,Phone,electronics,2,44588,0,89176
T0029,C040,2024-02-05,S004,West,I075,Chair,Electronics,4,42256,0,169024
T0806,C172,2024-02-05,S002,East,I007,Table,,3,37408,0,112224
T0107,C087,2024-02-05,S003,North,I082,Chair,electronics,4,8190,,32760
T0366,C167,2024/01/02,S003,North,I008,TV,Electronics,3,2269,,6807
T0280,C109,2024-02-05,S003,East,I027,Chair,Electronics,3,44628,1000,132884
T0127,C119,01-03-2024,S004,North,I077,TV,Electronics,4,10523,1000,41092
T0228,C096,2024-02-05,S002,North,I090,Laptop,electronics,4,42903,,171612
T0110,C144,2024-01-01,S003,East,I017,Table,Electronics,-2,28552,,-57104
T0135,C056,01-03-2024,S003,West,I041,TV,Electronics,4,8117,0,32468
T0361,C129,2024-02-05,S003,East,I040,Table,,3,43778,1000,130334
T0185,C095,01-03-2024,S003,South,I069,Chair,,1,33048,1000,32048
T0655,C120,2024-02-05,S001,North,I032,Chair,,2,26093,,52186
T0583,C061,2024-01-01,S002,East,I088,Laptop,,3,36332,1000,107996
T0128,C136,2024-02-05,S002,North,I076,Chair,Electronics,-1,11711,,-11711
T0875,C067,01-03-2024,S004,West,I053,TV,electronics,4,32319,1000,128276
T0260,C080,2024-01-01,S001,North,I086,Laptop,Electronics,3,30960,500,92380
T0514,C016,2024/01/02,S004,East,I035,Table,Furniture,1,49781,500,49281
T0448,C116,2024-01-01,S003,West,I096,Laptop,electronics,4,21163,1000,83652
T0899,C049,2024-01-01,S004,West,I084,Table,Furniture,1,47674,,47674
T0103,C111,2024-01-01,S003,West,I097,Phone,Electronics,1,14165,500,13665
T0482,C093,01-03-2024,S003,South,I055,TV,electronics,1,24424,0,24424
T0223,C167,2024-01-01,S002,East,I099,TV,electronics,1,1386,,1386
T0831,C185,2024-02-05,S002,East,I016,Table,,-1,35058,500,-35558
T0873,C084,2024-01-01,S002,West,I009,Chair,Electronics,-2,41766,0,-83532
T0865,C148,2024-01-01,S002,North,I086,Chair,Furniture,0,44277,500,-500
T0490,C145,2024-02-05,S002,West,I043,Phone,electronics,-2,24969,500,-50438
T0472,C182,2024-02-05,S001,South,I001,Table,electronics,0,5728,0,0
T0009,C156,2024/01/02,S002,West,I098,Phone,,2,29193,0,58386
T0404,C151,2024-01-01,S004,East,I013,Table,electronics,4,46750,1000,186000
T0895,C073,01-03-2024,S003,West,I040,Phone,,1,760,500,260
T0301,C108,2024-01-01,S002,North,I001,Table,electronics,2,48116,0,96232
T0230,C144,2024-01-01,S001,East,I018,TV,electronics,2,19662,1000,38324
T0730,C017,2024-02-05,S004,North,I079,Phone,Electronics,4,3489,0,13956
T0922,C041,2024/01/02,S004,West,I088,Phone,electronics,0,43166,1000,-1000
T0065,C100,2024-01-01,S003,East,I000,Table,,-1,35931,1000,-36931
T0936,C044,01-03-2024,S004,South,I001,Laptop,,1,35708,0,35708
T0111,C081,2024-01-01,S004,East,I026,Laptop,,3,10870,0,32610
T0012,C016,01-03-2024,S004,North,I001,TV,Furniture,4,26727,500,106408
T0392,C072,2024-02-05,S004,East,I093,Chair,electronics,4,6246,500,24484
T0499,C013,2024/01/02,S001,South,I050,Chair,Electronics,2,23045,1000,45090
T0931,C176,2024-01-01,S003,South,I009,TV,Electronics,-2,44013,0,-88026
T0597,C156,2024/01/02,S002,South,I018,Chair,Furniture,1,25044,500,24544
T0233,C131,2024-01-01,S004,South,I079,Table,electronics,-1,49790,1000,-50790
T0601,C081,01-03-2024,S001,North,I012,Laptop,,1,17380,500,16880
T0313,C147,2024/01/02,S003,East,I047,TV,Furniture,3,23351,1000,69053
T0565,C119,2024-01-01,S002,West,I055,Table,Furniture,3,29335,500,87505
T0011,C119,2024-02-05,S003,South,I071,TV,,2,31996,0,63992
T0208,C046,01-03-2024,S001,West,I055,Laptop,Furniture,-2,39213,,-78426
T0973,C106,2024/01/02,S001,West,I049,Chair,Furniture,2,13422,,26844
T0013,C107,2024-01-01,S001,East,I094,Table,,-1,7847,1000,-8847
T0632,C008,2024/01/02,S004,West,I044,Laptop,electronics,0,32312,,0
T0417,C078,2024-01-01,S001,West,I088,TV,Electronics,3,49266,,147798
T0436,C154,01-03-2024,S002,North,I058,Phone,Electronics,-2,44188,1000,-89376
T0376,C014,2024-02-05,S004,West,I038,Table,,3,36003,,108009
T0019,C018,01-03-2024,S003,East,I020,TV,,-1,2377,500,-2877
T0586,C089,2024/01/02,S002,West,I054,TV,electronics,-1,41070,500,-41570
T0911,C179,2024/01/02,S004,East,I056,Laptop,Furniture,3,1756,500,4768
T0754,C025,2024-01-01,S001,South,I040,TV,electronics,2,42307,0,84614
T0734,C153,01-03-2024,S003,West,I092,Table,Furniture,3,46916,500,140248
T0069,C153,2024-01-01,S001,West,I069,Table,Furniture,2,32503,,65006
T0823,C173,01-03-2024,S002,West,I081,TV,electronics,3,34631,,103893
T0210,C091,2024/01/02,S002,South,I048,Laptop,,2,15513,500,30526
T0100,C176,2024-01-01,S004,North,I043,Table,,0,40733,0,0
T0697,C081,2024-01-01,S002,West,I034,Phone,electronics,1,7010,500,6510
T0131,C180,01-03-2024,S003,East,I090,Chair,Furniture,1,35485,0,35485
T0622,C130,2024-02-05,S004,North,I004,Laptop,Furniture,2,47608,0,95216
T0380,C193,01-03-2024,S003,North,I070,Laptop,Furniture,2,35622,500,70744
T0131,C041,2024-02-05,S001,North,I073,Chair,Furniture,4,25604,0,102416
T0019,C018,01-03-2024,S003,West,I073,Chair,electronics,4,8201,,32804
T0905,C016,2024/01/02,S003,South,I050,Table,Electronics,0,8167,500,-500
T0535,C160,2024-01-01,S002,South,I056,TV,,1,28335,,28335
T0226,C075,01-03-2024,S001,West,I057,TV,,0,5308,0,0
T0153,C176,2024/01/02,S002,East,I091,Phone,Electronics,4,47045,1000,187180
T0804,C183,01-03-2024,S001,East,I035,TV,Furniture,4,15028,500,59612
T0741,C062,2024-01-01,S001,East,I009,Phone,Electronics,-1,10525,1000,-11525
T0468,C130,01-03-2024,S003,West,I049,Phone,Electronics,3,28585,1000,84755
T0821,C106,2024-02-05,S002,South,I098,Laptop,Electronics,4,32623,1000,129492
T0999,C048,2024-01-01,S003,West,I098,Laptop,,1,13282,1000,12282
T0870,C054,2024-02-05,S003,South,I036,Table,,2,6322,,12644
T0404,C153,2024/01/02,S003,North,I019,Chair,Electronics,-2,14580,500,-29660
T0201,C098,2024/01/02,S001,West,I012,Chair,Electronics,4,45157,,180628
T0037,C199,01-03-2024,S002,South,I074,Phone,Electronics,-1,35431,0,-35431
T0941,C051,2024-02-05,S002,North,I018,Chair,Furniture,3,35671,500,106513
T0771,C099,2024-02-05,S003,North,I091,Phone,Furniture,-2,39077,500,-78654
T0187,C116,2024-01-01,S001,West,I055,Chair,Furniture,0,35161,,0
T0056,C117,2024-02-05,S002,South,I044,Table,,3,18109,0,54327
T0940,C006,2024-02-05,S004,North,I059,Laptop,electronics,0,15889,1000,-1000
T0019,C045,2024-01-01,S002,West,I067,Laptop,Electronics,0,33439,0,0
T0272,C045,2024-01-01,S003,North,I056,Phone,Electronics,2,40267,,80534
T0118,C099,2024-02-05,S004,East,I053,Chair,electronics,0,29207,,0
T0582,C143,01-03-2024,S001,West,I036,TV,Electronics,4,26387,,105548
T0515,C151,2024-01-01,S004,North,I082,Table,Furniture,-2,15114,1000,-31228
T0220,C188,2024-01-01,S004,West,I036,Chair,Furniture,-1,8674,500,-9174
T0525,C053,2024-02-05,S003,West,I013,TV,electronics,4,38697,0,154788
T0514,C061,2024-02-05,S002,South,I094,Table,Furniture,2,17567,0,35134
T0727,C128,2024-01-01,S001,South,I091,Table,electronics,-1,43577,1000,-44577
T0740,C048,2024-02-05,S004,North,I099,Laptop,Furniture,0,22014,,0
T0335,C024,2024-01-01,S003,West,I043,Phone,Electronics,1,12461,0,12461
T0697,C009,01-03-2024,S002,West,I082,Chair,,3,19981,500,59443
T0054,C117,01-03-2024,S004,East,I041,Table,Furniture,2,21980,0,43960
T0499,C143,2024-01-01,S003,West,I000,Chair,electronics,0,27351,,0
T0899,C185,2024-01-01,S003,South,I022,Table,,2,44116,0,88232
T0887,C199,2024/01/02,S003,West,I063,Laptop,Electronics,1,40661,,40661
T0765,C156,2024/01/02,S001,South,I027,Phone,,-2,26989,500,-54478
T0535,C091,2024-02-05,S002,East,I003,TV,electronics,4,35465,1000,140860
T0161,C133,2024-02-05,S004,North,I040,TV,Electronics,-2,26079,,-52158
T0669,C143,2024-01-01,S002,South,I059,Laptop,Electronics,3,48841,,146523
T0593,C147,2024-01-01,S002,North,I017,Table,Furniture,-2,13460,0,-26920
T0914,C079,2024/01/02,S004,North,I062,Laptop,,4,32702,1000,129808
T0158,C070,2024/01/02,S002,North,I060,Phone,Furniture,4,1503,,6012
T0187,C077,2024-01-01,S001,North,I048,TV,Electronics,1,36188,0,36188
T0059,C042,01-03-2024,S004,South,I046,Chair,Furniture,-1,40107,500,-40607
T0914,C153,01-03-2024,S004,East,I038,TV,Furniture,1,14882,1000,13882
T0816,C089,2024-02-05,S003,West,I088,Phone,electronics,1,39517,0,39517
T0318,C077,2024-01-01,S002,South,I081,Table,Furniture,0,14120,1000,-1000
T0877,C198,2024-01-01,S004,East,I005,Laptop,Electronics,-2,7520,,-15040
T0210,C160,2024-02-05,S004,West,I082,TV,Furniture,2,23623,0,47246
T0405,C025,2024/01/02,S001,North,I052,TV,Electronics,4,33737,500,134448
T0663,C120,2024/01/02,S003,West,I075,Chair,Electronics,3,39310,500,117430
T0108,C044,01-03-2024,S004,West,I024,Laptop,electronics,-1,31553,0,-31553
T0075,C062,2024-01-01,S001,East,I098,Chair,Electronics,4,9375,0,37500
T0541,C194,2024/01/02,S004,West,I064,Chair,Electronics,2,30152,1000,59304
T0313,C179,01-03-2024,S004,North,I004,Table,electronics,0,31161,0,0
T0997,C067,01-03-2024,S004,South,I064,TV,Electronics,0,33841,1000,-1000
T0116,C153,01-03-2024,S001,South,I007,Laptop,electronics,-1,31713,,-31713
T0926,C001,2024/01/02,S002,East,I038,Table,,2,25901,0,51802
T0867,C141,2024/01/02,S004,North,I042,Table,,-1,42862,,-42862
T0703,C107,2024-01-01,S004,North,I081,Table,,-1,48262,500,-48762
T0018,C029,2024-01-01,S002,West,I072,Phone,Electronics,-2,46946,1000,-94892
T0431,C048,01-03-2024,S004,East,I004,Phone,Furniture,2,30330,1000,59660
T0684,C139,01-03-2024,S003,North,I003,Table,electronics,-2,32299,500,-65098
T0739,C043,2024/01/02,S004,North,I092,Phone,,4,17672,,70688
T0349,C160,2024/01/02,S003,North,I000,Laptop,electronics,-2,5247,1000,-11494
T0182,C012,2024-01-01,S002,South,I093,TV,,4,3543,500,13672
T0112,C077,2024-01-01,S001,South,I055,Laptop,,3,44994,500,134482
T0182,C125,2024-02-05,S002,South,I044,TV,Electronics,-2,29085,500,-58670
T0480,C097,2024-01-01,S004,West,I064,Phone,electronics,1,5784,0,5784
T0145,C025,2024/01/02,S003,West,I002,Laptop,Electronics,0,13695,,0
T0830,C148,01-03-2024,S001,West,I021,Chair,electronics,0,1421,500,-500
T0627,C155,2024-02-05,S004,North,I071,Table,electronics,1,14910,,14910
T0112,C047,2024-01-01,S001,South,I055,TV,Furniture,4,6840,1000,26360
T0762,C167,2024-01-01,S001,North,I017,TV,,4,32812,0,131248
T0475,C065,2024/01/02,S004,North,I024,Chair,Electronics,-1,5568,500,-6068
T0762,C086,2024-02-05,S002,East,I047,Chair,Furniture,2,13618,500,26736
T0302,C078,2024-01-01,S004,North,I083,Table,electronics,2,12804,500,25108
T0970,C022,01-03-2024,S004,West,I030,Phone,,2,538,1000,76
T0824,C080,2024/01/02,S002,South,I029,Laptop,Electronics,-2,264,0,-528
T0117,C047,2024-02-05,S003,South,I079,Laptop,Furniture,2,5778,,11556
T0812,C123,2024-01-01,S004,North,I065,Laptop,electronics,2,36205,,72410
T0160,C129,2024-01-01,S001,West,I080,Phone,Furniture,4,36218,,144872
T0400,C083,2024-02-05,S004,West,I009,Table,electronics,2,17471,,34942
T0197,C019,2024/01/02,S004,West,I070,Laptop,electronics,0,35397,,0
T0259,C186,2024-02-05,S001,South,I058,TV,,1,21096,,21096
T0659,C045,2024-02-05,S002,West,I050,TV,Electronics,3,28853,,86559
T0751,C130,2024/01/02,S003,West,I008,TV,,4,45274,0,181096
T0046,C182,2024-01-01,S003,North,I053,Chair,Electronics,-1,20329,0,-20329
T0986,C011,01-03-2024,S001,East,I061,Chair,Electronics,1,5856,1000,4856
T0398,C039,2024/01/02,S002,West,I080,Phone,electronics,2,40973,500,81446
T0709,C065,01-03-2024,S004,North,I008,Laptop,Furniture,-1,24703,0,-24703
T0558,C099,2024-01-01,S004,North,I008,Chair,Electronics,-1,43084,500,-43584
T0077,C077,2024-02-05,S004,West,I023,TV,Electronics,1,23408,1000,22408
T0123,C015,01-03-2024,S004,East,I038,Chair,Electronics,1,37461,0,37461
T0074,C082,2024-01-01,S004,South,I074,TV,Electronics,1,31356,1000,30356
T0870,C161,2024-01-01,S001,East,I007,Laptop,electronics,4,33061,0,132244
T0136,C043,2024-02-05,S004,West,I024,Phone,,4,25267,0,101068
T0601,C133,2024-02-05,S004,East,I065,Table,Furniture,3,26533,,79599
T0399,C191,2024-01-01,S002,North,I009,Table,electronics,1,29831,500,29331
T0836,C099,2024-01-01,S004,North,I023,TV,electronics,3,6501,1000,18503
T0504,C021,01-03-2024,S003,East,I079,Chair,electronics,-2,34605,,-69210
T0499,C017,2024-01-01,S001,South,I082,Chair,Electronics,0,18545,0,0
T0572,C011,2024-01-01,S001,East,I058,TV,Furniture,3,9982,0,29946
T0137,C179,01-03-2024,S001,West,I030,Laptop,electronics,0,48114,1000,-1000
T0049,C122,2024/01/02,S003,South,I010,TV,electronics,2,6383,500,12266
T0770,C116,01-03-2024,S004,East,I005,Laptop,electronics,-2,26070,1000,-53140
T0972,C050,01-03-2024,S001,East,I069,Phone,Electronics,-1,11460,0,-11460
T0618,C070,2024-02-05,S003,South,I031,Phone,Electronics,1,32335,,32335
T0624,C047,01-03-2024,S002,East,I038,TV,electronics,2,15959,1000,30918
T0861,C018,2024-01-01,S004,West,I047,Phone,Electronics,-1,7699,,-7699
T0253,C005,2024-01-01,S003,North,I012,Chair,Furniture,4,10528,500,41612
T0629,C083,2024-01-01,S004,West,I058,Laptop,Electronics,0,47285,500,-500
T0709,C154,2024/01/02,S002,East,I066,Table,electronics,-1,3983,,-3983
T0848,C052,2024-01-01,S003,North,I055,Table,Furniture,1,19735,500,19235
T0876,C106,2024/01/02,S004,South,I040,Phone,Electronics,1,37921,,37921
T0562,C100,2024-01-01,S003,West,I055,Laptop,electronics,3,48101,,144303
T0756,C047,01-03-2024,S001,South,I034,Chair,,3,12224,,36672
T0914,C134,2024-02-05,S004,North,I037,Table,,4,19498,500,77492
T0425,C186,2024-01-01,S003,East,I080,Chair,Furniture,0,28162,,0
T0546,C068,2024/01/02,S001,North,I066,Chair,Furniture,1,33996,500,33496
T0301,C010,2024/01/02,S002,North,I033,Table,Furniture,-2,47584,,-95168
T0921,C142,2024-02-05,S004,South,I075,Table,Electronics,2,39733,,79466
T0580,C191,2024-01-01,S004,West,I087,Phone,Furniture,0,22956,500,-500
T0348,C130,01-03-2024,S002,North,I069,Laptop,Electronics,0,14507,,0
T0831,C121,2024-01-01,S001,East,I010,TV,electronics,-1,18180,,-18180
T0932,C068,2024-01-01,S002,North,I026,Laptop,Electronics,0,8424,500,-500
T0979,C022,2024-02-05,S004,South,I047,TV,Electronics,4,7507,0,30028
T0048,C180,2024-01-01,S003,West,I023,Table,electronics,2,40113,1000,79226
T0916,C036,01-03-2024,S001,East,I017,Chair,,-2,37533,500,-75566
T0073,C008,2024/01/02,S001,South,I026,Laptop,Electronics,-1,4320,,-4320
T0703,C014,2024-02-05,S001,North,I053,Chair,Electronics,2,11831,1000,22662
T0260,C130,01-03-2024,S002,North,I054,Laptop,electronics,3,11280,1000,32840
T0355,C092,2024/01/02,S002,West,I020,Laptop,Furniture,0,22654,,0
T0581,C197,2024-02-05,S003,South,I058,Chair,electronics,4,12594,,50376
T0601,C016,2024-02-05,S003,South,I033,Phone,,1,11585,0,11585
T0259,C153,2024/01/02,S001,West,I096,Table,Furniture,3,411,,1233
T0637,C148,2024/01/02,S003,East,I057,Phone,,1,27105,1000,26105
T0742,C071,01-03-2024,S002,South,I047,Phone,Electronics,2,26461,,52922
T0294,C148,2024-01-01,S003,West,I053,Laptop,,-2,38302,1000,-77604
T0930,C120,2024-01-01,S002,South,I017,Table,,1,15667,500,15167
T0640,C010,2024-01-01,S003,West,I002,Laptop,electronics,4,16080,500,63820
T0791,C165,2024-01-01,S004,North,I023,TV,Furniture,2,49653,1000,98306
T0312,C071,2024-01-01,S002,North,I000,Laptop,Electronics,-1,22038,500,-22538
T0611,C105,01-03-2024,S004,South,I005,Chair,Electronics,0,221,0,0
T0837,C124,2024-02-05,S002,South,I018,Laptop,Electronics,-2,33618,1000,-68236
T0808,C034,01-03-2024,S003,North,I085,TV,Furniture,4,49357,1000,196428
T0181,C118,01-03-2024,S004,East,I042,Laptop,Furniture,4,7034,,28136
T0685,C013,01-03-2024,S003,West,I007,TV,,-2,9351,0,-18702
T0827,C013,2024-02-05,S002,East,I068,Table,,-1,30345,,-30345
T0363,C009,01-03-2024,S004,East,I051,Laptop,Furniture,-2,12459,0,-24918
T0187,C139,01-03-2024,S001,East,I072,TV,Electronics,2,12955,0,25910
T0568,C037,2024-02-05,S003,North,I046,Table,Furniture,-2,17728,0,-35456
T0542,C107,01-03-2024,S002,South,I084,Chair,electronics,-2,24751,1000,-50502
T0595,C118,2024-01-01,S004,East,I027,Phone,Furniture,-2,23349,500,-47198
T0663,C033,2024/01/02,S003,North,I045,TV,Furniture,2,42069,500,83638
T0984,C168,01-03-2024,S004,West,I003,Chair,Electronics,3,36150,,108450
T0547,C009,2024/01/02,S003,South,I087,Table,,0,2375,,0
T0724,C121,01-03-2024,S003,West,I007,Chair,electronics,1,20292,500,19792
T0925,C144,01-03-2024,S003,East,I060,Laptop,electronics,3,865,500,2095
T0407,C144,2024-01-01,S004,South,I016,Phone,electronics,-2,35583,0,-71166
T0875,C194,2024-02-05,S004,East,I033,TV,Furniture,-1,17981,,-17981
T0617,C189,2024/01/02,S003,South,I019,Table,Electronics,4,45006,,180024
T0413,C114,2024-02-05,S001,East,I079,Phone,Furniture,-1,44792,,-44792
T0341,C000,2024-01-01,S001,West,I073,Table,,2,29601,,59202
T0219,C011,2024-01-01,S001,West,I033,Chair,Electronics,0,37934,500,-500
T0902,C102,2024/01/02,S002,East,I042,Table,electronics,-2,33357,500,-67214
T0162,C003,2024-02-05,S001,South,I009,Table,Furniture,2,27099,1000,53198
T0950,C169,2024-01-01,S004,West,I093,Chair,Electronics,1,39242,1000,38242
T0219,C140,01-03-2024,S001,South,I029,Chair,Furniture,0,34803,500,-500
T0269,C097,01-03-2024,S004,South,I024,Phone,Electronics,0,35617,0,0
T0631,C105,01-03-2024,S002,West,I056,TV,electronics,2,44356,500,88212
T0905,C084,2024-02-05,S004,North,I062,Chair,,3,11983,0,35949
T0847,C120,01-03-2024,S004,North,I070,Phone,,4,9395,,37580
T0399,C131,01-03-2024,S004,South,I046,Table,Furniture,-1,27957,1000,-28957
T0181,C081,2024-01-01,S001,West,I083,Table,electronics,3,40332,0,120996
T0990,C196,2024-01-01,S003,North,I080,Laptop,Furniture,0,29967,,0
T0617,C018,01-03-2024,S004,East,I002,Chair,Furniture,-1,45005,500,-45505
T0728,C129,01-03-2024,S001,South,I045,Phone,Electronics,0,6386,1000,-1000
T0204,C011,2024-01-01,S001,North,I035,Phone,Electronics,4,45863,500,182952
T0581,C080,2024/01/02,S001,West,I025,TV,Electronics,0,26390,,0
T0555,C073,2024-02-05,S003,West,I009,Phone,electronics,0,4249,,0
T0840,C097,2024-02-05,S003,South,I033,Chair,electronics,1,38716,500,38216
T0812,C005,2024-01-01,S003,West,I077,Phone,Furniture,-1,40524,,-40524
T0227,C135,2024-02-05,S003,East,I007,Laptop,Electronics,1,2445,,2445
T0695,C124,2024-01-01,S002,East,I054,Table,electronics,-1,22033,0,-22033
T0618,C050,2024-01-01,S003,North,I090,Table,Furniture,4,39548,500,157692
T0595,C010,2024-01-01,S003,West,I009,Phone,electronics,4,8870,500,34980
T0849,C190,2024-01-01,S003,East,I056,Phone,Furniture,1,18182,1000,17182
T0249,C184,2024/01/02,S004,South,I078,Phone,,1,45655,0,45655
T0874,C126,01-03-2024,S004,West,I085,Phone,Electronics,1,10963,0,10963
T0440,C139,01-03-2024,S003,North,I044,Laptop,,4,7084,,28336
T0532,C072,2024/01/02,S002,South,I049,Chair,Furniture,4,27603,1000,109412
T0195,C001,2024-02-05,S004,South,I063,Laptop,Furniture,2,38124,1000,75248
T0689,C007,2024-02-05,S001,South,I094,Laptop,Electronics,1,39419,0,39419
T0928,C138,01-03-2024,S004,East,I001,Laptop,Electronics,3,49530,1000,147590
T0986,C123,2024-02-05,S001,South,I044,Table,Furniture,3,1568,0,4704
T0518,C052,01-03-2024,S004,East,I094,Laptop,electronics,0,9232,1000,-1000
T0069,C009,01-03-2024,S003,South,I061,Phone,Electronics,-2,35186,0,-70372
T0638,C111,2024/01/02,S004,East,I013,Laptop,Furniture,1,37404,0,37404
T0398,C007,2024-02-05,S003,West,I073,Phone,Electronics,-2,38215,,-76430
T0977,C035,2024/01/02,S003,East,I093,Chair,Electronics,-2,14562,,-29124
T0671,C105,01-03-2024,S004,East,I099,Table,,0,46449,1000,-1000
T0759,C013,01-03-2024,S001,West,I014,Chair,,-2,22423,,-44846
T0202,C181,01-03-2024,S001,South,I013,Chair,electronics,4,18267,500,72568
T0147,C085,2024-01-01,S004,West,I030,Table,Electronics,-2,10167,500,-20834
T0471,C148,2024-01-01,S003,South,I028,Phone,Furniture,4,3326,1000,12304
T0654,C049,2024-01-01,S001,East,I026,Phone,Furniture,4,12020,0,48080
T0943,C166,2024/01/02,S002,South,I084,Phone,Electronics,3,25661,,76983
T0198,C019,01-03-2024,S003,East,I008,Table,Electronics,4,48140,1000,191560
T0916,C086,2024-02-05,S004,South,I019,Laptop,electronics,-2,35687,500,-71874
T0425,C134,2024/01/02,S003,East,I098,TV,electronics,-1,36838,0,-36838
T0665,C136,2024/01/02,S002,East,I057,Laptop,electronics,1,10358,,10358
T0491,C128,2024/01/02,S002,North,I078,Laptop,Furniture,1,49676,0,49676
T0887,C153,2024-02-05,S001,South,I087,Chair,,-2,31755,0,-63510
T0895,C165,01-03-2024,S002,South,I048,TV,electronics,0,34973,,0
T0141,C037,2024-01-01,S003,North,I056,Phone,Furniture,-1,18954,,-18954
T0312,C188,01-03-2024,S001,East,I015,Laptop,electronics,0,48775,500,-500
T0164,C043,01-03-2024,S002,East,I099,Table,Furniture,0,20278,500,-500
T0313,C085,2024/01/02,S001,North,I074,Laptop,Electronics,-2,19375,0,-38750
T0020,C043,2024/01/02,S001,North,I007,Phone,Furniture,2,9975,0,19950
T0081,C073,2024/01/02,S004,West,I066,Laptop,Electronics,-2,44233,500,-88966
T0580,C118,2024-01-01,S001,East,I018,Chair,Furniture,3,36015,500,107545
T0130,C189,2024-01-01,S001,West,I066,Chair,,2,12353,0,24706
T0598,C121,2024-01-01,S002,South,I035,Laptop,Furniture,4,28837,1000,114348
T0729,C133,01-03-2024,S003,West,I088,Chair,Electronics,-1,45970,1000,-46970
T0932,C144,2024/01/02,S003,North,I059,Table,,2,8001,1000,15002
T0983,C050,2024-02-05,S002,North,I035,TV,Furniture,-2,17658,,-35316
T0304,C037,01-03-2024,S003,North,I010,Laptop,Furniture,-2,19433,500,-39366
T0914,C151,2024-01-01,S001,North,I050,Table,electronics,0,10101,1000,-1000
T0370,C050,2024-02-05,S004,West,I079,Table,,-2,25112,1000,-51224
T0856,C009,2024-02-05,S001,West,I054,Table,Electronics,4,29561,500,117744
T0852,C119,2024/01/02,S001,West,I053,Phone,,3,31911,,95733
T0383,C199,2024-02-05,S004,North,I016,Laptop,Electronics,-2,33102,1000,-67204
T0907,C148,2024-01-01,S002,North,I061,Laptop,electronics,1,30510,,30510
T0444,C069,2024/01/02,S001,East,I041,Laptop,electronics,1,37638,,37638
T0424,C084,2024-02-05,S001,East,I023,TV,Electronics,0,37996,0,0
T0160,C056,2024/01/02,S002,North,I016,Table,Electronics,2,29698,500,58896
T0177,C125,2024-02-05,S001,East,I047,Laptop,Electronics,2,41027,0,82054
T0628,C038,01-03-2024,S001,South,I083,Chair,electronics,1,35342,1000,34342
T0707,C032,01-03-2024,S003,South,I085,Phone,,3,33094,0,99282
T0894,C186,2024-01-01,S002,North,I069,TV,electronics,-1,30548,500,-31048
T0489,C017,01-03-2024,S001,West,I006,Phone,Furniture,4,32430,,129720
T0326,C183,01-03-2024,S001,South,I013,Table,electronics,4,6260,,25040
T0597,C056,01-03-2024,S004,South,I010,Chair,Furniture,4,43670,1000,173680
T0288,C095,2024-02-05,S004,West,I011,Table,Furniture,3,26951,500,80353
T0592,C047,2024-02-05,S004,East,I004,Laptop,electronics,1,21285,,21285
T0663,C041,2024/01/02,S001,West,I004,Phone,electronics,4,10107,1000,39428
T0572,C026,2024-02-05,S001,East,I019,Chair,electronics,3,5457,500,15871
T0572,C073,01-03-2024,S004,East,I053,Phone,,-1,17894,500,-18394
T0353,C109,2024-02-05,S003,West,I054,TV,electronics,2,4864,0,9728
T0027,C179,2024-01-01,S003,East,I057,Chair,Electronics,1,14689,,14689
T0953,C169,2024/01/02,S003,South,I078,TV,electronics,-2,10137,500,-20774
T0042,C031,2024/01/02,S003,North,I089,Chair,Furniture,4,34205,,136820
T0680,C025,2024-02-05,S002,East,I096,Laptop,,-1,5520,,-5520
T0422,C024,01-03-2024,S004,South,I029,Phone,,-1,16601,500,-17101
T0597,C074,2024/01/02,S001,West,I023,Phone,Furniture,-1,34681,,-34681
T0176,C022,2024-01-01,S004,East,I086,Table,,2,9879,0,19758
T0528,C056,2024-01-01,S003,South,I072,Chair,,3,11544,1000,33632
T0609,C179,2024/01/02,S001,East,I002,Chair,Electronics,0,25218,1000,-1000
T0965,C125,01-03-2024,S002,West,I099,TV,Electronics,4,35242,500,140468
T0493,C086,01-03-2024,S004,North,I047,Chair,,-2,1626,0,-3252
T0197,C030,2024-02-05,S001,East,I070,Phone,electronics,4,44627,1000,177508
T0609,C063,2024-02-05,S001,North,I021,Chair,,1,7187,0,7187
T0576,C198,2024/01/02,S003,East,I013,Table,Electronics,3,8893,500,26179
T0841,C032,2024-02-05,S003,East,I047,Table,,-1,36482,0,-36482
T0852,C001,2024-02-05,S004,West,I028,Phone,electronics,4,2249,500,8496
T0516,C017,2024-02-05,S002,East,I049,Phone,electronics,2,19785,1000,38570
T0513,C174,2024-01-01,S001,South,I079,Phone,Electronics,-1,41447,1000,-42447
T0021,C160,2024-02-05,S003,South,I097,Chair,,3,26278,1000,77834
T0111,C083,2024/01/02,S004,North,I009,Chair,Electronics,1,14115,1000,13115
T0056,C034,01-03-2024,S003,North,I070,Laptop,Furniture,-2,19766,,-39532
T0065,C178,2024-02-05,S004,South,I088,TV,Electronics,-1,2796,0,-2796
T0841,C113,01-03-2024,S003,North,I026,Chair,Electronics,4,32273,0,129092
T0097,C145,2024-02-05,S002,North,I078,Laptop,Electronics,4,12726,0,50904
T0143,C109,2024/01/02,S001,South,I095,Laptop,,2,47387,500,94274
T0879,C087,2024-01-01,S003,South,I027,Table,Furniture,2,15414,1000,29828
T0434,C071,2024/01/02,S001,South,I008,Chair,,0,44893,1000,-1000
T0636,C124,2024-01-01,S004,West,I070,Laptop,electronics,2,34173,,68346
T0678,C029,2024-02-05,S002,West,I079,Table,Furniture,0,31391,,0
T0085,C171,2024-02-05,S001,South,I025,TV,Electronics,-2,46307,1000,-93614
T0587,C052,2024-01-01,S003,East,I098,Table,Electronics,1,33584,0,33584
T0343,C137,2024/01/02,S001,South,I080,TV,Electronics,0,22329,0,0
T0935,C086,2024/01/02,S001,West,I086,Phone,,-1,5858,1000,-6858
T0293,C179,2024-01-01,S004,North,I007,Phone,electronics,3,32351,500,96553
T0955,C176,2024-02-05,S002,East,I001,Table,Furniture,4,31933,0,127732
T0570,C138,2024-01-01,S002,East,I094,Phone,Furniture,-1,11283,1000,-12283
T0649,C193,2024-02-05,S001,North,I056,Chair,,4,41373,1000,164492
T0610,C185,2024-01-01,S001,East,I051,Table,electronics,1,35148,,35148
T0703,C163,2024-02-05,S004,North,I057,Laptop,Furniture,2,15180,,30360
T0242,C160,2024-01-01,S001,West,I095,Chair,,3,9179,1000,26537
T0830,C174,01-03-2024,S004,East,I092,Table,electronics,-1,20826,500,-21326
T0560,C012,2024-02-05,S002,East,I002,TV,electronics,3,18406,1000,54218
T0959,C039,2024/01/02,S002,North,I007,Phone,Furniture,0,6378,0,0
T0031,C088,2024-01-01,S004,North,I058,Phone,Furniture,1,36897,500,36397
T0390,C067,2024/01/02,S001,West,I001,Phone,electronics,-1,3163,500,-3663
T0276,C041,2024-01-01,S002,North,I094,Table,Furniture,2,46181,,92362
T0531,C146,2024/01/02,S003,North,I061,Chair,,3,41220,1000,122660
T0153,C093,2024/01/02,S004,West,I048,TV,electronics,2,43247,,86494
T0382,C018,2024-01-01,S002,South,I019,Phone,Furniture,3,43411,0,130233
T0067,C185,2024-01-01,S002,South,I028,Chair,Furniture,-1,3992,,-3992
T0877,C022,2024/01/02,S002,North,I016,Laptop,,1,18221,0,18221
T0883,C053,2024/01/02,S003,West,I073,Laptop,Furniture,-2,20704,1000,-42408
T0213,C064,2024/01/02,S003,South,I021,TV,Furniture,-1,26584,1000,-27584
T0654,C139,2024-02-05,S003,West,I005,Phone,Furniture,2,42430,,84860
T0375,C023,2024-02-05,S001,North,I061,Laptop,Electronics,-2,36263,,-72526
T0743,C033,01-03-2024,S004,North,I097,Chair,,1,49227,,49227
T0212,C052,2024-02-05,S001,West,I030,Chair,,2,35322,0,70644
T0078,C135,2024-02-05,S003,East,I061,Laptop,Electronics,1,15928,500,15428
T0725,C017,2024-01-01,S004,North,I011,Phone,,3,5057,500,14671
T0627,C056,01-03-2024,S001,North,I011,TV,Furniture,-1,18771,,-18771
T0603,C111,01-03-2024,S001,North,I062,Phone,Furniture,1,39160,,39160
T0781,C004,2024-02-05,S001,North,I015,Table,Furniture,2,31403,1000,61806
T0922,C153,2024-01-01,S003,West,I024,Laptop,,-1,8796,,-8796
T0380,C157,2024-01-01,S002,West,I021,Table,,4,44827,1000,178308
T0679,C181,01-03-2024,S004,West,I090,Laptop,electronics,2,12912,0,25824
T0057,C012,2024-01-01,S003,West,I087,TV,Electronics,2,9695,0,19390
T0795,C082,2024/01/02,S004,East,I075,Phone,,4,10059,0,40236
T0025,C028,2024-02-05,S003,West,I017,Phone,electronics,4,15483,0,61932
T0880,C002,2024/01/02,S001,West,I044,Laptop,Electronics,-2,8992,,-17984
T0446,C089,01-03-2024,S001,North,I079,Chair,Electronics,0,27880,,0
T0065,C103,01-03-2024,S002,East,I067,Table,Furniture,1,28821,1000,27821
T0920,C122,2024-01-01,S002,North,I011,Phone,Furniture,1,19489,,19489
T0759,C185,2024-01-01,S004,East,I048,Phone,electronics,-2,45181,1000,-91362
T0253,C075,01-03-2024,S002,South,I032,Laptop,electronics,3,31469,0,94407
T0898,C129,01-03-2024,S002,East,I085,Chair,Furniture,1,32878,1000,31878
T0967,C107,2024/01/02,S004,East,I062,Table,Furniture,4,13195,1000,51780
T0043,C155,2024/01/02,S003,North,I017,Chair,Electronics,-2,5321,,-10642
T0096,C081,2024-01-01,S002,East,I053,Chair,Electronics,1,26734,0,26734
T0553,C076,2024/01/02,S003,East,I096,Laptop,,1,48339,500,47839
T0226,C001,2024-01-01,S001,North,I026,Chair,Furniture,2,3777,,7554
T0773,C126,2024-01-01,S002,South,I082,Table,Electronics,-2,43879,,-87758
T0678,C134,2024-02-05,S001,South,I077,TV,electronics,4,47973,500,191392
T0435,C025,2024-01-01,S001,South,I024,TV,Electronics,3,25648,0,76944
T0790,C087,2024/01/02,S003,East,I033,Table,Furniture,1,7434,500,6934
T0600,C015,01-03-2024,S004,North,I087,Laptop,Electronics,3,44852,1000,133556
T0378,C150,01-03-2024,S002,South,I059,Phone,Furniture,0,38032,500,-500
T0177,C167,2024/01/02,S003,South,I053,Laptop,Electronics,-2,9133,0,-18266
T0426,C187,01-03-2024,S004,South,I086,Table,,-2,47757,0,-95514
T0914,C072,2024-01-01,S001,South,I004,Chair,,-2,384,500,-1268
T0708,C031,01-03-2024,S002,North,I035,TV,electronics,4,39411,,157644
T0306,C014,2024/01/02,S001,South,I053,Chair,electronics,4,38438,500,153252
T0778,C140,01-03-2024,S001,East,I087,Laptop,Furniture,2,22215,1000,43430
T0503,C004,2024-01-01,S002,East,I035,Table,Furniture,-2,18919,500,-38338
T0267,C073,2024-01-01,S004,North,I068,TV,Furniture,2,40391,500,80282
T0585,C051,2024/01/02,S004,West,I038,Table,Electronics,4,43891,500,175064
T0007,C076,2024/01/02,S002,South,I069,TV,Electronics,0,12812,1000,-1000
T0919,C168,2024/01/02,S002,South,I099,TV,Electronics,-1,33897,500,-34397
T0507,C180,2024-02-05,S003,East,I003,TV,electronics,2,32397,,64794
T0475,C109,2024-02-05,S003,North,I073,Laptop,Furniture,1,30691,1000,29691
T0296,C177,2024-01-01,S001,West,I064,Table,Electronics,-2,23068,,-46136
T0163,C142,2024-02-05,S002,East,I084,Phone,electronics,-1,24575,1000,-25575
T0484,C105,2024-02-05,S004,West,I039,Phone,,2,19450,0,38900
T0596,C126,01-03-2024,S001,North,I036,Phone,Furniture,3,31584,0,94752
T0071,C006,2024-02-05,S001,North,I066,Table,,4,7855,1000,30420
T0566,C039,01-03-2024,S001,North,I030,Chair,electronics,3,33421,1000,99263
T0904,C155,2024/01/02,S001,East,I090,Table,Furniture,1,16751,1000,15751
T0558,C159,01-03-2024,S004,North,I080,TV,Electronics,-1,14303,0,-14303
T0910,C098,01-03-2024,S001,East,I086,Chair,electronics,0,23619,1000,-1000
T0943,C142,2024/01/02,S002,East,I076,TV,,2,1340,0,2680
T0237,C084,2024/01/02,S003,South,I046,TV,,3,4259,0,12777
T0103,C197,2024-01-01,S004,East,I026,Table,,3,18973,1000,55919
T0209,C064,2024-01-01,S002,East,I050,Phone,electronics,2,10880,1000,20760
T0553,C131,2024-01-01,S002,South,I019,Chair,electronics,3,8761,1000,25283
T0827,C010,2024-01-01,S002,West,I012,Laptop,Furniture,0,36155,0,0
T0467,C107,01-03-2024,S003,South,I062,Phone,Furniture,3,28612,500,85336
T0453,C025,01-03-2024,S003,South,I043,Laptop,,2,18503,1000,36006
T0267,C188,2024-01-01,S003,North,I023,Table,electronics,-2,43083,500,-86666
T0385,C164,2024-02-05,S002,North,I002,Chair,Furniture,3,42649,500,127447
T0774,C150,2024-01-01,S003,South,I009,Table,electronics,2,29649,500,58798
T0847,C084,2024-02-05,S001,North,I064,Laptop,Electronics,-2,48819,,-97638
T0386,C167,2024/01/02,S003,South,I048,TV,electronics,3,5413,500,15739
T0876,C150,01-03-2024,S004,North,I057,Table,,3,47915,500,143245
T0258,C122,01-03-2024,S002,East,I076,Chair,electronics,2,10352,0,20704
T0282,C143,2024-02-05,S002,North,I077,Table,,1,4417,,4417
T0625,C188,2024-01-01,S001,North,I096,Phone,Furniture,1,42479,0,42479
T0874,C067,01-03-2024,S003,East,I001,Table,Furniture,-1,25556,0,-25556
T0039,C103,2024-02-05,S003,South,I065,Laptop,Furniture,1,33706,500,33206
T0485,C079,2024/01/02,S004,North,I030,Table,Electronics,0,8561,0,0
T0928,C158,2024/01/02,S001,North,I067,Chair,,-1,28045,1000,-29045
T0219,C052,01-03-2024,S004,East,I097,Table,Electronics,1,46790,500,46290
T0128,C105,2024-01-01,S004,East,I082,Table,Electronics,-2,4927,1000,-10854
T0519,C152,2024-02-05,S002,East,I036,Chair,Furniture,4,23471,500,93384
T0612,C043,01-03-2024,S002,West,I072,Table,,2,13003,500,25506
T0927,C139,2024/01/02,S003,East,I023,Chair,electronics,1,19987,500,19487
T0891,C089,2024-01-01,S003,South,I076,Laptop,electronics,-2,28636,,-57272
T0687,C100,2024-02-05,S004,North,I043,Chair,,4,30203,500,120312
T0618,C096,01-03-2024,S003,North,I093,Laptop,electronics,-1,14500,1000,-15500
T0612,C008,2024-02-05,S004,West,I082,Laptop,Furniture,2,34943,500,69386
T0259,C011,2024-01-01,S003,North,I040,Chair,Furniture,1,49147,500,48647
T0989,C068,2024-01-01,S003,North,I073,Table,Electronics,-1,14290,0,-14290
T0965,C181,2024/01/02,S002,South,I050,Phone,Furniture,1,18768,500,18268
T0365,C181,2024-01-01,S002,North,I041,Chair,electronics,-1,31969,500,-32469
T0757,C027,01-03-2024,S002,South,I077,Table,Electronics,1,47952,500,47452
T0786,C055,2024-02-05,S002,West,I039,Laptop,,4,45401,500,181104
T0543,C098,2024-01-01,S001,South,I047,TV,,-2,47591,500,-95682
T0648,C196,2024-01-01,S002,East,I083,Phone,Electronics,0,48132,500,-500
T0523,C109,01-03-2024,S001,East,I003,Table,Furniture,4,49114,,196456
T0906,C076,2024-02-05,S002,West,I059,Phone,Electronics,-2,47469,1000,-95938
T0813,C102,2024-02-05,S003,North,I038,TV,Electronics,2,9095,,18190
T0886,C105,2024/01/02,S004,South,I004,TV,Furniture,1,47431,1000,46431
T0015,C108,2024/01/02,S003,East,I095,TV,,0,29011,,0
T0128,C111,2024-02-05,S003,South,I005,Chair,Electronics,4,44802,500,178708
T0574,C057,01-03-2024,S001,East,I013,Phone,,0,45543,,0
T0108,C077,01-03-2024,S002,South,I069,Chair,electronics,2,6621,1000,12242
T0886,C074,2024/01/02,S004,North,I077,TV,Furniture,2,39223,0,78446
T0532,C041,2024-01-01,S004,West,I011,Table,electronics,0,31614,0,0
T0669,C165,01-03-2024,S002,North,I061,TV,,2,37639,500,74778
T0268,C067,2024-01-01,S001,South,I026,Chair,electronics,2,35564,500,70628
T0161,C180,01-03-2024,S001,East,I053,TV,electronics,1,45326,1000,44326
T0259,C032,2024-02-05,S001,East,I089,TV,electronics,-2,46331,0,-92662
T0923,C070,2024/01/02,S004,West,I011,Chair,Electronics,3,5896,500,17188
T0101,C055,2024-01-01,S001,North,I007,Chair,Electronics,-1,33676,,-33676
T0505,C104,2024-01-01,S001,North,I073,Table,Furniture,0,43211,,0
T0734,C199,2024-02-05,S004,North,I015,Chair,,-1,3393,0,-3393
T0570,C100,01-03-2024,S004,East,I051,Table,,0,42365,1000,-1000
T0246,C050,2024-01-01,S003,West,I025,Laptop,Furniture,0,3559,500,-500
T0639,C073,01-03-2024,S004,East,I007,Laptop,,-2,18903,500,-38306
T0794,C170,2024-02-05,S002,North,I044,Chair,,4,4324,500,16796
T0836,C120,2024/01/02,S004,South,I092,TV,electronics,4,7671,0,30684
T0536,C142,2024-01-01,S004,East,I083,Phone,electronics,0,22847,,0
T0130,C165,01-03-2024,S001,West,I080,TV,,0,25872,1000,-1000
T0352,C142,2024-01-01,S003,North,I018,Chair,Furniture,-2,14271,0,-28542
T0195,C004,01-03-2024,S001,South,I016,Table,Furniture,2,48191,0,96382
T0792,C082,01-03-2024,S003,East,I064,TV,,4,39619,500,157976
T0915,C181,01-03-2024,S001,South,I028,Laptop,Furniture,3,9817,,29451
T0929,C050,2024-02-05,S002,South,I013,Chair,Furniture,-1,15511,1000,-16511
T0665,C009,2024/01/02,S001,West,I016,TV,electronics,0,6337,1000,-1000
T0381,C139,2024-01-01,S001,East,I012,TV,Furniture,-2,42659,500,-85818
T0644,C003,2024/01/02,S002,West,I092,Table,Electronics,0,9336,1000,-1000
T0226,C094,01-03-2024,S002,North,I097,Table,electronics,4,43213,,172852
T0700,C145,01-03-2024,S004,South,I090,Table,Electronics,-2,47027,500,-94554
T0475,C079,2024/01/02,S001,West,I062,Phone,,-1,38187,500,-38687
T0476,C035,2024/01/02,S002,West,I032,Chair,Furniture,1,18351,,18351
T0264,C024,2024-01-01,S002,North,I028,Chair,Electronics,4,34243,1000,135972
T0371,C097,01-03-2024,S004,East,I036,Laptop,Furniture,2,40998,,81996
T0485,C163,2024/01/02,S003,West,I082,Laptop,Electronics,1,21885,1000,20885
T0433,C100,2024-02-05,S002,South,I045,Chair,electronics,-2,25287,1000,-51574
T0645,C194,01-03-2024,S002,South,I023,TV,,0,39860,1000,-1000
T0210,C008,01-03-2024,S001,South,I013,Chair,Electronics,2,13950,,27900
T0571,C060,2024-01-01,S004,South,I004,Phone,electronics,4,19800,,79200
T0939,C052,2024-02-05,S001,West,I052,Laptop,,-1,46103,0,-46103
T0376,C145,2024-01-01,S003,South,I087,Laptop,Electronics,4,18082,,72328
T0394,C170,2024-02-05,S004,West,I097,Laptop,Electronics,3,5049,500,14647
T0449,C162,2024-01-01,S001,East,I094,Chair,electronics,2,30681,500,60862
T0942,C062,2024-02-05,S002,South,I029,Laptop,,0,6672,500,-500
T0363,C120,2024-02-05,S002,East,I059,Laptop,,1,26653,500,26153
T0875,C104,2024-02-05,S004,West,I072,Chair,electronics,-2,29833,0,-59666
T0456,C003,2024/01/02,S002,North,I090,TV,Furniture,1,46598,,46598
T0724,C092,01-03-2024,S001,East,I027,Laptop,electronics,4,12689,,50756
T0727,C168,2024-02-05,S004,South,I025,Laptop,,2,49890,1000,98780
T0225,C172,2024/01/02,S002,North,I017,Laptop,electronics,3,37034,,111102
T0981,C177,2024/01/02,S002,East,I035,Phone,Furniture,0,10214,1000,-1000
T0130,C027,2024-01-01,S003,West,I007,Chair,electronics,-2,745,1000,-2490
T0587,C169,01-03-2024,S003,West,I017,Laptop,electronics,0,5984,500,-500
T0475,C079,01-03-2024,S004,West,I083,Phone,Electronics,0,23152,0,0
T0797,C075,2024-01-01,S003,East,I057,TV,Furniture,3,12561,0,37683
T0985,C115,01-03-2024,S001,West,I031,TV,,2,26674,,53348
T0276,C068,2024-01-01,S002,East,I092,Phone,Furniture,1,16573,1000,15573
T0155,C097,2024/01/02,S002,South,I048,TV,,0,47571,500,-500
T0759,C000,2024/01/02,S002,South,I047,Table,,4,48004,1000,191016
T0217,C166,2024-02-05,S004,East,I081,TV,Electronics,4,44338,500,176852
T0189,C095,2024-01-01,S004,East,I070,Table,Furniture,0,15521,1000,-1000
T0416,C016,2024/01/02,S003,North,I064,Phone,Electronics,0,33418,,0
T0980,C111,2024/01/02,S002,West,I091,Table,electronics,-2,5324,,-10648
T0674,C090,2024-01-01,S002,South,I032,TV,Furniture,0,46418,1000,-1000
T0691,C087,2024/01/02,S002,South,I049,Laptop,electronics,4,38449,0,153796
T0545,C162,01-03-2024,S002,North,I003,Table,Furniture,0,9535,500,-500
T0040,C173,2024/01/02,S002,East,I083,TV,,2,3579,0,7158
T0306,C169,2024-01-01,S001,East,I035,Laptop,electronics,4,9237,0,36948
T0942,C166,01-03-2024,S002,North,I094,Phone,Furniture,0,26628,1000,-1000
T0337,C089,01-03-2024,S001,West,I027,Phone,Furniture,3,38959,500,116377
T0313,C048,2024/01/02,S002,East,I002,Chair,electronics,3,35501,500,106003
T0074,C189,2024-02-05,S004,East,I005,Phone,Electronics,4,39658,,158632
T0952,C037,01-03-2024,S004,West,I044,Chair,Furniture,0,3601,1000,-1000
T0278,C150,2024-01-01,S001,West,I022,Phone,Electronics,3,989,1000,1967
T0175,C149,2024-02-05,S002,North,I006,Phone,Electronics,2,8865,1000,16730
T0895,C131,2024-02-05,S004,North,I060,Phone,Electronics,-2,14297,,-28594
T0661,C176,01-03-2024,S004,North,I099,Chair,Electronics,3,37028,,111084
T0272,C058,2024/01/02,S002,East,I064,Chair,Electronics,4,43024,500,171596
T0836,C067,2024-02-05,S002,North,I005,Table,,3,36919,,110757
T0619,C198,2024/01/02,S004,East,I023,TV,Electronics,1,49095,1000,48095
T0650,C129,01-03-2024,S002,South,I036,TV,,2,6297,1000,11594
T0861,C048,2024-01-01,S003,West,I044,TV,Furniture,3,13632,0,40896
T0782,C125,2024-02-05,S002,West,I050,Phone,,-2,2383,,-4766
T0858,C158,2024-01-01,S004,South,I099,TV,,1,37852,1000,36852
T0930,C110,2024/01/02,S004,North,I087,Chair,Electronics,4,17095,1000,67380
T0288,C167,2024/01/02,S001,East,I044,Table,Furniture,4,31823,500,126792
T0723,C047,2024-01-01,S003,East,I062,Laptop,Furniture,0,46282,,0
T0892,C050,01-03-2024,S004,East,I028,Table,Furniture,2,39705,1000,78410
T0271,C042,01-03-2024,S003,West,I095,TV,electronics,3,23590,500,70270
T0929,C097,2024-02-05,S002,North,I024,TV,,0,46600,0,0
T0065,C182,2024-02-05,S004,East,I009,Chair,Electronics,2,40143,0,80286
T0482,C176,01-03-2024,S001,East,I034,Table,electronics,4,8815,500,34760
T0935,C123,01-03-2024,S004,East,I054,Chair,Electronics,1,36445,,36445
T0247,C079,2024-01-01,S001,South,I024,Chair,electronics,3,14839,1000,43517
T0155,C184,2024/01/02,S003,East,I090,Laptop,Furniture,4,22970,,91880
T0046,C110,2024/01/02,S001,South,I044,Chair,electronics,-2,32441,500,-65382
T0934,C142,2024-02-05,S002,East,I095,Chair,Furniture,2,29571,1000,58142
T0453,C026,01-03-2024,S002,East,I011,Laptop,electronics,4,11690,1000,45760
T0200,C195,2024-01-01,S002,East,I003,Phone,Electronics,4,18745,1000,73980
T0659,C191,2024-02-05,S004,South,I089,Phone,Electronics,-2,1123,,-2246
T0123,C157,2024-01-01,S002,East,I066,Laptop,electronics,0,26255,,0
T0000,C163,01-03-2024,S002,North,I016,Chair,,4,24997,500,99488
T0967,C194,01-03-2024,S004,East,I072,TV,,0,15537,0,0
T0758,C112,01-03-2024,S003,South,I092,Table,electronics,1,11418,500,10918
T0854,C085,2024/01/02,S002,South,I064,TV,,1,43891,1000,42891
T0639,C113,01-03-2024,S002,North,I081,TV,Electronics,-1,31675,500,-32175
T0190,C123,2024-02-05,S004,West,I052,Chair,,-1,48298,0,-48298
T0578,C048,2024/01/02,S003,North,I083,Table,electronics,1,40103,500,39603
T0515,C075,2024-01-01,S003,North,I056,Table,,3,10719,0,32157
T0441,C054,2024-02-05,S003,South,I097,Phone,electronics,0,20241,0,0
T0920,C055,2024-02-05,S004,East,I027,Laptop,Electronics,-2,40936,1000,-82872
T0814,C195,2024-01-01,S001,East,I098,Chair,Furniture,4,1384,0,5536
T0805,C094,2024/01/02,S001,West,I015,Table,Electronics,4,28194,,112776
T0142,C043,2024-02-05,S002,West,I020,Chair,Electronics,1,14566,500,14066
T0190,C158,2024-02-05,S002,West,I076,Phone,electronics,3,38221,500,114163
T0532,C185,2024-02-05,S002,West,I098,TV,Electronics,-2,1003,,-2006
T0226,C086,2024/01/02,S001,North,I041,Table,Electronics,-1,42237,,-42237
T0312,C180,2024/01/02,S004,North,I053,Phone,,-2,41389,1000,-83778
T0628,C083,2024/01/02,S002,East,I031,Chair,electronics,1,42949,500,42449
T0948,C150,2024-02-05,S004,North,I037,Phone,,0,16465,,0
T0301,C155,01-03-2024,S002,East,I069,Phone,electronics,1,22494,1000,21494
T0653,C015,2024-01-01,S004,East,I037,Phone,,4,16071,500,63784
T0995,C164,01-03-2024,S004,East,I053,Phone,,4,42927,500,171208
T0459,C148,2024/01/02,S001,East,I059,Phone,Furniture,2,43575,,87150
T0400,C144,2024-02-05,S004,South,I076,Phone,Electronics,3,31459,0,94377
T0550,C036,2024-02-05,S003,East,I076,Laptop,,3,33280,0,99840
T0392,C076,01-03-2024,S001,North,I046,Chair,Furniture,3,6739,,20217
T0866,C146,01-03-2024,S002,North,I011,TV,,2,30312,0,60624
T0763,C157,2024-01-01,S001,North,I052,Chair,,2,36701,500,72902
T0844,C044,2024-02-05,S003,North,I032,Table,Furniture,0,19070,1000,-1000
T0206,C145,01-03-2024,S003,South,I027,Table,Furniture,3,31456,1000,93368
T0209,C061,2024-01-01,S004,West,I002,Chair,Furniture,1,22055,,22055
T0114,C163,2024/01/02,S003,West,I081,Phone,Electronics,2,26240,1000,51480
T0736,C099,01-03-2024,S003,East,I025,Laptop,Electronics,1,45670,,45670
T0645,C051,2024/01/02,S003,East,I053,TV,,-1,39425,0,-39425
T0250,C018,2024-01-01,S003,North,I039,Phone,Electronics,3,10567,500,31201
T0218,C108,2024/01/02,S002,North,I065,Chair,Furniture,2,12132,0,24264
T0406,C043,2024-02-05,S002,West,I067,Chair,electronics,2,15226,,30452
T0442,C006,2024-02-05,S001,West,I091,Laptop,Electronics,0,2982,500,-500
T0602,C171,2024/01/02,S004,North,I091,Laptop,Furniture,1,44803,500,44303
T0353,C116,2024-02-05,S002,East,I088,Chair,Furniture,0,35387,500,-500
T0887,C067,2024-01-01,S003,South,I089,Phone,Furniture,0,12905,0,0
T0557,C033,2024-02-05,S004,South,I046,Phone,Furniture,1,4500,500,4000
T0549,C193,2024/01/02,S002,West,I001,Phone,,-1,41714,0,-41714
T0141,C068,2024/01/02,S001,West,I041,TV,Furniture,1,26653,0,26653
T0611,C054,2024/01/02,S003,West,I033,TV,Furniture,-1,16664,500,-17164
T0500,C009,01-03-2024,S004,South,I093,Phone,,0,20609,,0
T0839,C041,2024/01/02,S002,South,I020,Chair,Electronics,-1,35887,500,-36387
T0701,C040,2024-01-01,S004,North,I043,Laptop,electronics,3,864,500,2092
T0546,C196,2024-02-05,S002,East,I086,Table,,-1,20619,0,-20619
T0658,C121,2024-02-05,S001,West,I096,Laptop,,-1,10658,500,-11158
T0541,C137,01-03-2024,S003,North,I001,Laptop,Electronics,2,16275,,32550
T0845,C009,01-03-2024,S001,South,I090,Table,Electronics,2,27047,500,53594
T0506,C101,2024-01-01,S003,North,I058,Phone,Furniture,4,14314,,57256
T0595,C187,2024/01/02,S003,South,I085,Laptop,Electronics,0,21522,1000,-1000
T0880,C127,01-03-2024,S004,East,I097,Table,electronics,1,6899,1000,5899
T0280,C178,2024-02-05,S002,South,I015,Chair,,-1,32121,1000,-33121
T0423,C148,01-03-2024,S001,North,I019,Chair,electronics,3,14609,500,43327
T0855,C135,01-03-2024,S001,East,I025,Chair,Furniture,2,10074,0,20148
T0269,C192,2024/01/02,S001,South,I015,Phone,electronics,1,29456,,29456
T0153,C091,01-03-2024,S004,West,I069,Laptop,Furniture,3,18940,1000,55820
T0613,C112,2024-01-01,S004,South,I022,Laptop,electronics,-1,38549,,-38549
T0726,C077,2024-02-05,S004,East,I041,TV,,1,7097,0,7097
T0661,C084,2024/01/02,S003,North,I036,Chair,electronics,4,9474,,37896
T0943,C029,2024-02-05,S001,East,I071,Phone,Electronics,3,37000,,111000
T0082,C048,2024-01-01,S003,North,I005,Table,electronics,-2,2553,1000,-6106
T0621,C008,2024-01-01,S001,South,I036,Phone,,3,638,,1914
T0946,C144,01-03-2024,S001,South,I021,Laptop,Furniture,3,10715,1000,31145
T0898,C068,01-03-2024,S002,East,I005,Chair,electronics,-1,30693,0,-30693
T0425,C057,01-03-2024,S001,West,I031,TV,electronics,1,2403,1000,1403
T0274,C184,2024-02-05,S004,South,I016,Phone,Electronics,-1,49500,,-49500
T0712,C061,2024-01-01,S004,West,I037,TV,Furniture,-1,18656,0,-18656
T0283,C051,2024/01/02,S004,West,I016,Laptop,Furniture,-2,34203,500,-68906
T0979,C188,01-03-2024,S002,East,I036,Table,Furniture,4,35127,500,140008
T0172,C039,2024-02-05,S002,South,I022,Phone,,3,6715,0,20145
T0326,C165,01-03-2024,S003,West,I048,Laptop,,1,31568,0,31568
T0717,C170,2024-01-01,S001,South,I060,Chair,Electronics,4,8791,,35164
T0062,C062,2024/01/02,S001,North,I048,Phone,electronics,0,33678,500,-500
T0072,C146,2024-01-01,S004,West,I060,TV,,2,23832,0,47664
T0762,C049,2024-02-05,S004,East,I076,Phone,Furniture,4,24040,500,95660
T0635,C160,01-03-2024,S004,East,I031,Laptop,electronics,-1,36581,500,-37081
T0374,C140,2024-01-01,S004,West,I085,Laptop,electronics,-1,3804,,-3804
T0632,C077,2024-02-05,S004,South,I062,TV,electronics,-1,34078,0,-34078
T0507,C096,01-03-2024,S004,North,I006,Laptop,Electronics,-1,14311,1000,-15311
T0786,C189,2024/01/02,S001,North,I021,Phone,,2,48966,0,97932
T0942,C042,2024-01-01,S002,East,I084,TV,,0,36613,500,-500
T0397,C176,01-03-2024,S004,East,I005,Laptop,electronics,-2,10278,1000,-21556
T0119,C035,01-03-2024,S001,South,I060,Laptop,Electronics,0,24275,1000,-1000
T0933,C121,01-03-2024,S004,East,I013,Phone,Electronics,2,17975,500,35450
T0436,C107,01-03-2024,S003,South,I015,Laptop,,1,15916,1000,14916
T0828,C009,2024-01-01,S003,West,I002,Phone,,-2,32541,1000,-66082
T0675,C094,01-03-2024,S001,North,I008,Chair,Electronics,-2,28946,0,-57892
T0935,C005,2024-02-05,S002,West,I046,Phone,Furniture,1,15720,500,15220
T0464,C056,2024-01-01,S003,East,I084,Table,Electronics,3,22944,,68832
T0285,C128,01-03-2024,S003,North,I093,Laptop,Furniture,-1,31689,1000,-32689
T0264,C070,2024-01-01,S002,North,I093,Chair,,2,46086,500,91672
T0319,C185,2024-02-05,S003,West,I041,TV,Electronics,1,6210,0,6210
T0672,C020,2024-02-05,S004,South,I041,Table,Electronics,0,29040,0,0
T0375,C091,2024-01-01,S002,North,I095,TV,Electronics,0,34685,0,0
T0819,C126,01-03-2024,S003,South,I022,Table,Electronics,3,6713,1000,19139
T0088,C079,01-03-2024,S002,West,I002,Chair,electronics,1,37187,,37187
T0653,C055,2024-02-05,S004,West,I000,Chair,electronics,2,7331,0,14662
T0202,C115,01-03-2024,S003,South,I066,Chair,,3,11314,,33942
T0820,C147,2024-02-05,S001,West,I070,Table,,3,2977,500,8431
T0738,C181,01-03-2024,S003,North,I002,Phone,Electronics,3,32307,0,96921
T0954,C024,2024-02-05,S003,West,I099,TV,electronics,-2,36955,1000,-74910
T0333,C155,2024/01/02,S004,West,I048,Phone,,-2,1247,0,-2494
T0221,C004,01-03-2024,S001,North,I066,Phone,Furniture,-1,48809,1000,-49809
T0040,C119,01-03-2024,S001,South,I054,Laptop,electronics,2,49489,500,98478
T0707,C020,01-03-2024,S001,West,I003,TV,electronics,0,7709,,0
T0067,C017,2024-01-01,S004,South,I030,Table,electronics,0,9837,,0
T0987,C174,01-03-2024,S004,North,I065,Laptop,Electronics,-1,36851,,-36851
T0775,C197,2024-01-01,S004,South,I077,Laptop,Furniture,0,45423,0,0
T0513,C056,2024-01-01,S004,South,I063,Chair,Electronics,3,41002,0,123006
T0872,C092,2024-02-05,S004,East,I030,Table,,-1,5706,500,-6206
T0636,C018,2024-01-01,S001,East,I062,Phone,Furniture,-1,44786,,-44786
T0621,C127,2024-01-01,S002,West,I065,Phone,Electronics,1,48681,500,48181
T0597,C096,2024/01/02,S004,East,I030,Phone,electronics,-2,44961,1000,-90922
T0936,C192,01-03-2024,S002,East,I046,Chair,Furniture,2,49974,0,99948
T0631,C130,2024-01-01,S003,East,I021,Phone,electronics,2,1195,,2390
T0126,C169,01-03-2024,S003,South,I073,TV,,-2,20311,0,-40622
T0254,C020,2024-01-01,S004,South,I093,Phone,Furniture,3,20769,,62307
T0694,C039,2024-02-05,S003,East,I096,Phone,,2,17479,,34958
T0015,C066,2024/01/02,S002,North,I082,TV,,0,22165,0,0
T0476,C152,2024-01-01,S003,East,I045,Chair,,0,48944,0,0
T0061,C126,01-03-2024,S003,North,I088,Laptop,Furniture,2,37529,500,74558
T0880,C054,2024-02-05,S002,South,I057,Table,,4,16281,0,65124
T0431,C179,01-03-2024,S003,North,I060,Chair,Electronics,4,19267,0,77068
T0669,C171,2024-02-05,S004,South,I045,Phone,Electronics,1,10187,0,10187
T0267,C108,2024/01/02,S002,North,I000,Laptop,,2,5782,1000,10564
T0034,C097,2024-02-05,S002,South,I095,Table,electronics,-1,38829,1000,-39829
T0778,C183,01-03-2024,S001,South,I024,Table,,3,21252,1000,62756
T0575,C182,01-03-2024,S001,East,I060,Table,,-1,38072,500,-38572
T0493,C111,2024-01-01,S002,West,I080,TV,electronics,-2,7652,500,-15804
T0561,C197,2024-02-05,S002,West,I013,TV,Furniture,3,16568,,49704
T0468,C114,01-03-2024,S001,South,I044,Laptop,Furniture,3,24631,500,73393
T0766,C116,2024-01-01,S004,East,I076,Phone,,0,7184,0,0
T0660,C086,2024/01/02,S003,West,I038,Laptop,Electronics,3,43948,,131844
T0324,C080,01-03-2024,S003,West,I065,Phone,Electronics,1,45747,0,45747
T0303,C065,2024-01-01,S003,East,I031,Chair,Electronics,2,19263,,38526
T0275,C018,01-03-2024,S002,East,I095,Table,,-1,6155,500,-6655
T0868,C134,2024-02-05,S004,West,I057,Table,Electronics,0,2769,1000,-1000
T0962,C117,2024-01-01,S001,West,I055,TV,Electronics,4,12128,0,48512
T0683,C190,2024-02-05,S004,North,I005,Chair,Furniture,0,1108,,0
T0928,C041,2024/01/02,S004,North,I088,Chair,,1,15623,1000,14623
T0200,C041,2024-02-05,S003,South,I066,Phone,Furniture,1,45407,0,45407
T0444,C058,2024-01-01,S001,West,I081,Chair,electronics,1,2299,0,2299
T0904,C019,01-03-2024,S004,East,I049,TV,Furniture,1,42419,1000,41419
T0323,C072,2024-01-01,S001,East,I037,Phone,,4,36307,500,144728
T0034,C016,2024-02-05,S002,West,I002,Laptop,Electronics,-1,38750,1000,-39750
T0976,C026,2024-02-05,S003,South,I004,Phone,,1,19397,500,18897
T0481,C174,01-03-2024,S001,East,I023,Laptop,Furniture,0,4795,,0
T0727,C001,2024/01/02,S002,West,I053,Phone,,0,1106,500,-500
T0479,C062,2024-01-01,S002,West,I033,Table,,4,7214,,28856
T0064,C061,01-03-2024,S002,South,I038,Laptop,Furniture,3,44112,,132336
T0007,C099,01-03-2024,S004,West,I087,TV,Furniture,2,29895,,59790
T0300,C018,01-03-2024,S004,East,I099,Laptop,electronics,0,17627,,0
T0342,C016,2024-01-01,S003,North,I091,Laptop,electronics,0,40420,0,0
T0430,C068,2024-01-01,S003,South,I047,Phone,Furniture,4,14127,,56508
T0423,C166,2024-01-01,S002,West,I048,Table,,-1,27896,0,-27896
T0331,C116,2024/01/02,S003,South,I033,Phone,Furniture,3,34092,0,102276
T0437,C198,01-03-2024,S004,West,I079,Phone,Electronics,0,28554,,0
T0587,C080,2024-02-05,S003,North,I099,Table,electronics,-2,37363,500,-75226
T0173,C038,2024-02-05,S001,South,I006,Phone,Electronics,0,12541,500,-500
T0558,C035,01-03-2024,S004,West,I017,Table,,2,30289,1000,59578
T0526,C167,2024-02-05,S002,North,I069,TV,Electronics,2,281,0,562
T0872,C172,2024/01/02,S002,East,I091,Table,Furniture,3,12912,0,38736
T0658,C131,2024/01/02,S003,West,I033,Chair,Furniture,3,22816,500,67948
T0025,C152,2024-01-01,S004,North,I050,Table,Furniture,1,40318,0,40318
T0819,C196,2024-01-01,S002,North,I092,Table,Electronics,-1,35813,500,-36313
T0604,C157,2024-01-01,S002,South,I067,Chair,Electronics,2,26733,1000,52466
T0405,C195,2024-01-01,S004,West,I013,Table,Electronics,-2,11039,,-22078
T0231,C028,2024-01-01,S004,East,I068,Laptop,Furniture,-2,10172,,-20344
T0532,C195,2024-02-05,S002,West,I088,Phone,Furniture,1,44662,,44662
T0818,C050,2024-02-05,S003,North,I007,Phone,Furniture,-1,8946,1000,-9946
T0549,C151,2024-01-01,S003,East,I014,TV,Electronics,-1,3786,0,-3786
T0787,C013,2024/01/02,S003,North,I082,TV,Electronics,3,30098,1000,89294
T0504,C068,2024-02-05,S001,South,I058,Chair,,0,26875,0,0
T0668,C145,2024/01/02,S004,West,I010,Laptop,electronics,-2,19315,0,-38630
T0178,C169,2024/01/02,S002,North,I019,TV,Furniture,-2,28084,,-56168
T0131,C056,01-03-2024,S001,North,I054,Phone,Electronics,4,43295,500,172680
T0822,C011,01-03-2024,S003,West,I035,TV,electronics,-2,25397,500,-51294
T0454,C016,2024-01-01,S001,East,I081,TV,Electronics,-2,31719,,-63438
T0347,C029,2024/01/02,S002,North,I013,Table,Electronics,4,42260,0,169040
T0539,C087,2024-02-05,S002,West,I057,TV,Furniture,2,29652,1000,58304
T0771,C098,01-03-2024,S004,South,I037,Chair,electronics,-1,43522,,-43522
T0405,C022,01-03-2024,S003,South,I088,Phone,Electronics,0,24985,,0
T0075,C128,2024/01/02,S003,West,I079,Chair,electronics,2,17509,1000,34018
T0940,C078,01-03-2024,S001,North,I081,Chair,electronics,-1,4512,0,-4512
T0578,C031,01-03-2024,S003,West,I000,Laptop,Furniture,1,46175,,46175
T0853,C008,2024-02-05,S001,West,I064,Table,electronics,-2,20127,,-40254
T0491,C014,2024/01/02,S002,North,I000,Chair,,0,8659,0,0
T0193,C155,01-03-2024,S002,East,I084,Laptop,,-1,4750,1000,-5750
T0983,C151,2024/01/02,S002,East,I059,Phone,Furniture,1,10944,1000,9944
T0161,C187,01-03-2024,S002,South,I024,Phone,Furniture,-2,17733,500,-35966
T0346,C162,2024-02-05,S002,East,I090,Laptop,,1,35851,500,35351
T0950,C026,2024/01/02,S001,West,I009,Chair,Furniture,4,37443,1000,148772
T0360,C108,01-03-2024,S002,North,I049,Chair,electronics,1,30593,500,30093
T0768,C075,2024-02-05,S001,South,I011,Table,Electronics,2,23931,500,47362
T0583,C147,01-03-2024,S002,East,I091,Table,Furniture,1,36977,0,36977
T0086,C064,2024/01/02,S001,West,I031,Phone,,2,47231,,94462
T0933,C176,01-03-2024,S001,South,I032,Table,Electronics,3,45297,500,135391
T0261,C108,2024/01/02,S001,North,I071,Laptop,electronics,2,49841,500,99182
T0213,C128,2024/01/02,S003,East,I025,Phone,Electronics,4,1882,0,7528
T0664,C009,01-03-2024,S001,West,I041,Chair,,4,21052,1000,83208
T0721,C046,2024-02-05,S001,North,I049,Phone,Electronics,1,30319,500,29819
T0912,C122,2024-01-01,S002,West,I060,TV,,-1,42267,,-42267
T0572,C058,2024-02-05,S001,West,I040,Phone,Furniture,1,4512,500,4012
T0779,C095,2024-02-05,S001,West,I056,Table,Furniture,1,30156,,30156
T0261,C189,01-03-2024,S004,North,I001,Laptop,,-1,29216,1000,-30216
T0729,C102,2024-02-05,S003,South,I098,Chair,Furniture,-2,47607,500,-95714
T0282,C123,2024-02-05,S004,West,I097,Chair,electronics,0,47955,,0
T0647,C085,2024-01-01,S002,South,I069,Table,Electronics,3,30733,,92199
T0466,C145,2024-02-05,S003,South,I030,Table,,-2,14698,,-29396
T0379,C111,2024-01-01,S003,East,I022,Table,,1,10716,1000,9716
T0361,C173,01-03-2024,S004,East,I075,TV,,-2,37548,,-75096
T0448,C159,2024-01-01,S003,South,I053,Laptop,electronics,0,33338,0,0
T0440,C026,2024/01/02,S004,East,I027,TV,electronics,4,12201,1000,47804
T0092,C017,2024/01/02,S001,East,I078,Table,electronics,-2,37695,,-75390
T0620,C166,2024-01-01,S004,South,I018,Laptop,,0,37935,1000,-1000
T0752,C176,2024/01/02,S003,North,I075,Table,electronics,-2,10386,1000,-21772
T0866,C081,01-03-2024,S003,East,I047,Laptop,Furniture,2,35862,0,71724
T0423,C171,2024/01/02,S002,East,I001,Chair,Electronics,1,11170,,11170
T0141,C071,2024-01-01,S002,North,I010,TV,Furniture,0,28191,1000,-1000
T0290,C053,01-03-2024,S002,North,I043,Table,Furniture,3,40802,1000,121406
T0431,C161,2024/01/02,S002,North,I058,Table,electronics,1,46839,,46839
T0748,C070,01-03-2024,S003,South,I058,Phone,,2,46807,0,93614
T0851,C163,2024-01-01,S002,North,I037,Chair,Furniture,4,21842,500,86868
T0823,C145,2024/01/02,S004,South,I024,Table,Electronics,-2,33150,,-66300
T0688,C037,01-03-2024,S001,West,I020,TV,electronics,1,40477,500,39977
T0652,C186,01-03-2024,S003,West,I041,Chair,Furniture,-2,14528,,-29056
T0700,C136,2024/01/02,S002,North,I035,Table,electronics,-2,44708,,-89416
T0997,C199,01-03-2024,S003,North,I008,TV,Electronics,1,2833,1000,1833
T0048,C178,01-03-2024,S002,West,I011,Phone,electronics,0,4167,,0
T0301,C034,2024-01-01,S003,South,I009,Phone,,0,18841,0,0
T0880,C081,2024-01-01,S002,South,I058,TV,Furniture,1,11227,0,11227
T0189,C132,2024-01-01,S001,North,I004,Chair,Furniture,0,12110,,0
T0135,C141,2024-01-01,S002,North,I032,TV,,-1,36106,1000,-37106
T0554,C157,2024-01-01,S004,North,I068,TV,Electronics,-2,10064,1000,-21128
T0403,C003,2024-01-01,S003,West,I079,Phone,Electronics,1,28753,500,28253
T0891,C166,2024/01/02,S003,East,I062,Phone,electronics,3,24473,,73419
T0864,C191,2024-01-01,S004,North,I028,Phone,Furniture,2,7310,500,14120
T0601,C152,01-03-2024,S004,South,I017,Table,Electronics,4,887,1000,2548
T0806,C155,2024/01/02,S001,East,I092,Table,,1,48567,0,48567
T0340,C193,01-03-2024,S003,South,I005,Laptop,,1,24718,1000,23718
T0756,C149,2024-01-01,S001,East,I052,Table,,-2,15160,0,-30320
T0944,C158,2024-01-01,S003,West,I081,Chair,Electronics,2,45356,500,90212
T0703,C022,01-03-2024,S003,East,I031,Chair,,-2,27618,1000,-56236
T0317,C047,01-03-2024,S001,South,I041,Phone,Furniture,3,47870,0,143610
T0617,C147,01-03-2024,S003,East,I046,TV,Electronics,4,22268,500,88572
T0362,C124,2024-02-05,S003,West,I030,Phone,Electronics,0,37511,1000,-1000
T0821,C165,2024-02-05,S001,South,I061,TV,Furniture,1,28581,,28581
T0381,C054,2024-02-05,S002,North,I055,Phone,,-2,21212,1000,-43424
T0232,C067,2024-02-05,S001,East,I010,Phone,Electronics,4,5740,500,22460
T0776,C087,2024/01/02,S003,South,I025,Chair,Furniture,3,3510,1000,9530
T0343,C000,2024-01-01,S004,East,I091,TV,Furniture,3,34226,500,102178
T0548,C134,01-03-2024,S002,West,I026,Laptop,electronics,4,25880,0,103520
T0816,C184,2024-01-01,S004,South,I082,Laptop,,-1,44664,1000,-45664
T0552,C094,01-03-2024,S002,North,I056,Phone,,1,11285,500,10785
T0528,C139,2024-01-01,S004,North,I026,Phone,Furniture,3,15731,500,46693
T0855,C105,2024/01/02,S002,East,I058,Chair,Electronics,4,43301,,173204
T0788,C132,2024-02-05,S001,West,I061,TV,electronics,0,17021,0,0
T0818,C107,2024-01-01,S002,West,I019,Phone,electronics,-2,28687,,-57374
T0570,C177,01-03-2024,S002,East,I002,Laptop,Electronics,-2,37444,,-74888
T0934,C041,2024-01-01,S002,South,I015,TV,electronics,-1,21009,1000,-22009
T0182,C101,2024/01/02,S003,South,I043,Phone,Electronics,0,20067,500,-500
T0040,C123,2024/01/02,S004,East,I092,TV,electronics,3,7998,500,23494
T0550,C139,2024-01-01,S001,South,I078,Chair,Electronics,4,42004,500,167516
T0396,C102,2024-02-05,S004,South,I029,Laptop,Furniture,-1,14316,1000,-15316
T0703,C145,01-03-2024,S004,South,I039,TV,Furniture,3,26499,1000,78497
T0778,C193,2024/01/02,S001,East,I064,Laptop,electronics,3,28574,0,85722
T0493,C073,2024/01/02,S003,North,I028,Phone,electronics,1,12498,,12498
T0658,C107,2024-01-01,S002,West,I029,Table,Furniture,2,46862,0,93724
T0906,C121,2024/01/02,S003,North,I031,TV,,4,41910,0,167640
T0332,C016,2024/01/02,S003,South,I009,Laptop,Electronics,3,19409,1000,57227
T0126,C195,01-03-2024,S002,East,I090,TV,,-2,29758,500,-60016
T0557,C070,2024-02-05,S004,West,I050,Phone,electronics,3,42055,1000,125165
T0556,C061,01-03-2024,S002,South,I007,Phone,Furniture,-1,39582,1000,-40582
T0000,C040,2024-02-05,S001,West,I050,Laptop,electronics,4,23681,1000,93724
T0167,C118,01-03-2024,S002,West,I035,Chair,,3,32110,0,96330
T0619,C161,2024-01-01,S004,North,I054,TV,Furniture,4,14387,500,57048
T0018,C197,2024/01/02,S003,South,I034,TV,Furniture,-2,22490,1000,-45980
T0331,C044,2024-02-05,S003,West,I035,Phone,Furniture,-2,45821,0,-91642
T0583,C057,2024-01-01,S002,North,I055,TV,Electronics,-1,8641,1000,-9641
T0455,C178,2024/01/02,S001,East,I035,Laptop,electronics,-2,18021,,-36042
T0956,C125,2024/01/02,S004,West,I088,Table,,0,44037,500,-500
T0108,C161,2024/01/02,S003,South,I083,Phone,Electronics,0,40249,0,0
T0267,C043,01-03-2024,S002,East,I060,Table,,2,30338,,60676
T0444,C014,2024-01-01,S001,West,I061,TV,Electronics,4,2466,1000,8864
T0239,C077,2024-01-01,S001,West,I080,Chair,Furniture,0,13594,,0
T0928,C069,2024/01/02,S003,South,I086,Laptop,Electronics,-1,39896,,-39896
T0300,C177,2024-02-05,S003,West,I024,TV,electronics,3,43296,0,129888
T0601,C100,2024-01-01,S004,South,I063,Laptop,electronics,0,11386,500,-500
T0102,C159,01-03-2024,S001,South,I059,TV,,2,6141,500,11782
T0987,C194,2024-02-05,S004,South,I056,TV,Furniture,4,20085,0,80340
T0249,C002,2024-02-05,S001,South,I094,TV,Furniture,1,4274,1000,3274
T0452,C085,2024-02-05,S001,West,I069,Phone,,1,33791,,33791
T0519,C073,2024-02-05,S002,East,I098,Table,electronics,-1,49870,500,-50370
T0152,C050,2024-01-01,S003,East,I051,Chair,electronics,2,22826,500,45152
T0858,C066,2024/01/02,S001,North,I055,Table,,0,27938,,0
T0173,C075,2024-02-05,S004,South,I062,Table,Furniture,2,3403,1000,5806
T0342,C092,01-03-2024,S003,West,I067,Laptop,,-2,46753,,-93506
T0669,C175,01-03-2024,S004,West,I019,Phone,,2,27277,0,54554
T0430,C144,2024/01/02,S003,North,I053,Phone,Electronics,0,42107,0,0
T0726,C006,2024-01-01,S003,East,I000,TV,,-1,9990,1000,-10990
T0688,C012,2024/01/02,S001,West,I089,Table,electronics,-2,22064,500,-44628
T0686,C119,2024-02-05,S002,North,I097,Chair,,2,26906,500,53312
T0851,C065,2024-01-01,S001,East,I009,Laptop,Furniture,1,7700,1000,6700
T0849,C003,2024-01-01,S003,West,I022,Phone,Furniture,0,26544,1000,-1000
T0657,C137,2024-02-05,S001,South,I050,TV,electronics,-1,27330,0,-27330
T0961,C087,01-03-2024,S001,North,I023,Chair,Furniture,3,40990,0,122970
T0323,C016,2024-02-05,S003,West,I012,Table,,0,16566,1000,-1000
T0989,C051,2024/01/02,S003,North,I028,Chair,electronics,2,16576,500,32652
T0672,C133,2024-02-05,S001,North,I057,Phone,Furniture,4,32121,,128484
T0638,C068,01-03-2024,S001,North,I090,Laptop,,-1,27832,,-27832
T0419,C136,2024-02-05,S001,South,I094,Table,Furniture,1,7475,,7475
T0593,C020,2024/01/02,S004,East,I042,Laptop,Electronics,-2,7937,0,-15874
T0484,C023,2024/01/02,S001,East,I009,Chair,Furniture,2,23208,1000,45416
T0658,C003,01-03-2024,S004,West,I030,Chair,electronics,-1,17951,500,-18451
T0750,C151,2024/01/02,S002,South,I073,TV,,-2,26700,0,-53400
T0411,C186,2024/01/02,S004,East,I087,Table,,4,15288,1000,60152
T0935,C002,2024-02-05,S001,West,I096,Chair,electronics,-1,44877,1000,-45877
T0083,C067,2024-01-01,S002,West,I013,Phone,Electronics,3,5589,,16767
T0112,C100,2024/01/02,S004,North,I098,Phone,,2,19182,,38364
T0736,C167,2024/01/02,S004,South,I033,Laptop,electronics,-1,9083,500,-9583
T0331,C175,01-03-2024,S003,East,I016,Phone,Furniture,1,33343,500,32843
T0377,C053,01-03-2024,S002,South,I020,Chair,Electronics,4,8795,,35180
T0754,C034,2024-02-05,S003,South,I095,Phone,electronics,-1,330,,-330
T0654,C055,2024-02-05,S002,East,I066,Table,Furniture,2,39889,1000,78778
T0040,C107,2024/01/02,S004,East,I057,Laptop,,-1,32203,500,-32703
T0934,C039,2024-01-01,S003,South,I078,Table,,-2,42646,1000,-86292
T0769,C067,2024-01-01,S001,West,I007,Chair,Electronics,-2,26450,500,-53400
T0958,C045,2024-02-05,S004,South,I095,Chair,Furniture,4,11382,500,45028
T0796,C077,01-03-2024,S002,East,I037,Phone,electronics,3,20454,0,61362
T0104,C140,2024/01/02,S002,South,I025,TV,,0,28902,,0
T0201,C154,2024/01/02,S003,East,I063,TV,electronics,4,49635,0,198540
T0449,C005,2024-01-01,S003,West,I029,Chair,electronics,3,11455,500,33865
T0818,C016,2024-02-05,S002,South,I008,Chair,electronics,4,30338,1000,120352
T0842,C163,2024-01-01,S004,West,I031,Laptop,Electronics,0,43469,500,-500
T0972,C098,2024-01-01,S003,South,I010,Chair,electronics,1,17244,0,17244
T0265,C080,2024-02-05,S001,South,I085,Chair,Electronics,-2,5343,,-10686
T0909,C001,01-03-2024,S002,East,I033,Laptop,Electronics,0,20436,1000,-1000
T0209,C076,2024/01/02,S001,North,I017,Table,Furniture,-1,17780,500,-18280
T0562,C179,01-03-2024,S002,East,I018,Table,,1,10694,500,10194
T0117,C065,2024-02-05,S001,South,I053,Laptop,electronics,2,18631,,37262
T0712,C051,2024-02-05,S004,North,I081,Laptop,Furniture,0,26315,500,-500
T0376,C091,2024/01/02,S002,North,I036,Table,Furniture,4,37264,500,148556
T0550,C170,01-03-2024,S004,West,I081,Table,Furniture,3,17092,,51276
T0539,C021,2024/01/02,S003,South,I011,Table,Furniture,0,30623,0,0
T0770,C110,2024-01-01,S002,East,I003,Table,Furniture,3,33749,0,101247
T0083,C106,2024-01-01,S004,North,I042,Phone,electronics,4,10542,0,42168
T0453,C182,2024-01-01,S001,North,I026,Laptop,Furniture,4,29993,0,119972
T0666,C066,01-03-2024,S004,East,I050,TV,,3,23800,1000,70400
T0628,C187,2024-01-01,S002,East,I004,Phone,Electronics,-2,43488,1000,-87976
T0513,C185,2024/01/02,S004,North,I005,TV,Electronics,1,13142,,13142
T0604,C139,01-03-2024,S001,East,I076,TV,,3,27677,,83031
T0677,C068,2024/01/02,S001,West,I086,Chair,electronics,-2,13594,,-27188
T0386,C083,2024-02-05,S001,North,I055,Laptop,Electronics,-2,21375,1000,-43750
T0911,C102,01-03-2024,S003,West,I088,Phone,,3,39348,500,117544
T0349,C038,2024/01/02,S002,South,I067,Laptop,,1,23989,1000,22989
T0295,C012,2024/01/02,S001,West,I095,Table,Furniture,-1,34862,0,-34862
T0257,C040,01-03-2024,S003,East,I043,Laptop,Electronics,4,16273,0,65092
T0080,C056,2024-02-05,S001,North,I014,TV,Furniture,0,7868,500,-500
T0936,C180,01-03-2024,S004,West,I089,Table,electronics,-2,12609,,-25218
T0267,C011,2024-01-01,S002,East,I041,Laptop,Electronics,0,1111,1000,-1000
T0418,C012,2024-01-01,S004,East,I010,Laptop,Electronics,1,23387,500,22887
T0234,C119,2024-02-05,S003,West,I072,TV,,-1,32252,500,-32752
T0832,C096,2024/01/02,S004,North,I010,Table,Electronics,2,17172,1000,33344
T0310,C056,2024/01/02,S004,West,I065,TV,electronics,4,36936,500,147244
T0812,C039,2024/01/02,S001,South,I026,Laptop,electronics,4,36315,,145260
T0974,C117,01-03-2024,S004,West,I057,Phone,Electronics,-1,24381,1000,-25381
T0985,C079,01-03-2024,S001,West,I089,Phone,,1,31138,1000,30138
T0356,C127,2024-02-05,S001,North,I071,Chair,electronics,-1,16048,500,-16548
T0212,C172,2024-01-01,S002,West,I020,Phone,Furniture,4,23739,,94956
T0573,C034,2024/01/02,S003,East,I020,Table,electronics,2,10336,,20672
T0048,C002,2024-01-01,S003,North,I071,Chair,Electronics,-2,24559,0,-49118
T0126,C119,01-03-2024,S003,East,I000,Table,Furniture,-1,25116,1000,-26116
T0222,C004,01-03-2024,S001,North,I057,Phone,Electronics,3,25900,0,77700
T0920,C010,01-03-2024,S003,South,I012,Phone,Electronics,3,30371,,91113
T0278,C125,2024-01-01,S001,South,I072,Laptop,Electronics,1,35330,,35330
T0407,C070,2024-02-05,S002,South,I091,Table,,4,37991,0,151964
T0504,C116,2024-02-05,S003,West,I005,TV,,4,29721,1000,117884
T0293,C183,01-03-2024,S001,South,I086,Laptop,electronics,-1,4278,0,-4278
T0795,C137,2024/01/02,S003,North,I099,Table,Electronics,2,32548,,65096
T0276,C105,2024-01-01,S003,South,I057,Chair,Furniture,1,13376,,13376
T0437,C115,01-03-2024,S002,North,I016,Table,Furniture,-1,14928,500,-15428
T0106,C161,2024-01-01,S004,East,I072,Chair,Furniture,1,6249,500,5749
T0657,C066,2024-01-01,S003,West,I011,Chair,,3,27428,0,82284
T0419,C199,2024-02-05,S002,East,I085,Phone,,2,18236,500,35972
T0610,C030,01-03-2024,S003,East,I051,TV,Electronics,-2,29118,,-58236
T0428,C074,2024-02-05,S003,South,I075,Table,Furniture,2,31476,1000,61952
T0374,C070,01-03-2024,S003,South,I069,TV,Furniture,-2,44062,1000,-89124
T0072,C065,2024-01-01,S003,South,I072,Chair,,4,6016,0,24064
T0948,C069,2024-02-05,S004,East,I051,Phone,,0,4646,500,-500
T0997,C040,2024-01-01,S004,West,I036,TV,Furniture,3,15461,0,46383
T0633,C190,01-03-2024,S003,West,I002,Laptop,Furniture,4,3459,500,13336
T0029,C159,2024/01/02,S003,East,I097,Chair,electronics,3,12234,1000,35702
T0187,C019,2024-02-05,S002,West,I007,Laptop,,3,44356,500,132568
T0363,C184,2024-02-05,S002,East,I009,TV,Electronics,2,29725,500,58950
T0865,C177,2024-01-01,S001,East,I046,TV,Electronics,-2,40472,0,-80944
T0799,C152,2024-01-01,S004,West,I040,TV,Furniture,0,45369,1000,-1000
T0450,C139,2024/01/02,S003,North,I063,Table,,0,36882,500,-500
T0194,C198,2024-02-05,S004,North,I041,Chair,Electronics,0,999,1000,-1000
T0155,C038,01-03-2024,S002,South,I042,Chair,,4,34057,500,135728
T0171,C144,01-03-2024,S004,West,I008,Chair,Furniture,1,31192,1000,30192
T0846,C044,2024-02-05,S004,South,I013,Table,Furniture,2,33520,500,66540
T0040,C138,2024-02-05,S003,East,I090,TV,Furniture,2,1082,,2164
T0062,C069,2024-02-05,S003,North,I095,TV,,4,33443,1000,132772
T0022,C124,2024/01/02,S002,West,I003,Laptop,Electronics,3,8624,,25872
T0359,C150,01-03-2024,S003,West,I001,Table,electronics,2,4407,,8814
T0074,C090,01-03-2024,S002,West,I096,Phone,Electronics,2,6853,,13706
T0559,C069,2024-01-01,S002,North,I084,Table,,1,43273,500,42773
T0671,C165,2024-01-01,S001,South,I000,Laptop,Electronics,2,43233,1000,85466
T0824,C129,2024-02-05,S001,North,I074,Laptop,electronics,-2,32000,500,-64500
T0117,C083,2024-01-01,S001,South,I064,Laptop,Electronics,4,44893,500,179072
T0611,C088,2024/01/02,S004,East,I045,TV,electronics,0,40608,1000,-1000
T0379,C078,01-03-2024,S001,East,I058,Phone,,1,17539,0,17539
T0928,C112,01-03-2024,S003,South,I074,Laptop,Furniture,1,38894,500,38394
T0919,C092,2024-01-01,S003,East,I006,Chair,electronics,3,20853,,62559
T0678,C071,2024-02-05,S001,East,I065,TV,,2,34192,500,67884
T0289,C164,2024-01-01,S004,West,I014,Phone,Furniture,0,48248,0,0
T0439,C048,2024-02-05,S002,West,I071,Chair,electronics,4,3695,,14780
T0667,C051,2024/01/02,S004,North,I046,Phone,Furniture,-2,20311,500,-41122
T0932,C032,01-03-2024,S004,North,I089,Phone,Electronics,4,27338,1000,108352
T0006,C021,2024/01/02,S002,North,I039,Chair,,0,18807,,0
T0195,C113,01-03-2024,S002,West,I041,Table,,4,46186,0,184744
T0420,C132,2024/01/02,S002,North,I050,Phone,,-1,1982,500,-2482
T0567,C017,2024-01-01,S003,North,I034,Table,,0,27739,1000,-1000
T0832,C165,2024/01/02,S002,West,I040,Phone,electronics,-2,13866,,-27732
T0192,C117,2024/01/02,S002,South,I084,Chair,Electronics,-2,1253,,-2506
T0558,C116,2024-01-01,S004,West,I056,Phone,Furniture,-2,16760,1000,-34520
T0147,C036,01-03-2024,S004,South,I037,Laptop,,1,38272,0,38272
T0786,C063,01-03-2024,S001,West,I071,Laptop,,4,38160,,152640
T0668,C137,2024-01-01,S004,North,I095,Phone,electronics,1,25007,0,25007
T0201,C078,2024/01/02,S002,East,I007,Chair,electronics,-1,43312,0,-43312
T0443,C169,2024/01/02,S003,East,I073,Chair,electronics,0,11343,1000,-1000
T0913,C122,2024/01/02,S004,South,I062,TV,Electronics,2,46110,,92220
T0987,C175,2024-02-05,S004,South,I086,Chair,Furniture,3,43467,500,129901
T0418,C043,01-03-2024,S002,South,I003,Table,Electronics,-1,19686,1000,-20686
T0426,C081,2024/01/02,S004,East,I047,Phone,,4,16790,1000,66160
T0478,C086,01-03-2024,S004,South,I051,Laptop,electronics,2,6763,0,13526
T0474,C015,2024/01/02,S002,West,I037,Chair,,4,48081,500,191824
T0125,C053,2024-01-01,S004,West,I093,Laptop,Furniture,2,6289,1000,11578
T0394,C101,2024-01-01,S003,East,I086,TV,Furniture,-1,20773,0,-20773
T0816,C162,01-03-2024,S001,West,I004,Phone,Electronics,0,3689,,0
T0880,C097,01-03-2024,S004,South,I084,Chair,Electronics,3,49107,0,147321
T0805,C155,2024-01-01,S003,East,I069,Laptop,electronics,2,36509,500,72518
T0575,C001,2024-02-05,S004,South,I080,Chair,electronics,1,40204,500,39704
T0324,C093,2024-01-01,S001,West,I088,TV,,1,15581,0,15581
T0391,C140,2024/01/02,S002,South,I023,Laptop,electronics,-1,21592,,-21592
T0929,C168,2024-02-05,S001,East,I085,Laptop,electronics,3,47410,500,141730
T0687,C058,2024-01-01,S004,South,I076,Phone,,3,2262,500,6286
T0627,C068,2024-02-05,S001,West,I016,Phone,Furniture,4,14674,,58696
T0439,C118,2024-02-05,S001,North,I077,Laptop,electronics,2,23193,1000,45386
T0203,C091,2024-02-05,S002,East,I097,Phone,electronics,-1,29964,500,-30464
T0485,C180,01-03-2024,S004,South,I089,Laptop,,3,5267,0,15801
T0832,C044,2024-01-01,S001,East,I082,Table,,3,43843,,131529
T0030,C147,01-03-2024,S001,South,I025,Chair,,1,19625,500,19125
T0387,C023,01-03-2024,S002,North,I002,Table,,-1,21087,1000,-22087
T0624,C188,2024/01/02,S003,West,I001,Table,,2,16638,500,32776
T0876,C090,2024/01/02,S004,South,I091,Chair,electronics,2,3730,1000,6460
T0433,C093,2024-02-05,S003,South,I001,Laptop,Electronics,1,8752,500,8252
T0836,C057,2024-02-05,S003,North,I021,Laptop,Electronics,4,25466,500,101364
T0925,C154,2024/01/02,S002,East,I070,Phone,Electronics,-2,46381,0,-92762
T0375,C153,2024/01/02,S002,West,I003,TV,electronics,-2,39665,,-79330
T0343,C127,2024-01-01,S004,South,I037,Laptop,Furniture,3,31136,,93408
T0442,C006,2024-02-05,S003,South,I083,Chair,electronics,0,39462,0,0
T0578,C169,2024-02-05,S001,West,I069,TV,Electronics,1,1967,,1967
T0074,C046,2024/01/02,S003,North,I072,Chair,Electronics,0,26364,,0
T0556,C052,2024-01-01,S002,East,I051,Chair,,3,676,,2028
T0771,C186,2024/01/02,S001,West,I030,Chair,,4,7363,500,28952
T0665,C037,2024/01/02,S001,East,I025,TV,,1,47099,500,46599
T0154,C196,01-03-2024,S002,North,I035,Table,electronics,2,3864,1000,6728
T0429,C052,2024-02-05,S001,North,I025,Chair,Furniture,4,25037,1000,99148
T0362,C142,2024-01-01,S003,West,I027,Phone,Furniture,1,33324,,33324
T0447,C153,01-03-2024,S002,South,I004,Laptop,,-1,27925,,-27925
T0986,C047,2024-02-05,S004,North,I073,Laptop,Furniture,0,28900,,0
T0233,C094,2024/01/02,S002,North,I017,Laptop,Electronics,1,35978,0,35978
T0562,C146,2024-01-01,S004,West,I014,TV,Electronics,0,37775,500,-500
T0817,C136,2024-02-05,S004,West,I056,Phone,,4,5068,,20272
T0261,C063,2024/01/02,S002,West,I096,Phone,,3,25025,,75075
T0826,C092,01-03-2024,S002,North,I004,Phone,,1,27368,500,26868
T0124,C181,2024-01-01,S004,East,I036,Phone,Furniture,-2,14302,1000,-29604
T0910,C124,2024-02-05,S004,North,I085,Phone,electronics,0,21031,,0
T0244,C178,01-03-2024,S001,West,I085,Table,,2,4183,,8366
T0541,C038,2024/01/02,S002,South,I021,Phone,Furniture,2,16592,,33184
T0937,C003,2024/01/02,S002,South,I051,Phone,,1,1331,,1331
T0484,C125,2024-02-05,S001,West,I014,TV,electronics,2,33444,500,66388
T0121,C002,2024/01/02,S002,South,I016,TV,,4,340,500,860
T0124,C063,2024-01-01,S001,North,I050,Phone,Electronics,2,10930,500,21360
T0548,C028,2024-02-05,S001,East,I044,Table,,0,48315,1000,-1000
T0169,C115,01-03-2024,S002,North,I062,Phone,Electronics,4,24050,,96200
T0123,C010,2024-02-05,S003,West,I027,Phone,Electronics,1,38677,1000,37677
T0868,C096,2024-02-05,S004,North,I058,Phone,Furniture,0,26717,1000,-1000
T0034,C101,01-03-2024,S002,South,I085,Chair,Furniture,1,13673,500,13173
T0086,C185,2024/01/02,S003,North,I020,Table,Electronics,2,49622,,99244
T0645,C154,01-03-2024,S001,East,I041,Laptop,Electronics,4,26828,,107312
T0707,C020,2024-01-01,S003,South,I080,Phone,,1,49349,1000,48349
T0785,C038,2024/01/02,S002,East,I068,Laptop,,3,43008,0,129024
T0200,C101,2024-02-05,S002,East,I081,Table,Electronics,1,41024,0,41024
T0368,C045,2024/01/02,S003,East,I016,Phone,Furniture,-1,26171,,-26171
T0796,C065,2024/01/02,S002,North,I067,Laptop,,1,10385,,10385
T0076,C090,2024-01-01,S004,North,I006,Laptop,,-1,27613,1000,-28613
T0058,C163,2024/01/02,S003,North,I088,Table,,0,10370,1000,-1000
T0430,C110,2024/01/02,S001,North,I039,Phone,Furniture,-1,18939,500,-19439
T0637,C081,2024/01/02,S003,South,I039,Chair,Electronics,4,19930,1000,78720
T0499,C122,2024-02-05,S003,North,I042,Table,,0,42465,1000,-1000
T0912,C192,2024/01/02,S003,South,I072,Chair,Furniture,1,16370,0,16370
T0108,C190,01-03-2024,S003,East,I082,Phone,Furniture,0,37679,0,0
T0735,C098,2024/01/02,S001,South,I050,Laptop,Furniture,2,7927,0,15854
T0277,C034,2024-01-01,S001,West,I072,Table,Furniture,3,43805,0,131415
T0067,C158,2024/01/02,S001,North,I022,Table,,1,27424,1000,26424
T0068,C155,2024/01/02,S003,West,I094,Table,Electronics,4,26188,,104752
T0164,C102,2024-02-05,S004,South,I031,TV,Electronics,-1,40674,0,-40674
T0488,C128,01-03-2024,S004,North,I030,Phone,Furniture,3,3023,500,8569
T0304,C024,2024/01/02,S001,West,I016,TV,Electronics,-2,37869,500,-76238
T0908,C042,01-03-2024,S004,North,I057,Table,,3,17292,1000,50876
T0673,C083,2024-01-01,S004,South,I085,Table,Electronics,1,40344,500,39844
T0364,C194,2024-02-05,S004,West,I034,Chair,Electronics,4,12986,0,51944
T0853,C190,01-03-2024,S004,South,I029,TV,electronics,4,31452,,125808
T0820,C050,2024-02-05,S004,West,I063,Laptop,Electronics,3,38831,,116493
T0378,C129,2024/01/02,S002,East,I052,Phone,Electronics,3,38803,0,116409
T0342,C125,2024-01-01,S001,East,I050,Laptop,Furniture,2,20714,500,40928
T0946,C191,2024-02-05,S003,East,I036,Laptop,Furniture,0,16811,1000,-1000
T0898,C068,2024/01/02,S004,East,I089,Phone,electronics,3,28970,,86910
T0553,C008,01-03-2024,S002,East,I005,Table,,-1,17166,0,-17166
T0353,C001,2024-01-01,S003,South,I033,Chair,electronics,4,44391,0,177564
T0415,C161,2024-01-01,S002,East,I055,Table,Electronics,-1,32991,500,-33491
T0108,C187,01-03-2024,S004,South,I095,Table,Electronics,2,853,1000,706
T0562,C188,01-03-2024,S004,East,I024,TV,,3,40982,1000,121946
T0761,C158,2024-01-01,S004,North,I012,Laptop,,3,34474,500,102922
T0496,C009,2024-02-05,S004,East,I062,Laptop,Furniture,2,39393,0,78786
T0340,C113,2024-01-01,S003,North,I065,Laptop,Electronics,1,3678,500,3178
T0941,C075,01-03-2024,S003,South,I004,Chair,Electronics,-2,21150,500,-42800
T0382,C163,2024-02-05,S002,East,I074,Chair,Electronics,-2,15568,500,-31636
T0532,C084,2024/01/02,S001,West,I010,Chair,Electronics,0,19329,0,0
T0299,C048,2024-01-01,S004,South,I087,Phone,Electronics,-1,3038,,-3038
T0138,C069,01-03-2024,S002,East,I077,Chair,Electronics,1,49025,0,49025
T0358,C176,2024/01/02,S002,South,I093,TV,Electronics,-1,42986,,-42986
T0835,C130,2024-01-01,S002,West,I043,TV,Electronics,1,13975,,13975
T0498,C132,2024-01-01,S004,East,I098,Table,Furniture,2,35295,500,70090
T0384,C188,2024-02-05,S004,West,I084,Table,electronics,0,24840,1000,-1000
T0603,C089,01-03-2024,S002,East,I068,Table,Electronics,2,14250,500,28000
T0958,C025,2024/01/02,S004,North,I001,Table,Furniture,-1,9801,0,-9801
T0279,C071,2024-01-01,S002,South,I039,TV,Electronics,4,49221,1000,195884
T0636,C004,2024-02-05,S003,West,I036,Table,,0,23391,1000,-1000
T0482,C014,2024/01/02,S004,South,I048,TV,Electronics,3,29386,0,88158
T0908,C122,2024/01/02,S003,West,I097,Chair,electronics,4,24216,0,96864
T0110,C143,2024-01-01,S001,South,I074,Chair,Furniture,1,5986,500,5486
T0865,C000,2024/01/02,S004,South,I035,Phone,,1,13772,0,13772
T0138,C143,2024-01-01,S001,South,I074,Table,,0,14608,,0
T0995,C164,2024-02-05,S002,North,I072,Chair,Electronics,2,28768,,57536
T0434,C002,2024-02-05,S004,East,I069,Chair,electronics,0,43870,1000,-1000
T0508,C179,2024/01/02,S004,North,I033,Laptop,electronics,2,9492,500,18484
T0272,C046,2024-01-01,S004,South,I057,Laptop,Electronics,0,38036,500,-500
T0098,C094,01-03-2024,S001,West,I036,TV,Electronics,2,46290,1000,91580
T0763,C012,2024-02-05,S001,South,I095,Phone,Furniture,-2,3381,0,-6762
T0849,C119,2024-01-01,S002,East,I059,Laptop,Furniture,0,46939,500,-500
T0103,C054,2024-01-01,S003,North,I011,Phone,Electronics,2,8910,1000,16820
T0213,C148,2024-01-01,S003,East,I031,Chair,Electronics,3,37822,1000,112466
T0760,C065,2024/01/02,S001,West,I080,TV,,-1,29950,,-29950
T0663,C181,01-03-2024,S004,East,I003,Phone,electronics,4,36591,1000,145364
T0761,C154,2024/01/02,S003,North,I032,Laptop,Furniture,4,34554,0,138216
T0786,C165,2024-02-05,S003,West,I042,Chair,Electronics,4,47759,0,191036
T0164,C089,2024/01/02,S001,East,I008,Table,Electronics,-1,13024,0,-13024
T0998,C185,2024-01-01,S002,North,I097,Chair,Furniture,0,16123,0,0
T0852,C061,2024/01/02,S001,North,I050,Laptop,,0,28608,1000,-1000
T0519,C101,2024-01-01,S001,South,I093,Laptop,,1,28568,500,28068
T0283,C173,01-03-2024,S004,East,I019,Table,Electronics,2,28479,1000,55958
T0516,C138,2024/01/02,S001,West,I038,Chair,electronics,0,26029,500,-500
T0656,C199,2024/01/02,S004,South,I022,Phone,electronics,-1,37107,500,-37607
T0612,C007,2024/01/02,S002,East,I040,Phone,Electronics,-1,41413,500,-41913
T0163,C096,2024-01-01,S004,East,I043,Chair,Furniture,4,16764,,67056
T0885,C116,2024-01-01,S002,West,I034,Phone,electronics,-1,13733,0,-13733
T0658,C198,2024/01/02,S002,South,I022,Chair,Furniture,2,44437,,88874
T0063,C063,2024/01/02,S002,South,I057,Chair,Furniture,-2,5032,1000,-11064
T0090,C020,01-03-2024,S001,West,I047,Laptop,Furniture,0,16305,,0
T0116,C199,01-03-2024,S004,South,I086,TV,,4,20034,500,79636
T0865,C114,2024-02-05,S003,North,I057,Laptop,electronics,-2,49641,1000,-100282
T0266,C190,01-03-2024,S001,West,I056,Phone,,2,5283,0,10566
T0821,C084,01-03-2024,S002,East,I086,TV,electronics,4,20351,500,80904
T0684,C191,01-03-2024,S003,West,I038,Chair,Electronics,3,20844,0,62532
T0558,C019,2024-01-01,S001,North,I027,Phone,Furniture,0,2153,,0
T0139,C007,01-03-2024,S003,West,I063,Table,electronics,1,37876,0,37876
T0245,C057,01-03-2024,S002,East,I061,Phone,electronics,0,8459,1000,-1000
T0660,C045,2024/01/02,S003,East,I082,TV,Electronics,0,47558,500,-500
T0757,C030,2024-01-01,S003,West,I061,TV,,0,46005,0,0
T0394,C092,2024-02-05,S002,West,I093,Chair,electronics,4,35034,,140136
T0486,C008,2024-02-05,S003,North,I084,Table,electronics,4,40974,1000,162896
T0475,C014,01-03-2024,S001,North,I087,Chair,,0,12561,500,-500
T0516,C093,2024-02-05,S003,East,I084,Table,,3,44066,,132198
T0976,C153,2024-02-05,S004,South,I025,Table,electronics,0,49438,500,-500
T0183,C137,2024-02-05,S001,South,I050,Chair,,2,21666,0,43332
T0019,C028,01-03-2024,S003,South,I049,Phone,Electronics,0,45106,,0
T0936,C079,2024-02-05,S004,South,I035,Laptop,Electronics,3,27616,,82848
T0557,C035,01-03-2024,S004,East,I025,Table,Furniture,2,35513,0,71026
T0523,C083,2024/01/02,S004,South,I032,TV,electronics,0,47413,,0
T0581,C108,2024/01/02,S003,South,I099,Chair,Electronics,0,46164,,0
T0528,C117,2024-02-05,S002,West,I067,Phone,Electronics,2,31569,,63138
T0882,C036,2024/01/02,S004,South,I072,Table,Electronics,0,4727,0,0
T0146,C085,01-03-2024,S002,West,I007,Phone,Furniture,3,11291,0,33873
T0665,C070,2024/01/02,S001,East,I065,Chair,,4,34073,500,135792
T0303,C150,2024-02-05,S002,West,I092,TV,Furniture,-1,6803,0,-6803
T0619,C168,01-03-2024,S002,North,I022,Table,Furniture,0,16711,,0
T0747,C092,2024-01-01,S002,West,I069,Table,Furniture,1,45769,0,45769
T0819,C079,01-03-2024,S002,South,I054,Phone,Furniture,2,35004,,70008
T0863,C101,2024/01/02,S002,West,I042,Chair,electronics,3,23795,,71385
T0581,C155,2024-01-01,S001,West,I099,Laptop,electronics,0,44791,,0
T0694,C175,01-03-2024,S001,East,I020,Table,Electronics,0,7058,0,0
T0761,C165,2024-01-01,S002,East,I021,TV,Furniture,2,16733,,33466
T0227,C158,2024-01-01,S002,South,I008,Table,Furniture,-2,2372,500,-5244
T0101,C013,2024-01-01,S004,North,I033,Table,Electronics,3,22522,1000,66566
T0586,C116,01-03-2024,S001,North,I058,Laptop,,3,3118,1000,8354
T0416,C072,2024/01/02,S003,West,I025,Laptop,electronics,-1,13060,500,-13560
T0957,C090,01-03-2024,S001,North,I000,Chair,Furniture,4,2315,1000,8260
T0215,C089,2024/01/02,S003,East,I099,Table,,4,35025,500,139600
T0406,C028,01-03-2024,S004,South,I004,Table,,-1,18280,0,-18280
T0398,C178,01-03-2024,S002,South,I040,Phone,Furniture,0,19728,1000,-1000
T0922,C048,01-03-2024,S004,East,I062,Phone,Furniture,2,15970,500,31440
T0714,C170,2024/01/02,S002,South,I021,TV,,1,396,500,-104
T0703,C071,01-03-2024,S001,West,I067,TV,electronics,0,34795,,0
T0760,C132,2024-01-01,S002,South,I047,Phone,electronics,-1,14678,0,-14678
T0498,C041,01-03-2024,S003,North,I065,TV,Furniture,0,13654,500,-500
T0753,C134,2024-01-01,S003,South,I015,Table,Furniture,2,40289,1000,79578
T0464,C041,2024-02-05,S004,South,I079,Laptop,Electronics,3,21685,,65055
T0690,C163,2024-02-05,S001,East,I052,Table,Electronics,3,34325,,102975
T0948,C104,2024/01/02,S003,East,I085,Phone,electronics,3,3646,,10938
T0973,C026,2024/01/02,S004,North,I064,Chair,Electronics,3,46722,0,140166
T0730,C057,2024-02-05,S001,East,I078,Chair,,4,46183,500,184232
T0081,C045,01-03-2024,S001,North,I063,Phone,,1,40229,0,40229
T0603,C065,01-03-2024,S004,West,I087,Table,,-2,27803,500,-56106
T0946,C024,01-03-2024,S003,North,I067,TV,,4,3764,,15056
T0686,C072,2024-02-05,S003,South,I062,TV,Furniture,1,26265,1000,25265
T0750,C116,2024-01-01,S004,North,I061,Chair,,0,31199,1000,-1000
T0771,C154,2024/01/02,S003,West,I081,Phone,electronics,-1,40522,0,-40522
T0902,C128,2024-01-01,S004,South,I080,Phone,Electronics,2,16579,,33158
T0364,C086,2024-02-05,S003,North,I070,Laptop,electronics,0,42419,500,-500
T0162,C073,2024-01-01,S003,East,I044,Chair,Furniture,-2,6240,0,-12480
T0047,C169,01-03-2024,S004,East,I051,Phone,Electronics,2,17836,,35672
T0510,C179,01-03-2024,S004,East,I073,Laptop,Electronics,2,22241,0,44482
T0328,C152,2024-01-01,S003,North,I064,TV,Electronics,2,21728,1000,42456
T0839,C181,2024-02-05,S004,North,I001,Chair,,0,46962,,0
T0115,C124,2024-01-01,S003,West,I048,Chair,Furniture,-2,27343,0,-54686
T0940,C066,01-03-2024,S002,South,I021,Phone,electronics,0,17314,500,-500
T0848,C005,01-03-2024,S001,South,I095,Phone,,2,18089,1000,35178
T0336,C124,2024-02-05,S001,South,I028,Table,Electronics,2,21129,500,41758
T0880,C057,2024-01-01,S003,South,I034,TV,electronics,4,44870,0,179480
T0736,C069,01-03-2024,S001,North,I080,TV,electronics,-1,8037,,-8037
T0863,C052,01-03-2024,S003,North,I075,Laptop,electronics,1,29803,1000,28803
T0839,C065,2024-01-01,S004,West,I023,Laptop,Furniture,0,45718,500,-500
T0146,C057,2024-01-01,S002,South,I093,Table,,-2,39384,500,-79268
T0574,C081,2024/01/02,S001,North,I029,TV,Furniture,4,16705,,66820
T0805,C086,2024-02-05,S001,North,I083,Laptop,Electronics,2,25206,0,50412
T0322,C001,2024-02-05,S004,North,I041,TV,Electronics,0,6593,500,-500
T0442,C149,2024-01-01,S002,North,I070,TV,electronics,1,32602,0,32602
T0836,C036,2024-02-05,S002,South,I049,Laptop,electronics,0,32435,0,0
T0012,C147,01-03-2024,S002,South,I070,Phone,electronics,1,26057,0,26057
T0942,C102,2024-01-01,S004,North,I059,Phone,Furniture,0,4217,,0
T0493,C023,2024-01-01,S001,East,I029,Laptop,,-1,38276,0,-38276
T0700,C111,2024-01-01,S001,West,I011,Table,Furniture,0,33621,1000,-1000
T0286,C064,2024/01/02,S002,South,I048,Chair,Electronics,4,12601,,50404
T0719,C192,2024-02-05,S004,South,I094,TV,electronics,3,1288,500,3364
T0113,C128,2024/01/02,S004,East,I081,Chair,electronics,-1,47343,,-47343
T0479,C116,01-03-2024,S004,South,I045,Laptop,Furniture,1,32213,500,31713
T0021,C115,2024-02-05,S002,East,I042,TV,Electronics,2,41468,1000,81936
T0348,C104,2024/01/02,S004,East,I001,Chair,,2,43545,0,87090
T0725,C002,2024-01-01,S002,North,I096,Phone,electronics,0,896,0,0
T0682,C045,2024/01/02,S002,South,I074,Table,electronics,-2,47216,0,-94432
T0834,C054,2024-01-01,S002,West,I097,Chair,Electronics,0,14936,0,0
T0565,C074,2024/01/02,S003,East,I079,Table,electronics,-1,5245,,-5245
T0905,C191,2024/01/02,S002,West,I053,Phone,,-1,37039,1000,-38039
T0809,C044,2024/01/02,S004,North,I034,Chair,Furniture,1,8275,500,7775
T0319,C153,2024-01-01,S003,South,I051,Laptop,Electronics,0,49617,,0
T0125,C076,2024/01/02,S001,North,I032,TV,electronics,1,1614,0,1614
T0276,C192,2024-02-05,S001,North,I084,Phone,electronics,-2,15551,0,-31102
T0975,C023,2024-02-05,S004,West,I083,Table,,2,37804,0,75608
T0203,C034,2024-02-05,S004,West,I071,Table,Furniture,2,48493,500,96486
T0193,C023,2024-01-01,S004,East,I050,Phone,,0,16982,500,-500
T0680,C027,2024-01-01,S004,South,I025,Laptop,Furniture,1,11533,,11533
T0663,C015,2024-02-05,S003,North,I096,Laptop,,1,1469,1000,469
T0546,C058,2024-02-05,S004,East,I061,Table,Furniture,-2,14168,500,-28836
T0695,C181,2024-02-05,S002,East,I060,Phone,electronics,1,41758,,41758
T0285,C143,01-03-2024,S001,North,I025,Phone,electronics,3,8216,500,24148
T0056,C014,2024-02-05,S004,North,I036,TV,electronics,3,43787,,131361
T0733,C010,2024/01/02,S002,East,I029,Table,Electronics,-1,26926,0,-26926
T0302,C192,01-03-2024,S004,North,I094,Laptop,Furniture,3,43553,500,130159
T0162,C078,01-03-2024,S002,North,I096,Chair,Electronics,3,31337,0,94011
T0018,C114,2024-01-01,S003,West,I010,Laptop,Furniture,-1,5464,1000,-6464
T0369,C067,2024/01/02,S001,South,I052,Laptop,electronics,3,190,0,570
T0263,C042,2024-01-01,S001,East,I040,Chair,Electronics,3,12186,1000,35558
T0793,C068,2024-01-01,S003,North,I004,Table,Electronics,-1,11489,500,-11989
T0112,C140,2024/01/02,S002,East,I065,TV,,0,16955,1000,-1000
T0487,C137,2024-01-01,S004,South,I012,Laptop,Furniture,4,38952,0,155808
T0326,C074,2024/01/02,S002,East,I062,Laptop,,-1,42325,500,-42825
T0541,C102,2024/01/02,S001,East,I081,Table,Electronics,-1,27484,,-27484
T0646,C040,2024-01-01,S003,East,I089,Table,Electronics,3,1211,500,3133
T0578,C177,2024-02-05,S003,West,I024,Phone,electronics,2,33465,,66930
T0064,C198,2024-01-01,S002,South,I043,Table,,4,11508,0,46032
T0291,C058,01-03-2024,S002,South,I013,Table,,3,24102,500,71806
T0024,C038,2024-01-01,S003,East,I068,Laptop,,0,17838,,0
T0548,C002,2024/01/02,S001,East,I058,TV,Furniture,-1,40745,0,-40745
T0000,C006,01-03-2024,S004,South,I055,Laptop,Electronics,-2,12238,1000,-25476
T0910,C048,2024/01/02,S004,North,I051,Table,,-1,11527,,-11527
T0548,C025,2024-02-05,S002,West,I065,Phone,electronics,4,10996,1000,42984
T0140,C160,2024-02-05,S003,South,I067,TV,Electronics,0,2489,500,-500
T0743,C100,01-03-2024,S003,East,I011,Phone,electronics,4,15460,,61840
T0647,C175,2024-02-05,S003,North,I074,Chair,Electronics,1,36943,0,36943
T0900,C078,2024-02-05,S001,North,I067,Phone,electronics,4,28326,0,113304
T0187,C001,2024-01-01,S002,North,I042,Phone,,3,16947,1000,49841
T0127,C126,2024-01-01,S002,West,I072,Table,,2,47665,0,95330
T0200,C198,2024-02-05,S002,West,I073,Table,electronics,2,17556,500,34612
T0126,C159,2024-02-05,S001,South,I090,Table,Furniture,3,5546,500,16138
T0256,C131,2024-01-01,S002,South,I005,Table,electronics,3,16957,1000,49871
T0675,C019,2024-02-05,S004,South,I014,Table,Electronics,0,37851,,0
T0546,C116,2024-02-05,S002,South,I041,Phone,electronics,-1,33806,0,-33806
T0193,C163,2024/01/02,S002,East,I030,Chair,electronics,-2,14803,500,-30106
T0702,C031,2024-02-05,S002,West,I085,Table,Electronics,-1,17794,,-17794
T0103,C027,01-03-2024,S001,North,I052,Chair,,-1,40059,500,-40559
T0534,C076,2024/01/02,S004,East,I005,Chair,Electronics,-2,15158,500,-30816
T0264,C000,01-03-2024,S004,South,I032,Laptop,electronics,2,4156,,8312
T0801,C187,2024-02-05,S003,South,I028,Laptop,Electronics,-1,12955,,-12955
T0941,C055,2024-01-01,S003,East,I020,TV,electronics,1,23588,0,23588
T0973,C034,2024/01/02,S004,North,I053,Laptop,,1,15872,1000,14872
T0383,C111,2024-01-01,S002,West,I055,Table,electronics,0,23216,1000,-1000
T0259,C029,2024/01/02,S002,West,I093,Chair,electronics,0,33127,500,-500
T0413,C053,2024-01-01,S002,North,I020,TV,,4,1756,1000,6024
T0990,C035,2024/01/02,S001,West,I099,Laptop,Electronics,-2,44015,500,-88530
T0357,C182,2024/01/02,S002,South,I054,Phone,Furniture,-2,28955,,-57910
T0074,C079,01-03-2024,S001,South,I057,TV,Furniture,0,44179,500,-500
T0354,C057,2024-01-01,S004,South,I063,Table,electronics,3,39158,0,117474
T0583,C082,01-03-2024,S002,South,I085,Chair,electronics,-1,6013,500,-6513
T0770,C064,01-03-2024,S002,North,I045,Table,,3,8073,500,23719
T0909,C068,2024-01-01,S003,West,I083,Table,Electronics,2,17075,0,34150
T0187,C127,2024/01/02,S004,West,I021,Phone,Furniture,1,42492,0,42492
T0972,C050,01-03-2024,S002,East,I059,Phone,Furniture,-2,13405,1000,-27810
T0684,C021,2024-01-01,S001,North,I010,Chair,,0,10779,,0
T0991,C106,2024/01/02,S004,West,I046,Laptop,,1,22061,,22061
T0289,C108,01-03-2024,S003,West,I030,Table,Furniture,3,328,0,984
T0044,C115,01-03-2024,S004,East,I076,Laptop,Electronics,-2,15743,,-31486
T0572,C100,01-03-2024,S001,South,I017,Chair,Electronics,-2,27455,500,-55410
T0082,C180,2024/01/02,S003,West,I021,Table,Electronics,4,42428,,169712
T0122,C099,01-03-2024,S001,South,I055,Laptop,electronics,-1,18108,0,-18108
T0357,C163,2024/01/02,S004,East,I016,Table,Electronics,-2,23574,,-47148
T0527,C067,2024-02-05,S003,West,I037,Phone,electronics,2,4079,0,8158
T0065,C035,01-03-2024,S001,South,I024,Phone,electronics,-2,46443,1000,-93886
T0935,C179,2024-02-05,S004,North,I031,TV,,2,839,0,1678
T0656,C180,2024-01-01,S001,South,I014,Chair,electronics,3,39389,500,117667
T0374,C177,01-03-2024,S002,South,I012,Laptop,electronics,4,19658,500,78132
T0161,C168,2024-01-01,S004,South,I057,Table,,-1,37917,500,-38417
T0745,C145,2024-01-01,S003,South,I089,TV,Electronics,4,26746,0,106984
T0379,C021,2024-01-01,S003,North,I049,Chair,Electronics,2,38254,0,76508
T0655,C065,2024-02-05,S002,East,I010,Chair,Furniture,3,32372,500,96616
T0357,C020,2024/01/02,S001,South,I012,Chair,Furniture,1,37439,,37439
T0187,C099,2024-02-05,S001,South,I096,Laptop,electronics,4,48155,0,192620
T0321,C127,2024-02-05,S003,West,I049,Phone,Furniture,4,14360,,57440
T0449,C043,2024-01-01,S001,West,I037,TV,,-2,6694,1000,-14388
T0473,C102,01-03-2024,S004,North,I000,Laptop,Furniture,4,13285,1000,52140
T0012,C046,2024/01/02,S004,North,I038,Table,Furniture,0,12672,1000,-1000
T0183,C038,2024-01-01,S003,North,I026,Laptop,electronics,0,40348,1000,-1000
T0110,C028,2024/01/02,S004,West,I035,Table,,2,17669,500,34838
T0926,C053,2024-02-05,S003,South,I031,Table,Furniture,-1,17073,0,-17073
T0507,C089,2024/01/02,S001,West,I040,Chair,Electronics,2,4317,1000,7634
T0289,C084,2024/01/02,S001,East,I014,Laptop,,4,7748,500,30492
T0294,C016,01-03-2024,S001,North,I030,Phone,,4,17619,1000,69476
T0450,C079,2024-01-01,S002,North,I005,Table,electronics,3,46418,0,139254
T0903,C187,2024/01/02,S003,North,I088,Chair,,4,32053,1000,127212
T0214,C158,2024/01/02,S004,East,I051,Phone,,3,19904,1000,58712
